1	1852
2	90
3	277
4	329
5	15
6	8
7	30
8	165
9	156
10	2572
11	104
12	246
13	9
14	17
15	4
16	19
17	18
18	137
19	4
20	6
21	10
22	43
23	1068
24	13
25	2166
26	334
27	184
28	706
29	218
30	81
31	96
32	543
33	32
34	6536
35	311
36	129
37	769
38	17
39	9
40	79
41	49
42	13
43	221
44	391
45	18413
46	151
47	333
48	10
49	2308
50	287
51	7
52	28
53	151
54	1095
55	40
56	30
57	157
58	69
59	28
60	51
61	17
62	27
63	1129
64	20
65	157
66	236
67	41
68	62
69	19
70	155
71	37
72	13
73	29
74	180
75	102
76	3
77	298
78	11
79	3585
80	4
81	43
82	35
83	594
84	124
85	4
86	130
87	747
88	18
89	34
90	47
91	5
92	5
93	1843
94	879
95	2787
96	198
97	168
98	39
99	646
100	437
101	177
102	185
103	8
104	100
105	18
106	498
107	60
108	145
109	51
110	14
111	93
112	63
113	106
114	35
115	388
116	4359
117	3636
118	216
119	30
120	14
121	1202
122	162
123	846
124	166
125	28
126	223
127	449
128	1108
129	273
130	3864
131	126
132	100
133	17
134	37
135	6
136	42
137	308
138	294
139	24
140	22
141	3639
142	22
143	23
144	39
145	74
146	101
147	14
148	4903
149	584
150	206
151	5
152	11
153	44
154	30
155	59
156	207
157	54
158	181
159	61
160	3282
161	10
162	4919
163	9
164	8
165	1343
166	4
167	13
168	54
169	1877
170	3
171	4
172	97
173	14
174	18
175	6
176	181
177	183
178	41
179	73
180	32
181	287
182	5
183	7
184	1040
185	75
186	581
187	269
188	225
189	29
190	154
191	18
192	35
193	10
194	452
195	32
196	35791
197	15
198	43
199	267
200	8
201	17
202	13
203	31
204	4931
205	83
206	184
207	849
208	27
209	80
210	4552
211	377
212	221
213	111
214	17
215	353
216	552
217	246
218	12
219	624
220	7
221	47
222	497
223	121
224	2
225	6
226	1541
227	7
228	1558
229	83
230	21
231	13
232	69
233	113
234	158
235	28
236	7
237	100
238	26
239	188
240	31
241	46
242	138
243	32
244	41
245	36
246	826
247	57
248	6371
249	5
250	14
251	24
252	3
253	53
254	63
255	53
256	391
257	33
258	2033
259	3
260	23900
261	1417
262	179
263	172
264	3025
265	7
266	103
267	162
268	6
269	8
270	187
271	31
272	14
273	1323
274	2205
275	143
276	2454
277	3037
278	897
279	194
280	1186
281	194
282	138
283	3030
284	174
285	156
286	208
287	3107
288	296
289	6
290	81
291	15
292	29
293	183
294	1016
295	49
296	10
297	42
298	43
299	12
300	393
301	17
302	10
303	26
304	103
305	228
306	44
307	251
308	9
309	30
310	1103
311	8212
312	5
313	8
314	7
315	28
316	35
317	74
318	14
319	201
320	4
321	22
322	317
323	24
324	13
325	1104
326	49
327	715
328	7
329	15459
330	657
331	13
332	49
333	65
334	278
335	193
336	26
337	32
338	17
339	191
340	569
341	36
342	121
343	3180
344	3
345	6
346	3
347	747
348	51
349	149
350	534
351	262
352	558
353	220
354	335
355	49
356	28
357	6
358	314
359	186
360	209
361	34
362	29
363	62
364	68
365	7830
366	76
367	135
368	56
369	4
370	4
371	7
372	49
373	122
374	16
375	101
376	38
377	288
378	395
379	6
380	85
381	33
382	63
383	151
384	5
385	77
386	108
387	98
388	388
389	1687
390	10
391	91
392	56
393	25
394	29
395	29
396	34
397	4334
398	17
399	23
400	96
401	324
402	58
403	404
404	54
405	1272
406	57
407	14
408	19
409	8
410	11
411	15
412	9
413	7
414	17
415	168
416	31
417	4
418	194
419	214
420	17
421	528
422	22
423	6
424	2748
425	15
426	61
427	226
428	215
429	2471
430	9
431	14
432	30935
433	41
434	35
435	76
436	4831
437	8
438	10
439	10
440	4
441	2
442	72
443	353
444	101
445	427
446	452
447	27
448	8
449	1527
450	3
451	9
452	11
453	50
454	16
455	853
456	266
457	661
458	16
459	2765
460	3
461	7
462	45
463	32
464	5
465	80
466	101
467	91
468	141
469	96
470	150
471	138
472	23
473	3
474	8
475	6
476	12
477	26
478	101
479	24
480	837
481	3020
482	28
483	72
484	94
485	22
486	1729
487	13
488	105
489	30
490	12
491	11
492	20
493	342
494	3
495	450
496	37
497	4
498	201
499	24
500	1770
501	40
502	511
503	68
504	4
505	39
506	38
507	78
508	158
509	51
510	8
511	5
512	289
513	207
514	68
515	147
516	1229
517	622
518	112
519	953
520	22
521	436
522	274
523	72
524	45
525	18
526	10
527	52
528	30
529	28
530	177
531	120
532	17
533	7
534	14
535	152
536	334
537	62
538	4
539	126
540	9
541	214
542	12
543	27
544	561
545	26
546	2926
547	21
548	98
549	38
550	39
551	36
552	362
553	13
554	1284
555	22
556	5
557	324
558	58
559	28
560	29
561	6
562	3
563	94
564	8
565	46
566	107
567	61
568	64
569	14
570	4
571	65
572	24
573	12
574	3
575	193
576	104
577	141
578	155
579	17
580	14
581	6735
582	84
583	14
584	184
585	9
586	62
587	36
588	1312
589	81
590	51
591	55
592	49
593	204
594	817
595	71
596	8
597	44
598	113
599	9
600	100
601	79
602	24
603	34
604	110
605	4258
606	112
607	57
608	23
609	9
610	27
611	2147
612	70
613	69
614	127
615	246
616	126
617	409
618	4
619	7
620	5
621	13
622	91
623	27
624	26
625	831
626	662
627	16
628	13
629	54
630	484
631	147
632	49
633	357
634	109
635	84
636	29
637	82
638	52
639	9
640	402
641	24
642	138
643	49
644	1199
645	147
646	41
647	7
648	724
649	1212
650	114
651	15035
652	12
653	175
654	15
655	31
656	3
657	10
658	43
659	259
660	14
661	17
662	25
663	836
664	182
665	11
666	185
667	51
668	123
669	386
670	31
671	600
672	3
673	726
674	56
675	125
676	27
677	144
678	28
679	40
680	53
681	4
682	78
683	181
684	5
685	148
686	13
687	7
688	10
689	25
690	27
691	3151
692	90
693	18
694	80
695	682
696	10
697	432
698	19
699	214
700	28
701	3
702	194
703	804
704	10
705	419
706	12
707	15
708	13
709	29
710	10
711	113
712	967
713	34
714	774
715	7
716	48
717	1474
718	10
719	4
720	9
721	4
722	656
723	706
724	102
725	27
726	422
727	86
728	70
729	23
730	111
731	69
732	35
733	14
734	43
735	146
736	18
737	205
738	649
739	23
740	221
741	20
742	1203
743	699
744	317
745	9
746	14
747	265
748	39
749	29
750	7
751	12
752	33
753	61
754	14
755	231
756	191
757	54
758	464
759	112
760	679
761	6
762	19
763	150
764	4
765	116
766	429
767	20
768	185
769	523
770	6
771	197
772	7
773	8
774	27
775	395
776	30
777	274
778	707
779	191
780	638
781	8326
782	271
783	4
784	248
785	44
786	18
787	5
788	623
789	49
790	3700
791	8
792	39
793	42
794	813
795	340
796	51
797	13
798	54
799	9
800	10
801	31
802	27
803	3
804	9
805	27
806	86
807	15
808	12
809	621
810	2382
811	4
812	3842
813	65
814	27
815	9
816	109
817	11
818	22
819	26
820	1240
821	18
822	7
823	314
824	12
825	6
826	72
827	16
828	139
829	15
830	9
831	68
832	9
833	12
834	49
835	52
836	238
837	514
838	22
839	55
840	12
841	14
842	20
843	6
844	142
845	123
846	28
847	15
848	19
849	238
850	94
851	7
852	898
853	387
854	159
855	17
856	24
857	589
858	15
859	1479
860	22
861	15
862	9
863	223
864	7
865	75
866	69
867	9
868	7
869	80
870	17
871	7
872	145
873	199
874	240
875	53
876	6
877	1172
878	759
879	107
880	341
881	2324
882	4
883	222
884	1002
885	29
886	24
887	16
888	170
889	812
890	21997
891	21
892	65
893	91
894	50
895	3478
896	23
897	9
898	158
899	58
900	68
901	20
902	3
903	304
904	123
905	5
906	23
907	2025
908	59
909	7
910	14
911	80
912	15
913	781
914	35
915	10
916	11
917	44
918	71
919	38
920	3157
921	159
922	9
923	12
924	8
925	327
926	281
927	571
928	737
929	44
930	196
931	4
932	473
933	134
934	26
935	287
936	6
937	391
938	138
939	2170
940	885
941	1411
942	3
943	42
944	9
945	1365
946	9
947	4
948	23
949	38
950	6
951	29
952	782
953	32
954	8
955	197
956	15
957	9
958	68
959	263
960	64
961	475
962	71
963	28
964	7
965	2
966	38
967	315
968	238
969	366
970	152
971	17
972	1215
973	5
974	6
975	220
976	65
977	141
978	47
979	93
980	200
981	57
982	68
983	14
984	40
985	55
986	16
987	23
988	15
989	22
990	551
991	23
992	16
993	15
994	566
995	146
996	168
997	98
998	11
999	293
1000	2610
1001	40
1002	1
1003	627
1004	282
1005	463
1006	3767
1007	46
1008	37
1009	12
1010	7
1011	14
1012	113
1013	18
1014	3
1015	70
1016	46
1017	1697
1018	36
1019	8
1020	26
1021	29
1022	263
1023	25
1024	57
1025	11930
1026	6
1027	116
1028	310
1029	5
1030	5
1031	48
1032	284
1033	18
1034	249
1035	918
1036	68
1037	172
1038	33
1039	1117
1040	14
1041	44
1042	48
1043	60
1044	10
1045	49
1046	26
1047	45
1048	239
1049	39
1050	39
1051	11
1052	13
1053	28
1054	9
1055	14
1056	27
1057	1048
1058	42
1059	51
1060	17
1061	3
1062	1014
1063	2536
1064	12
1065	274
1066	2
1067	155
1068	49
1069	2895
1070	55
1071	243
1072	7
1073	644
1074	69
1075	6
1076	977
1077	25
1078	125
1079	79
1080	496
1081	16
1082	20
1083	61
1084	117
1085	7
1086	881
1087	423
1088	44
1089	14
1090	7460
1091	11
1092	11
1093	33
1094	957
1095	8
1096	640
1097	47
1098	105
1099	1295
1100	239
1101	7
1102	3
1103	2567
1104	1079
1105	111
1106	389
1107	11
1108	75
1109	49
1110	615
1111	105
1112	620
1113	5
1114	22
1115	448
1116	29
1117	5132
1118	270
1119	70
1120	307
1121	297
1122	149
1123	10
1124	202
1125	11
1126	71
1127	10
1128	37
1129	123
1130	168
1131	455
1132	298
1133	8
1134	781
1135	15
1136	79
1137	7
1138	328
1139	481
1140	336
1141	53
1142	540
1143	25
1144	135
1145	27
1146	63
1147	8
1148	689
1149	20
1150	35
1151	231
1152	8
1153	11
1154	677
1155	43
1156	153
1157	1031
1158	17699
1159	263
1160	3235
1161	49
1162	19
1163	6
1164	15
1165	13
1166	213
1167	21
1168	99
1169	255
1170	13
1171	13
1172	293
1173	7
1174	30
1175	28
1176	881
1177	137
1178	11
1179	222
1180	44
1181	3476
1182	21
1183	408
1184	23
1185	1401
1186	149
1187	117
1188	320
1189	37
1190	250
1191	54
1192	51
1193	76
1194	11110
1195	44
1196	18
1197	738
1198	99
1199	1134
1200	732
1201	24
1202	4376
1203	2683
1204	173
1205	61
1206	55
1207	84
1208	512
1209	6
1210	193
1211	110
1212	96
1213	71
1214	326
1215	7093
1216	493
1217	4196
1218	17
1219	374
1220	3
1221	4
1222	58
1223	4
1224	49
1225	25
1226	58
1227	59
1228	423
1229	25
1230	14
1231	217
1232	184
1233	410
1234	3465
1235	405
1236	101
1237	5
1238	19
1239	13
1240	2681
1241	499
1242	310
1243	18
1244	10518
1245	4
1246	85
1247	238
1248	30
1249	30
1250	177
1251	23
1252	25
1253	201
1254	16
1255	7
1256	7
1257	110
1258	72
1259	7
1260	7
1261	160
1262	5
1263	3450
1264	26
1265	22
1266	312
1267	150
1268	49
1269	115
1270	10
1271	6
1272	192
1273	142
1274	18
1275	8
1276	23
1277	10
1278	16
1279	28
1280	4
1281	128
1282	149
1283	29
1284	219
1285	33
1286	5
1287	322
1288	3
1289	49
1290	9
1291	2
1292	10
1293	119
1294	68
1295	125
1296	6
1297	13
1298	16
1299	195
1300	6
1301	562
1302	12
1303	23
1304	15
1305	12
1306	245
1307	9
1308	646
1309	23
1310	110
1311	151
1312	54
1313	2346
1314	25
1315	5
1316	11
1317	17
1318	106
1319	275
1320	12
1321	38
1322	313
1323	773
1324	43
1325	42
1326	180
1327	435
1328	76
1329	83
1330	930
1331	21
1332	72
1333	53
1334	46
1335	1282
1336	172
1337	976
1338	197
1339	7
1340	59
1341	70
1342	11
1343	19
1344	4
1345	16
1346	161
1347	1136
1348	146
1349	73
1350	12
1351	73
1352	86
1353	10
1354	674
1355	3
1356	778
1357	148
1358	203
1359	2839
1360	5139
1361	35
1362	31
1363	4
1364	2915
1365	720
1366	385
1367	38
1368	338
1369	128
1370	11
1371	232
1372	5
1373	381
1374	2174
1375	8
1376	2691
1377	1368
1378	139
1379	797
1380	25
1381	4
1382	254
1383	16
1384	6
1385	10
1386	43
1387	424
1388	21
1389	5
1390	152
1391	510
1392	958
1393	643
1394	57
1395	72
1396	798
1397	77
1398	4244
1399	401
1400	17
1401	12
1402	2228
1403	11
1404	4
1405	980
1406	1083
1407	32
1408	7752
1409	1088
1410	3
1411	225
1412	19
1413	7
1414	4
1415	11
1416	1347
1417	14
1418	5
1419	8
1420	105
1421	17
1422	204
1423	121
1424	18
1425	13
1426	326
1427	392
1428	5
1429	509
1430	27
1431	23
1432	214
1433	16
1434	284
1435	27
1436	56
1437	335
1438	71
1439	582
1440	1277
1441	7
1442	12
1443	2221
1444	6
1445	56
1446	1185
1447	2144
1448	17
1449	384
1450	482
1451	140
1452	506
1453	7
1454	13
1455	101
1456	76
1457	17
1458	544
1459	13
1460	222
1461	388
1462	73
1463	27992
1464	916
1465	237
1466	5
1467	842
1468	5512
1469	14
1470	6
1471	213
1472	43
1473	58
1474	3
1475	17
1476	487
1477	45
1478	8
1479	8
1480	11
1481	484
1482	35
1483	705
1484	5
1485	1538
1486	81
1487	48
1488	71
1489	19
1490	152
1491	12
1492	255
1493	17
1494	71
1495	70
1496	23
1497	17
1498	899
1499	4
1500	68
1501	5
1502	5
1503	2480
1504	140
1505	199
1506	40
1507	16
1508	16
1509	104
1510	7
1511	13397
1512	3
1513	48
1514	1273
1515	60
1516	4771
1517	68
1518	51
1519	405
1520	44
1521	157
1522	264
1523	34
1524	53
1525	496
1526	3
1527	13
1528	7
1529	8736
1530	191
1531	15
1532	8
1533	33
1534	147
1535	21
1536	468
1537	32
1538	88
1539	50
1540	1686
1541	1471
1542	623
1543	642
1544	8
1545	604
1546	1215
1547	175
1548	46
1549	83
1550	12
1551	9
1552	104
1553	430
1554	37
1555	34
1556	697
1557	39
1558	209
1559	6858
1560	891
1561	3
1562	12
1563	115
1564	40
1565	33
1566	45
1567	23
1568	21
1569	67
1570	39
1571	118
1572	11
1573	55
1574	81
1575	99
1576	331
1577	1922
1578	853
1579	109
1580	4
1581	365
1582	1204
1583	446
1584	5
1585	81
1586	33
1587	147
1588	94
1589	25
1590	6
1591	18
1592	161
1593	48
1594	10
1595	117
1596	133
1597	30
1598	658
1599	722
1600	204
1601	35
1602	76
1603	166
1604	56
1605	108
1606	5
1607	38
1608	5
1609	156
1610	47
1611	29
1612	400
1613	11
1614	348
1615	8
1616	1019
1617	10
1618	1392
1619	6
1620	216
1621	520
1622	8
1623	15
1624	6
1625	10
1626	5
1627	6
1628	78
1629	87
1630	93
1631	789
1632	17
1633	486
1634	89
1635	81
1636	4
1637	12
1638	56
1639	766
1640	2433
1641	15
1642	226
1643	610
1644	119
1645	27
1646	125
1647	23
1648	309
1649	584
1650	18
1651	8
1652	154
1653	572
1654	44
1655	6
1656	8
1657	6
1658	391
1659	18
1660	4
1661	483
1662	6
1663	69
1664	60
1665	146
1666	3
1667	18
1668	57
1669	32
1670	116
1671	75
1672	15
1673	76
1674	272
1675	21
1676	12
1677	11
1678	56
1679	18
1680	55
1681	29
1682	108
1683	21
1684	8
1685	649
1686	52
1687	13
1688	1100
1689	2344
1690	23
1691	112
1692	234
1693	244
1694	418
1695	5930
1696	71
1697	23
1698	7
1699	9
1700	7788
1701	34
1702	848
1703	32
1704	107
1705	32
1706	122
1707	4
1708	19
1709	418
1710	1712
1711	256
1712	1708
1713	481
1714	70
1715	13
1716	167
1717	8
1718	5
1719	340
1720	5
1721	14
1722	53
1723	403
1724	21
1725	196
1726	282
1727	136
1728	321
1729	1762
1730	9
1731	77
1732	33
1733	6
1734	19
1735	14
1736	64
1737	97
1738	23
1739	15
1740	50
1741	40
1742	10
1743	185
1744	1220
1745	23
1746	4
1747	1448
1748	29
1749	1424
1750	10
1751	261
1752	2423
1753	6
1754	17
1755	75
1756	90
1757	1790
1758	20
1759	4
1760	61
1761	8
1762	67
1763	175
1764	5
1765	8
1766	88
1767	118
1768	16
1769	4
1770	16
1771	31
1772	31
1773	12
1774	1388
1775	527
1776	194
1777	27
1778	29
1779	21
1780	39
1781	6
1782	504
1783	1002
1784	17
1785	17
1786	26
1787	1749
1788	133
1789	5
1790	9
1791	3
1792	16
1793	50
1794	95
1795	10
1796	16
1797	10
1798	30
1799	35
1800	11
1801	174
1802	8
1803	65
1804	1805
1805	7
1806	15
1807	105
1808	275
1809	17
1810	30
1811	718
1812	15
1813	19
1814	55
1815	9
1816	38
1817	113
1818	699
1819	2424
1820	146
1821	33
1822	265
1823	378
1824	1455
1825	237
1826	975
1827	74
1828	87
1829	10
1830	698
1831	2878
1832	5
1833	70
1834	109
1835	601
1836	21
1837	24
1838	90
1839	12
1840	5
1841	292
1842	13
1843	88
1844	20
1845	242
1846	499
1847	11
1848	600
1849	52
1850	35
1851	56
1852	88
1853	144
1854	69
1855	64
1856	4
1857	7
1858	65
1859	3
1860	60
1861	39
1862	937
1863	16
1864	39
1865	20
1866	36
1867	6
1868	316
1869	32
1870	313
1871	461
1872	12
1873	158
1874	42
1875	1706
1876	14
1877	160
1878	124
1879	772
1880	99
1881	65
1882	56
1883	959
1884	111
1885	18
1886	24
1887	72
1888	135
1889	10
1890	4739
1891	2230
1892	13
1893	6
1894	31
1895	40
1896	2435
1897	310
1898	104
1899	7
1900	31
1901	4
1902	424
1903	14
1904	26
1905	486
1906	80
1907	1013
1908	1
1909	352
1910	10
1911	138
1912	8
1913	27
1914	78
1915	114
1916	114
1917	10
1918	81
1919	281
1920	31
1921	10
1922	22
1923	60
1924	312
1925	561
1926	72
1927	8
1928	75
1929	214
1930	289
1931	90
1932	242
1933	16
1934	498
1935	2396
1936	158
1937	112
1938	1454
1939	1851
1940	23244
1941	54
1942	1322
1943	187
1944	48
1945	5
1946	68
1947	1356
1948	27
1949	18
1950	297
1951	38
1952	212
1953	35
1954	20
1955	81
1956	62
1957	1543
1958	264
1959	33
1960	38
1961	23
1962	211
1963	142
1964	121
1965	85
1966	59
1967	13
1968	22
1969	669
1970	588
1971	13
1972	33
1973	102
1974	74
1975	55
1976	45
1977	14
1978	30
1979	1809
1980	47
1981	576
1982	65
1983	5
1984	128
1985	11
1986	112
1987	88
1988	50
1989	123
1990	16
1991	194
1992	17
1993	405
1994	2078
1995	66
1996	7
1997	28
1998	357
1999	11297
2000	11
2001	14
2002	2832
2003	4
2004	131
2005	398
2006	10
2007	155
2008	23
2009	205
2010	808
2011	79
2012	388
2013	5
2014	2529
2015	1462
2016	58
2017	82
2018	9
2019	664
2020	10
2021	147
2022	604
2023	19
2024	1822
2025	6
2026	509
2027	51
2028	40
2029	307
2030	45
2031	9
2032	4
2033	191
2034	18
2035	152
2036	12
2037	19
2038	782
2039	79
2040	336
2041	20
2042	14
2043	943
2044	43
2045	12
2046	29
2047	8
2048	24
2049	37
2050	1310
2051	299
2052	71
2053	244
2054	874
2055	154
2056	29
2057	426
2058	10
2059	3
2060	8
2061	8
2062	211
2063	2840
2064	688
2065	69
2066	3
2067	3138
2068	7
2069	6
2070	156
2071	13
2072	27
2073	438
2074	21
2075	87
2076	109
2077	469
2078	19846
2079	457
2080	8
2081	1416
2082	38
2083	3
2084	18
2085	127
2086	18231
2087	569
2088	298
2089	128
2090	218
2091	8775
2092	605
2093	6
2094	526
2095	53
2096	13
2097	243
2098	13
2099	3606
2100	12
2101	222
2102	1170
2103	998
2104	27
2105	72
2106	316
2107	14
2108	976
2109	231
2110	385
2111	168
2112	16
2113	534
2114	61
2115	259
2116	598
2117	72
2118	128
2119	181
2120	8246
2121	143
2122	5
2123	45
2124	1798
2125	5
2126	13
2127	53
2128	20
2129	32
2130	1048
2131	26
2132	1400
2133	33
2134	16
2135	558
2136	28
2137	56
2138	176
2139	35
2140	60
2141	680
2142	57
2143	20
2144	435
2145	4
2146	198
2147	29
2148	143
2149	34
2150	225
2151	1123
2152	152
2153	41
2154	1426
2155	9
2156	16
2157	36
2158	13
2159	5
2160	19
2161	5
2162	26
2163	201
2164	1434
2165	13
2166	19
2167	81
2168	44
2169	53
2170	284
2171	21
2172	61
2173	21
2174	20
2175	150
2176	175
2177	25
2178	281
2179	361
2180	6328
2181	23
2182	14
2183	197
2184	54
2185	27
2186	493
2187	882
2188	53
2189	46
2190	23
2191	26
2192	372
2193	3
2194	42
2195	8
2196	6
2197	8
2198	148
2199	42
2200	11
2201	72
2202	472
2203	57
2204	4
2205	1109
2206	8
2207	7
2208	4
2209	19
2210	4325
2211	105
2212	63
2213	20
2214	172
2215	8
2216	18
2217	4
2218	3
2219	52
2220	21
2221	82
2222	4
2223	5
2224	122
2225	484
2226	19
2227	21
2228	10584
2229	1379
2230	15
2231	215
2232	583
2233	44
2234	670
2235	132
2236	57
2237	846
2238	3012
2239	93
2240	1689
2241	22
2242	276
2243	142
2244	11
2245	1425
2246	5
2247	106
2248	7
2249	30
2250	42
2251	8
2252	5
2253	34
2254	22
2255	31
2256	254
2257	116
2258	39
2259	8
2260	40
2261	30
2262	113
2263	288
2264	11
2265	360
2266	7
2267	6
2268	63
2269	746
2270	895
2271	92
2272	1934
2273	98
2274	64
2275	1373
2276	8
2277	180
2278	311
2279	10
2280	530
2281	14
2282	187
2283	32
2284	25
2285	4
2286	12
2287	6
2288	60
2289	54
2290	19
2291	15
2292	21
2293	6
2294	59
2295	25459
2296	7
2297	68
2298	2754
2299	36
2300	27
2301	67
2302	18
2303	6
2304	247
2305	964
2306	5
2307	7
2308	24
2309	2544
2310	171
2311	1145
2312	145
2313	4
2314	10434
2315	84
2316	151
2317	49
2318	3
2319	71
2320	286
2321	95
2322	759
2323	177
2324	7
2325	17
2326	8202
2327	340
2328	57
2329	18
2330	5
2331	6
2332	292
2333	17
2334	136
2335	71
2336	151
2337	72
2338	326
2339	587
2340	53
2341	29
2342	32
2343	14
2344	3688
2345	23
2346	19
2347	6
2348	21
2349	135
2350	3636
2351	188
2352	17
2353	416
2354	41
2355	6
2356	27
2357	57
2358	12
2359	220
2360	542
2361	5502
2362	195
2363	37
2364	109
2365	49
2366	106
2367	29
2368	400
2369	17
2370	46
2371	201
2372	40
2373	31
2374	984
2375	15
2376	313
2377	82
2378	203
2379	46
2380	1683
2381	5
2382	386
2383	759
2384	7
2385	19
2386	622
2387	13
2388	255
2389	126
2390	1760
2391	678
2392	37
2393	12
2394	18
2395	93
2396	9
2397	742
2398	138
2399	43
2400	4
2401	7
2402	9
2403	13
2404	97
2405	61
2406	30
2407	18
2408	1541
2409	99
2410	50
2411	142
2412	26
2413	233
2414	36
2415	20
2416	854
2417	4
2418	32
2419	17
2420	8
2421	942
2422	241
2423	7
2424	11
2425	926
2426	1191
2427	52
2428	9
2429	1150
2430	69
2431	415
2432	357
2433	2594
2434	182
2435	1409
2436	45
2437	160
2438	25
2439	296
2440	7
2441	8
2442	14
2443	200
2444	11
2445	7
2446	249
2447	2761
2448	6
2449	644
2450	8992
2451	14
2452	10462
2453	176
2454	18
2455	5
2456	184
2457	630
2458	573
2459	86
2460	141
2461	6
2462	351
2463	235
2464	8
2465	32
2466	114
2467	9
2468	229
2469	1423
2470	1022
2471	49
2472	16
2473	305
2474	5
2475	247
2476	121
2477	196
2478	48
2479	12
2480	5488
2481	2283
2482	309
2483	13
2484	2
2485	7
2486	20
2487	48
2488	424
2489	167
2490	46
2491	24
2492	38
2493	339
2494	54
2495	771
2496	27
2497	63
2498	148
2499	15
2500	3
2501	7
2502	34
2503	54
2504	174
2505	4
2506	27
2507	5
2508	49
2509	326
2510	274
2511	5
2512	1656
2513	806
2514	77
2515	142
2516	339
2517	489
2518	31
2519	2751
2520	82
2521	88
2522	255
2523	107
2524	225
2525	87
2526	60
2527	17
2528	50
2529	29
2530	15
2531	21
2532	34
2533	299
2534	53
2535	2130
2536	2221
2537	3590
2538	711
2539	695
2540	998
2541	291
2542	77
2543	359
2544	314
2545	763
2546	8
2547	585
2548	5
2549	38
2550	76
2551	65
2552	1399
2553	8
2554	6
2555	61
2556	474
2557	22
2558	26
2559	408
2560	8
2561	44
2562	923
2563	102
2564	294
2565	77
2566	352
2567	67
2568	334
2569	70
2570	16
2571	10
2572	29
2573	1212
2574	478
2575	249
2576	8
2577	17
2578	82
2579	604
2580	207
2581	3901
2582	191
2583	10
2584	65
2585	133
2586	29
2587	322
2588	512
2589	301
2590	41
2591	6
2592	337
2593	1666
2594	40
2595	38
2596	2574
2597	1377
2598	3
2599	13
2600	7
2601	93
2602	88
2603	6
2604	1027
2605	7
2606	6
2607	23
2608	12
2609	133
2610	21
2611	7083
2612	122
2613	18
2614	71
2615	9
2616	253
2617	41
2618	73
2619	22
2620	17
2621	12
2622	483
2623	8
2624	9
2625	31
2626	7
2627	233
2628	96
2629	167
2630	26
2631	119
2632	325
2633	293
2634	24
2635	408
2636	229
2637	31
2638	14
2639	1698
2640	63
2641	26
2642	10
2643	1696
2644	96
2645	3
2646	935
2647	37
2648	47
2649	89
2650	8
2651	2464
2652	130
2653	74
2654	5
2655	17
2656	161
2657	626
2658	1195
2659	34
2660	11
2661	832
2662	7
2663	808
2664	2962
2665	61
2666	50
2667	92
2668	759
2669	226
2670	716
2671	12
2672	10
2673	4
2674	14
2675	364
2676	33
2677	1217
2678	202
2679	51
2680	53
2681	8
2682	20
2683	72
2684	24
2685	18
2686	18
2687	4
2688	16
2689	31
2690	6
2691	275
2692	376
2693	593
2694	825
2695	23
2696	42
2697	5
2698	63
2699	41
2700	74
2701	11
2702	156
2703	42
2704	150
2705	15
2706	62
2707	2349
2708	1302
2709	10
2710	10
2711	2
2712	383
2713	836
2714	156
2715	29
2716	6311
2717	2842
2718	10
2719	92
2720	935
2721	6
2722	934
2723	23
2724	17
2725	24
2726	1433
2727	210
2728	50
2729	374
2730	39
2731	199
2732	5118
2733	25
2734	10
2735	87
2736	7
2737	3
2738	38
2739	55
2740	112
2741	213
2742	104
2743	72
2744	37
2745	1234
2746	41
2747	297
2748	5159
2749	32
2750	1319
2751	41
2752	18
2753	105
2754	99
2755	19
2756	15
2757	191
2758	49
2759	125
2760	38
2761	25
2762	23
2763	3382
2764	28
2765	9
2766	8
2767	21
2768	68
2769	1
2770	2216
2771	31
2772	502
2773	97
2774	66
2775	320
2776	179
2777	19
2778	145
2779	178
2780	1727
2781	1432
2782	33
2783	3
2784	18
2785	270
2786	115
2787	16
2788	8
2789	6
2790	176
2791	2
2792	5
2793	39
2794	7
2795	86
2796	2
2797	163
2798	7
2799	223
2800	66
2801	20
2802	13
2803	5
2804	7
2805	240
2806	272
2807	20
2808	13
2809	1374
2810	198
2811	3
2812	67
2813	116
2814	204
2815	88
2816	78
2817	2
2818	67
2819	3
2820	575
2821	134
2822	1276
2823	337
2824	27
2825	13340
2826	59
2827	53
2828	19
2829	163
2830	524
2831	69
2832	514
2833	18
2834	22
2835	128
2836	28
2837	5
2838	2019
2839	381
2840	47
2841	187
2842	13
2843	20
2844	6
2845	13
2846	8138
2847	420
2848	26
2849	14
2850	16
2851	5
2852	192
2853	126
2854	160
2855	12705
2856	111
2857	4
2858	53
2859	84
2860	13
2861	121
2862	18
2863	78
2864	76
2865	18
2866	110
2867	10
2868	14
2869	93
2870	42
2871	5
2872	571
2873	7
2874	10
2875	11
2876	1747
2877	14
2878	295
2879	630
2880	117
2881	4
2882	78
2883	97
2884	82
2885	126
2886	29
2887	5
2888	62
2889	76
2890	61
2891	10
2892	10
2893	129
2894	40
2895	7
2896	43
2897	407
2898	36
2899	16
2900	52
2901	92
2902	25
2903	37
2904	41
2905	312
2906	78
2907	17
2908	36
2909	8
2910	41
2911	8
2912	15
2913	2482
2914	48
2915	443
2916	9
2917	99
2918	22
2919	28
2920	69
2921	17
2922	306
2923	1340
2924	31
2925	124
2926	17
2927	203
2928	72
2929	388
2930	25
2931	77
2932	54
2933	104
2934	295
2935	293
2936	102
2937	11
2938	161
2939	40
2940	6
2941	21
2942	10
2943	307
2944	84
2945	42
2946	37
2947	27
2948	45
2949	223
2950	139
2951	5
2952	9
2953	301
2954	1804
2955	4
2956	115
2957	16
2958	5
2959	35
2960	549
2961	336
2962	7558
2963	39
2964	493
2965	165
2966	18183
2967	16
2968	68
2969	615
2970	37
2971	469
2972	167
2973	45
2974	2287
2975	9
2976	9
2977	694
2978	13
2979	3870
2980	15
2981	9
2982	914
2983	1182
2984	29
2985	542
2986	30
2987	53
2988	13
2989	10
2990	25
2991	50
2992	150
2993	68
2994	564
2995	91
2996	1706
2997	84
2998	25
2999	157
3000	5
3001	14
3002	14
3003	31
3004	21
3005	8
3006	310
3007	2405
3008	28
3009	27
3010	31
3011	31
3012	17
3013	13
3014	7
3015	63
3016	357
3017	11
3018	2
3019	99
3020	6837
3021	51
3022	38
3023	630
3024	34
3025	575
3026	6
3027	34
3028	12
3029	60
3030	19
3031	66
3032	74
3033	72
3034	150
3035	38
3036	125
3037	26
3038	94
3039	1375
3040	922
3041	21
3042	1287
3043	16
3044	1669
3045	261
3046	2
3047	38
3048	68
3049	45
3050	88
3051	10
3052	93
3053	234
3054	7
3055	761
3056	52
3057	298
3058	21
3059	13
3060	574
3061	1056
3062	23
3063	47
3064	5
3065	10
3066	632
3067	25
3068	41
3069	241
3070	12
3071	327
3072	33
3073	16
3074	69
3075	344
3076	20
3077	14
3078	72
3079	73
3080	29
3081	949
3082	36
3083	45
3084	74
3085	322
3086	7
3087	29
3088	16
3089	7
3090	1009
3091	80
3092	294
3093	284
3094	562
3095	17
3096	52
3097	48
3098	3462
3099	98
3100	5
3101	49
3102	43
3103	5
3104	151
3105	127
3106	7
3107	665
3108	623
3109	12
3110	22
3111	121
3112	11
3113	13
3114	223
3115	293
3116	40
3117	1
3118	334
3119	38
3120	152
3121	3
3122	37
3123	17
3124	320
3125	15
3126	1231
3127	4
3128	35
3129	36
3130	9
3131	11
3132	19
3133	5
3134	16
3135	6
3136	10
3137	25
3138	19
3139	53
3140	3
3141	5
3142	8138
3143	669
3144	98
3145	890
3146	273
3147	3
3148	217
3149	56
3150	7
3151	460
3152	86
3153	50
3154	10
3155	55
3156	12
3157	82
3158	9
3159	5
3160	11
3161	265
3162	46
3163	138
3164	27
3165	9
3166	307
3167	6
3168	53
3169	704
3170	9
3171	15
3172	874
3173	8
3174	51
3175	39
3176	305
3177	922
3178	34
3179	754
3180	76
3181	20
3182	51
3183	41
3184	173
3185	9
3186	21
3187	153
3188	531
3189	32
3190	26
3191	208
3192	622
3193	14
3194	7
3195	71
3196	22
3197	11
3198	164
3199	6
3200	13
3201	13
3202	34
3203	9
3204	24
3205	34
3206	5
3207	254
3208	24
3209	24
3210	5
3211	1021
3212	238
3213	828
3214	55
3215	65
3216	87
3217	137
3218	60
3219	638
3220	35
3221	357
3222	22
3223	39
3224	4
3225	6
3226	223
3227	5
3228	4
3229	442
3230	55
3231	588
3232	12
3233	846
3234	5
3235	403
3236	24
3237	247
3238	58
3239	5
3240	91
3241	66
3242	25
3243	2463
3244	145
3245	527
3246	30
3247	91
3248	685
3249	5
3250	17
3251	11
3252	669
3253	39
3254	74
3255	139
3256	184
3257	7
3258	64
3259	40
3260	373
3261	11
3262	673
3263	125
3264	38
3265	5270
3266	191
3267	185
3268	9
3269	172
3270	137
3271	14
3272	197
3273	32
3274	2566
3275	101
3276	79
3277	6
3278	11
3279	14
3280	231
3281	36
3282	117
3283	1483
3284	7
3285	823
3286	5
3287	8
3288	62
3289	374
3290	368
3291	23
3292	70
3293	208
3294	55
3295	1214
3296	665
3297	65
3298	10521
3299	7
3300	17
3301	9
3302	4
3303	7
3304	49
3305	364
3306	3
3307	243
3308	3134
3309	64
3310	29
3311	54
3312	16
3313	93
3314	50
3315	74
3316	14
3317	6
3318	3976
3319	77
3320	4
3321	474
3322	34
3323	206
3324	69
3325	33
3326	112
3327	185
3328	7
3329	4
3330	2238
3331	6
3332	278
3333	77
3334	297
3335	6
3336	27
3337	111
3338	25
3339	5448
3340	18
3341	29
3342	32
3343	13
3344	329
3345	457
3346	4
3347	127
3348	186
3349	9
3350	13
3351	27
3352	57
3353	24
3354	57
3355	17
3356	9
3357	6
3358	1833
3359	41
3360	20
3361	10
3362	360
3363	41
3364	42
3365	13
3366	11
3367	79
3368	8
3369	69
3370	4
3371	31
3372	38
3373	14
3374	278
3375	320
3376	12738
3377	234
3378	33
3379	3
3380	19
3381	652
3382	2509
3383	4
3384	340
3385	38
3386	14
3387	35
3388	104
3389	3644
3390	1919
3391	67
3392	208
3393	15
3394	7
3395	75
3396	274
3397	4334
3398	658
3399	716
3400	200
3401	73
3402	3
3403	7
3404	51
3405	332
3406	81
3407	1039
3408	18
3409	60
3410	4
3411	95
3412	60
3413	460
3414	5
3415	4
3416	25
3417	23
3418	36
3419	41
3420	460
3421	10
3422	31
3423	41
3424	39
3425	60
3426	1
3427	25
3428	8
3429	61
3430	48
3431	1087
3432	27
3433	11
3434	1548
3435	12
3436	89
3437	2
3438	132
3439	114
3440	5
3441	41
3442	637
3443	35
3444	101
3445	26
3446	14
3447	98
3448	2
3449	27
3450	18
3451	9
3452	25
3453	8
3454	232
3455	21
3456	70
3457	754
3458	356
3459	985
3460	86
3461	45
3462	9
3463	50
3464	12137
3465	204
3466	1013
3467	10
3468	18
3469	1575
3470	63
3471	24
3472	49
3473	1127
3474	111
3475	15
3476	89
3477	13
3478	11
3479	3202
3480	1171
3481	7350
3482	49
3483	21
3484	56
3485	140
3486	300
3487	168
3488	9
3489	26
3490	154
3491	301
3492	12
3493	41
3494	725
3495	61
3496	31
3497	63
3498	9
3499	569
3500	139
3501	12
3502	35
3503	24
3504	23
3505	34
3506	16
3507	40
3508	5
3509	106
3510	41
3511	55
3512	2103
3513	548
3514	85
3515	167
3516	47
3517	3
3518	264
3519	357
3520	394
3521	44
3522	528
3523	104
3524	27
3525	84
3526	805
3527	342
3528	91
3529	1764
3530	7
3531	13
3532	27
3533	25
3534	10
3535	158
3536	8
3537	69
3538	5
3539	1610
3540	38
3541	411
3542	5
3543	233
3544	214
3545	182
3546	454
3547	4
3548	37
3549	6
3550	2311
3551	122
3552	8
3553	12
3554	17
3555	55
3556	142
3557	28
3558	33
3559	47
3560	332
3561	946
3562	1409
3563	66
3564	8
3565	28
3566	596
3567	24
3568	40
3569	19
3570	16
3571	7
3572	7
3573	306
3574	224
3575	57
3576	39
3577	189
3578	134
3579	870
3580	5
3581	51
3582	223
3583	7973
3584	368
3585	921
3586	257
3587	5
3588	40
3589	16
3590	545
3591	101
3592	131
3593	1065
3594	2257
3595	49
3596	124
3597	73
3598	100
3599	13691
3600	59
3601	258
3602	9
3603	275
3604	10
3605	278
3606	68
3607	150
3608	21
3609	154
3610	28
3611	19
3612	34
3613	112
3614	201
3615	13
3616	693
3617	170
3618	441
3619	525
3620	9
3621	37
3622	101
3623	3
3624	29
3625	13
3626	83
3627	1425
3628	1679
3629	15
3631	3896
3632	34
3633	7
3634	1880
3635	92
3636	13
3637	41
3638	372
3639	19
3640	120
3641	15
3642	12
3643	35
3644	12
3645	288
3646	69
3647	51
3648	119
3649	38
3650	8
3651	614
3652	108
3653	5
3654	131
3655	277
3656	106
3657	16
3658	445
3659	2
3660	48
3661	2677
3662	18
3663	392
3664	1354
3665	313
3666	31
3667	236
3668	5
3669	127
3670	22
3671	66
3672	259
3673	26
3674	204
3675	315
3676	625
3677	14
3678	167
3679	22
3680	19
3681	58
3682	2987
3683	66
3684	5
3685	24
3686	17
3687	33
3688	31
3689	1475
3690	168
3691	40
3692	7
3693	412
3694	321
3695	139
3696	3268
3697	197
3698	151
3699	544
3700	31
3701	31
3702	31
3703	129
3704	328
3705	196
3706	88
3707	16
3708	52
3709	166
3710	56
3711	216
3712	365
3713	61
3714	248
3715	38
3716	4
3717	2989
3719	7
3720	32
3721	854
3722	58
3723	4
3724	227
3725	24
3726	23
3727	154
3728	4
3729	46
3730	265
3731	13
3732	998
3733	14
3734	3
3735	18
3736	8
3737	346
3738	263
3739	45
3740	1092
3741	7
3742	39
3743	33
3744	314
3745	16
3746	14
3747	36
3748	21
3749	22
3750	22
3751	169
3752	104
3753	27
3754	134
3755	74
3756	529
3757	8
3758	18
3759	10
3760	9
3761	526
3762	42
3763	24
3764	13
3765	4964
3766	5
3767	32
3768	25
3769	53
3770	12
3771	58
3772	16
3773	416
3774	146
3775	30
3776	381
3777	48
3778	28
3779	36
3780	94
3781	6
3782	837
3783	123
3784	142
3785	31
3786	36
3787	807
3788	33
3789	713
3790	52
3791	82
3792	102
3793	855
3794	7
3795	5
3796	359
3797	58
3798	4975
3799	23
3800	3269
3801	706
3802	122
3803	56
3804	115
3805	121
3806	273
3807	614
3808	2327
3809	19
3810	93
3811	15
3812	12
3813	7
3814	28
3815	48
3816	17
3817	42
3818	202
3819	1655
3820	254
3821	20
3822	1002
3823	7
3824	124
3825	26
3826	441
3827	223
3828	124
3829	718
3830	13
3831	1
3832	2
3833	3
3834	20
3835	2837
3836	672
3837	55
3838	11
3839	30
3840	796
3841	9
3842	6
3843	2417
3844	570
3845	47
3846	17
3847	1028
3848	53
3849	6258
3850	20
3851	11
3852	122
3853	5
3854	188
3855	1277
3856	3901
3857	12
3858	511
3859	90
3860	184
3861	713
3862	60
3863	146
3864	146
3865	64
3866	48
3867	17
3868	1449
3869	2145
3870	30
3871	60
3872	102
3873	4315
3874	1356
3875	5
3876	131
3877	4
3878	15
3879	126
3880	3655
3881	99
3882	12
3883	96
3884	868
3885	695
3886	211
3887	319
3888	291
3889	7
3890	152
3891	60
3892	116
3893	168
3894	387
3895	13
3896	11705
3897	43
3898	307
3899	239
3900	39
3901	17
3902	9
3903	58
3904	6
3905	109
3906	26
3907	16
3908	35
3909	13
3910	56
3911	8
3912	11
3913	902
3914	297
3915	4
3916	360
3917	1131
3918	281
3919	4486
3920	9
3921	122
3922	57
3923	38
3924	10
3925	20
3926	19
3927	20
3928	137
3929	14
3930	12
3931	205
3932	70
3933	10
3934	46
3935	234
3936	65
3937	11
3938	51
3939	32
3940	123
3941	10
3942	37
3943	25
3944	196
3945	7
3946	44
3947	659
3948	21
3949	11
3950	16
3951	1781
3952	18341
3953	495
3954	40
3955	68
3956	35
3957	37973
3958	36
3959	397
3960	71
3961	20
3962	2356
3963	124
3964	66
3965	14
3966	36
3967	493
3968	132
3969	23
3970	501
3971	27
3972	19
3973	47
3974	10
3975	14
3976	497
3977	892
3978	41
3979	15
3980	2
3981	94
3982	83
3983	27
3984	13
3985	7
3986	6
3987	7
3988	3492
3989	220
3990	7508
3991	270
3992	677
3993	9
3994	10
3995	34
3996	670
3997	31
3998	53
3999	5711
4000	90
4001	866
4002	39
4003	170
4004	144
4005	371
4006	6202
4007	46
4008	16
4009	49
4010	7
4011	266
4012	2
4013	195
4014	18
4015	3
4016	19
4017	58
4018	14
4019	17
4020	331
4021	13
4022	106
4023	41
4024	7
4025	15
4026	12
4027	4
4028	4
4029	1572
4030	429
4031	686
4032	32
4033	16
4034	511
4035	79
4036	13
4037	1609
4038	8
4039	700
4040	7
4041	13
4042	265
4043	11
4044	419
4045	156
4046	2
4047	455
4048	7
4049	11
4050	18
4051	42
4052	148
4053	44
4054	274
4055	40
4056	402
4057	26
4058	619
4059	42
4060	49
4061	36
4062	84
4063	53
4064	19
4065	180
4066	2355
4067	72
4068	21
4069	97
4070	77
4071	781
4072	5
4073	15
4074	8
4075	29
4076	35
4077	2
4078	76
4079	51
4080	40
4081	618
4082	6
4083	9
4084	16
4085	294
4086	10347
4087	45
4088	109
4089	409
4090	43
4091	865
4092	7
4093	24
4094	122
4095	10
4096	70
4097	2885
4098	398
4099	9
4100	419
4101	15
4102	1129
4103	238
4104	2
4105	172
4106	59
4107	21
4108	20
4109	33
4110	3
4111	50
4112	36
4113	80
4114	149
4115	157
4116	155
4117	79
4118	114
4119	64
4120	10
4121	56
4122	10
4123	10
4124	74
4125	684
4126	5
4127	16
4128	4
4129	54
4130	409
4131	11
4132	267
4133	66
4134	213
4135	38
4136	1149
4137	6132
4138	6986
4139	25
4140	34
4141	131
4142	1874
4143	183
4144	10
4145	881
4146	300
4147	26
4148	20
4149	6423
4150	8
4151	28
4152	15
4153	28
4154	47
4155	16
4156	28
4157	4
4158	37
4159	71
4160	54
4161	289
4162	1264
4163	4499
4164	25
4165	72
4166	98
4167	235
4168	665
4169	167
4170	2
4171	3
4172	47
4173	13
4174	535
4175	495
4176	248
4177	10
4178	30
4179	14
4180	174
4181	5
4182	78
4183	4
4184	8
4185	39
4186	252
4187	218
4188	10
4189	123
4190	63
4191	38
4192	269
4193	2662
4194	76
4195	165
4196	74
4197	58
4198	170
4199	21
4200	5
4201	24
4202	41
4203	24
4204	3
4205	95
4206	49
4207	199
4208	94
4209	48
4210	35633
4211	18
4212	37
4213	25
4214	411
4215	6
4216	494
4217	643
4218	14
4219	52
4220	33
4221	90
4222	55
4223	10
4224	46
4225	10
4226	24
4227	166
4228	16
4229	64
4230	12
4231	36
4232	1270
4233	84
4234	65
4235	496
4236	114
4237	72
4238	32
4239	8
4240	15
4241	9
4242	99
4243	134
4244	8
4245	44
4246	4
4247	56
4248	22
4249	179
4250	24
4251	66
4252	192
4253	71
4254	48
4255	17
4256	422
4257	11
4258	753
4259	20
4260	13
4261	863
4262	19
4263	17
4264	386
4265	86
4266	20
4267	106
4268	288
4269	4705
4270	4
4271	8
4272	27
4273	2
4274	2706
4275	13
4276	567
4277	223
4278	16
4279	130
4280	31
4281	174
4282	27
4283	17
4284	94
4285	36
4286	82
4287	138
4288	1247
4289	1782
4290	335
4291	138
4292	186
4293	23
4294	1869
4295	91
4296	56
4297	1963
4298	177
4299	4
4300	14
4301	59
4302	2772
4303	7
4304	355
4305	784
4306	1747
4307	10
4308	58
4309	20
4310	28
4311	91
4312	469
4313	1862
4314	399
4315	8
4316	36
4317	3152
4318	77
4319	19
4320	6
4321	366
4322	56
4323	12
4324	18
4325	7
4326	76
4327	7
4328	30
4329	1014
4330	9
4331	14
4332	1082
4333	15
4334	206
4335	420
4336	8
4337	16
4338	133
4339	288
4340	7
4341	380
4342	15
4343	136
4344	624
4345	14
4346	6
4347	3637
4348	103
4349	23
4350	974
4351	59
4352	79
4353	7
4354	699
4355	31
4356	10
4357	3498
4358	23
4359	5
4360	3
4361	5
4362	113
4363	435
4364	13
4365	239
4366	1592
4367	8082
4368	7
4369	28
4370	7
4371	18
4372	612
4373	125
4374	1702
4375	22
4376	935
4377	2327
4378	18
4379	14
4380	45
4381	6
4382	102
4383	3
4384	6
4385	5
4386	23
4387	51
4388	92
4389	11
4390	692
4391	589
4392	989
4393	71
4394	63
4395	5
4396	102
4397	54
4398	676
4399	190
4400	63
4401	120
4402	30
4403	6
4404	5
4405	91
4406	98
4407	6
4408	68
4409	8
4410	2479
4411	201
4412	7
4413	6
4414	110
4415	2
4416	57
4417	1
4418	94
4419	50
4420	3
4421	12230
4422	451
4423	102
4424	6
4425	19
4426	11
4427	34
4428	3717
4429	1585
4430	89
4431	48
4432	88
4433	43
4434	54
4435	9
4436	37
4437	18
4438	10
4439	21
4440	72
4441	19
4442	316
4443	358
4444	184
4445	785
4446	199
4447	1373
4448	122
4449	4
4450	110
4451	4748
4452	282
4453	10
4454	7
4455	1872
4456	72
4457	20
4458	12
4459	11
4460	30
4461	8408
4462	4953
4463	66
4464	186
4465	16
4466	36
4467	18
4468	21
4469	223
4470	69
4471	368
4472	12749
4473	528
4474	22
4475	155
4476	357
4477	324
4478	631
4479	25
4480	53
4481	143
4482	268
4483	22
4484	4
4485	426
4486	817
4487	2789
4488	5
4489	57
4490	14
4491	3
4492	20
4493	2071
4494	10
4495	115
4496	47
4497	358
4498	193
4499	32
4500	163
4501	67
4502	8
4503	65
4504	16
4505	38
4506	158
4507	10
4508	559
4509	5
4510	70
4511	88
4512	13
4513	95
4514	500
4515	167
4516	521
4517	95
4518	1109
4519	169
4520	30
4521	10
4522	109
4523	13
4524	265
4525	50
4526	17
4527	43
4528	6
4529	8
4530	13
4531	14
4532	95
4533	803
4534	536
4535	22
4536	65
4537	53
4538	268
4539	145
4540	248
4541	2938
4542	9
4543	95
4544	1308
4545	3
4546	316
4547	11
4548	54
4549	138
4550	22
4551	10
4552	142
4553	13
4554	32
4555	12
4556	18
4557	814
4558	1
4559	65
4560	106
4561	21
4562	13034
4563	4
4564	909
4565	2924
4566	24
4567	85
4568	32
4569	48
4570	55
4571	5
4572	5
4573	47
4574	358
4575	63
4576	2005
4577	561
4578	31
4579	310
4580	176
4581	6
4582	36
4583	16
4584	78
4585	41
4586	98
4587	25
4588	239
4589	785
4590	109
4591	2335
4592	128
4593	225
4594	17
4595	4126
4596	29
4597	575
4598	54
4599	7
4600	2625
4601	292
4602	36
4603	62
4604	7
4605	73167
4606	557
4607	14
4608	173
4609	36
4610	112
4611	6
4612	91
4613	5
4614	1447
4615	57
4616	50
4617	26
4618	257
4619	588
4620	1078
4621	24
4622	5
4623	100
4624	9
4625	21
4626	1
4627	20
4628	40
4629	35
4630	10
4631	22
4632	22
4633	5
4634	301
4635	1185
4636	49
4637	30
4638	232
4639	608
4640	44
4641	56
4642	436
4643	33
4644	70
4645	263
4646	119
4647	297
4648	45
4649	429
4650	2
4651	28
4652	228
4653	20
4654	132
4655	10
4656	9989
4657	46
4658	3397
4659	361
4660	344
4661	27
4662	151
4663	749
4664	331
4665	16
4666	24
4667	67
4668	44
4669	48
4670	41
4671	2431
4672	4
4673	514
4674	589
4675	1808
4676	9
4677	5
4678	36
4679	82
4680	29
4681	320
4682	6
4683	363
4684	13
4685	14
4686	57
4687	722
4688	180
4689	9
4690	5
4691	28
4692	625
4693	37
4694	75
4695	24
4696	5
4697	1722
4698	933
4699	113
4700	548
4701	88
4702	8
4703	21
4704	128
4705	22
4706	123
4707	10
4708	76
4709	6
4710	18
4711	220
4712	112
4713	874
4714	99
4715	152
4716	55
4717	18
4718	24
4719	27
4720	12
4721	87
4722	121
4723	31
4724	7311
4725	5
4726	367
4727	41
4728	6
4729	147
4730	36
4731	1286
4732	32
4733	66
4734	332
4735	137
4736	332
4737	2
4738	54
4739	267
4740	12
4741	17
4742	9
4743	55
4744	5
4745	14
4746	70
4747	8
4748	11
4749	399
4750	16
4751	162
4752	41
4753	1277
4754	10
4755	26
4756	979
4757	46
4758	74
4759	250
4760	5
4761	21
4762	49
4763	144
4764	11
4765	11
4766	9
4767	4
4768	8
4769	88
4770	79
4771	74
4772	11
4773	65
4774	29
4775	12
4776	476
4777	35
4778	3744
4779	597
4780	22
4781	5120
4782	126
4783	34
4784	14
4785	13
4786	43
4787	112
4788	9
4789	40
4790	1804
4791	63
4792	4739
4793	8043
4794	59
4795	489
4796	5671
4797	101
4798	327
4799	36365
4800	81
4801	6
4802	242
4803	14
4804	16
4805	8
4806	13
4807	253
4808	274
4809	2648
4810	16
4811	14
4812	3218
4813	461
4814	215
4815	32
4816	6
4817	245
4818	396
4819	43
4820	20
4821	331
4822	6
4823	101
4824	222
4825	145
4826	11
4827	70
4828	216
4829	9
4830	16
4831	92
4832	181
4833	389
4834	179
4835	174
4836	460
4837	178
4838	62
4839	16
4840	103
4841	6
4842	97
4843	228
4844	1292
4845	3
4846	672
4847	995
4848	115
4849	9
4850	6
4851	33
4852	5
4853	3253
4854	18
4855	1790
4856	18
4857	11
4858	56
4859	15
4860	61
4861	6
4862	227
4863	6
4864	8
4865	47
4866	83
4867	8
4868	32
4869	26
4870	423
4871	413
4872	275
4873	83
4874	147
4875	202
4876	32
4877	56
4878	23
4879	1411
4880	135
4881	22
4882	8
4883	82
4884	15
4885	44
4886	41
4887	71
4888	48
4889	2785
4890	71
4891	103
4892	15
4893	164
4894	87
4895	1472
4896	345
4897	375
4898	108
4899	50
4900	142
4901	3
4902	17
4903	20
4904	11
4905	40
4906	14
4907	145
4908	1
4909	52
4910	6
4911	8
4912	13
4913	952
4914	44
4915	21
4916	137
4917	24
4918	17
4919	75
4920	82689
4921	565
4922	6
4923	9
4924	266
4925	141
4926	46
4927	1421
4928	266
4929	55
4930	49
4931	428
4932	4474
4933	611
4934	19
4935	34
4936	64
4937	126
4938	1626
4939	157
4940	485
4941	105
4942	7860
4943	22
4944	18
4945	5485
4946	25
4947	1863
4948	122
4949	23
4950	117
4951	50
4952	1781
4953	7
4954	16
4955	54
4956	152
4957	20758
4958	59
4959	7
4960	1816
4961	15
4962	6125
4963	47
4964	12
4965	118
4966	2713
4967	291
4968	27
4969	15
4970	133
4971	910
4972	277
4973	91
4974	159
4975	437
4976	48
4977	596
4978	84
4979	4
4980	5
4981	301
4982	598
4983	1319
4984	97
4985	489
4986	1383
4987	594
4988	283
4989	775
4990	5
4991	49
4992	36
4993	20
4994	225
4995	213
4996	27
4997	20
4998	38
4999	8
5000	29
5001	82
5002	582
5003	55
5004	24
5005	87
5006	737
5007	12
5008	13
5009	164
5010	9
5011	855
5012	20
5013	1472
5014	245
5015	2495
5016	10
5017	3
5018	79
5019	101
5020	2202
5021	23
5022	1512
5023	346
5024	3553
5025	26536
5026	10
5027	49
5028	185
5029	54
5030	5
5031	6141
5032	5
5033	94
5034	17
5035	279
5036	33
5037	38
5038	339
5039	56
5040	24
5041	178
5042	430
5043	52
5044	13
5045	245
5046	114
5047	2691
5048	30
5049	34
5050	82
5051	49
5052	11
5053	23
5054	151
5055	25
5056	38
5057	8
5058	37
5059	14
5060	112
5061	106
5062	15
5063	663
5064	11
5065	407
5066	19
5067	3949
5068	8135
5069	1037
5070	64
5071	17
5072	155
5073	1127
5074	67
5075	12
5076	31
5077	60816
5078	18
5079	36
5080	73
5081	1
5082	278
5083	153
5084	196
5085	1358
5086	1049
5087	4
5088	17
5089	302
5090	125
5091	232
5092	37
5093	12
5094	62
5095	258
5096	4
5097	3357
5098	1356
5099	12
5100	361
5101	780
5102	28
5103	973
5104	13
5105	190
5106	46
5107	6
5108	66
5109	96
5110	347
5111	71
5112	759
5113	13
5114	5097
5115	3358
5116	107
5117	11
5118	34
5119	43
5120	5294
5121	5
5122	35
5123	26
5124	261
5125	62
5126	97
5127	531
5128	1194
5129	100
5130	1647
5131	482
5132	905
5133	105
5134	12430
5135	28
5136	72
5137	24
5138	77
5139	14
5140	122
5141	674
5142	7
5143	2
5144	1178
5145	4
5146	82
5147	28
5148	97
5149	25
5150	99
5151	643
5152	10
5153	14
5154	5
5155	15
5156	42
5157	344
5158	299
5159	40
5160	280
5161	10150
5162	165
5163	181
5164	369
5165	358
5166	81
5167	35
5168	55
5169	186
5170	15
5171	481
5172	130
5173	13
5174	6
5175	12
5176	251
5177	20
5178	76
5179	4
5180	125
5181	498
5182	25
5183	392
5184	1814
5185	96
5186	49
5187	67
5188	39
5189	666
5190	43
5191	13
5192	171
5193	26
5194	13372
5195	42
5196	163
5197	75
5198	310
5199	87
5200	28
5201	184
5202	68
5203	35
5204	13
5205	195
5206	2406
5207	54
5208	8
5209	17
5210	1667
5211	43
5212	24534
5213	6
5214	533
5215	27
5216	51
5217	33
5218	148
5219	6
5220	5
5221	103
5222	7
5223	764
5224	108
5225	6
5226	25
5227	6
5228	565
5229	44
5230	156
5231	154
5232	21
5233	199
5234	28
5235	115
5236	238
5237	111
5238	174
5239	12
5240	8153
5241	279
5242	300
5243	17
5244	196
5245	24
5246	27
5247	190
5248	908
5249	6
5250	5751
5251	1357
5252	16
5253	9
5254	18
5255	1
5256	92
5257	93
5258	12321
5259	994
5260	5
5261	7
5262	2206
5263	13
5264	87
5265	58
5266	1263
5267	4
5268	1350
5269	80
5270	76
5271	85
5272	19
5273	2
5274	31
5275	331
5276	21
5277	55
5278	30
5279	103
5280	47
5281	15
5282	185
5283	64
5284	46
5285	267
5286	14
5287	78
5288	78
5289	7
5290	29
5291	168
5292	4
5293	7
5294	11
5295	102
5296	2373
5297	4
5298	39
5299	17
5300	15
5301	25
5302	107
5303	1624
5304	17
5305	8
5306	318
5307	24
5308	3
5309	55
5310	11
5311	63
5312	331
5313	262
5314	546
5315	1180
5316	48
5317	11
5318	5
5319	5
5320	5
5321	185
5322	10701
5323	792
5324	5
5325	13
5326	208
5327	140
5328	390
5329	107
5330	72
5331	218
5332	45
5333	387
5334	972
5335	92
5336	35
5337	6543
5338	127
5339	49
5340	223
5341	15
5342	52
5343	68
5344	5
5345	8
5346	162
5347	5
5348	7
5349	156
5350	269
5351	525
5352	4
5353	1363
5354	39
5355	256
5356	86
5357	102
5358	796
5359	12
5360	755
5361	34
5362	76
5363	188
5364	73
5365	17
5366	37
5367	73
5368	74
5369	100
5370	167
5371	123
5372	145
5373	10303
5374	339
5375	451
5376	6
5377	47
5378	15
5379	64
5380	3067
5381	25
5382	45
5383	2804
5384	479
5385	4440
5386	611
5387	15
5388	838
5389	136
5390	3656
5391	36
5392	289
5393	1424
5394	48
5395	3
5396	67
5397	41
5398	12
5399	35
5400	16
5401	26
5402	40
5403	12
5404	428
5405	751
5406	211
5407	10
5408	40
5409	9
5410	5
5411	87
5412	130
5413	8
5414	9
5415	540
5416	51
5417	8
5418	35
5419	31
5420	267
5421	191
5422	2272
5423	69
5424	24
5425	50
5426	404
5427	214
5428	4080
5429	9
5430	44
5431	91
5432	83
5433	25
5434	13
5435	103
5436	448
5437	29
5438	5135
5439	185
5440	18
5441	112
5442	92
5443	7
5444	8
5445	1309
5446	13
5447	44
5448	32
5449	6700
5450	49021
5451	4953
5452	4
5453	13
5454	60
5455	47
5456	11079
5457	87
5458	5
5459	274
5460	7503
5461	50
5462	119
5463	806
5464	148
5465	14
5466	65
5467	468
5468	83
5469	41
5470	99
5471	99
5472	54
5473	130
5474	204
5475	1407
5476	23
5477	364
5478	32
5479	30937
5480	20
5481	42
5482	50
5483	123
5484	1039
5485	479
5486	53
5487	1661
5488	948
5489	21
5490	142
5491	5581
5492	70
5493	471
5494	68
5495	46
5496	985
5497	15
5498	41
5499	1530
5500	6
5501	68
5502	219
5503	18
5504	7
5505	109
5506	19
5507	38
5508	141
5509	24
5510	4
5511	8
5512	4
5513	209
5514	3970
5515	7
5516	345
5517	375
5518	47
5519	8
5520	39
5521	7
5522	52
5523	33
5524	43
5525	222
5526	4
5527	8
5528	191
5529	23
5530	14
5531	141
5532	151
5533	48
5534	215
5535	2470
5536	21
5537	675
5538	63
5539	2428
5540	8
5541	4
5542	18
5543	2
5544	21
5545	527
5546	157
5547	3479
5548	31
5549	40
5550	8641
5551	28
5552	926
5553	9
5554	29
5555	22
5556	10
5557	10
5558	10
5559	129
5560	11
5561	6
5562	7
5563	113
5564	1222
5565	57
5566	1104
5567	41
5568	44
5569	166
5570	73
5571	148
5572	85
5573	9
5574	61
5575	2285
5576	114
5577	8
5578	2490
5579	63
5580	27
5581	110
5582	53
5583	7
5584	109
5585	20
5586	1906
5587	13
5588	370
5589	555
5590	90
5591	8
5592	60
5593	33
5594	89
5595	199
5596	4
5597	649
5598	117
5599	18
5600	80
5601	9
5602	149
5603	2940
5604	13
5605	1968
5606	809
5607	66
5608	19
5609	198
5610	27
5611	18
5612	9514
5613	198
5614	11
5615	221
5616	640
5617	72
5618	6127
5619	118
5620	243
5621	4626
5622	291
5623	45
5624	261
5625	30
5626	74
5627	16
5628	8
5629	17
5630	54
5631	12
5632	177
5633	13
5634	203
5635	18
5636	1181
5637	59
5638	10
5639	53
5640	4000
5641	10
5642	456
5643	2
5644	6
5645	239
5646	15302
5647	14
5648	371
5649	1215
5650	7
5651	7
5652	8550
5653	990
5654	4
5655	310
5656	33
5657	77
5658	103
5659	166
5660	5
5661	60
5662	5
5663	239
5664	8
5665	129
5666	22
5667	8
5668	33
5669	5
5670	752
5671	196
5672	53
5673	55
5674	47
5675	5
5676	48
5677	785
5678	25
5679	508
5680	270
5681	172
5682	63
5683	38
5684	2872
5685	19
5686	9
5687	52
5688	128
5689	13
5690	746
5691	129
5692	1879
5693	365
5694	31
5695	276
5696	190
5697	284
5698	62
5699	3285
5700	52
5701	9
5702	81
5703	12
5704	5
5705	37
5706	21
5707	1198
5708	1219
5709	15
5710	524
5711	177
5712	19
5713	893
5714	35
5715	75
5716	1335
5717	142
5718	84
5719	40
5720	144
5721	64
5722	13
5723	419
5724	43
5725	527
5726	10
5727	886
5728	122
5729	632
5730	141
5731	11
5732	867
5733	10
5734	321
5735	550
5736	32
5737	683
5738	21
5739	54
5740	57
5741	22
5742	166
5743	54
5744	1373
5745	10
5746	4927
5747	270
5748	2358
5749	7
5750	5095
5751	5
5752	118
5753	52
5754	16
5755	11
5756	19
5757	1181
5758	20
5759	16
5760	439
5761	3
5762	5
5763	64
5764	3720
5765	7
5766	32
5767	26
5768	16
5769	10521
5770	1262
5771	640
5772	10
5773	15
5774	21
5775	26
5776	78
5777	22
5778	26
5779	187
5780	116
5781	47
5782	12441
5783	17
5784	7
5785	47839
5786	32
5787	125
5788	125
5789	16
5790	13
5791	445
5792	182
5793	298
5794	3772
5795	26
5796	74
5797	37
5798	241
5799	34
5800	18
5801	67
5802	127
5803	364
5804	109
5805	542
5806	92
5807	79
5808	900
5809	65
5810	4
5811	21
5812	300
5813	45
5814	13
5815	7
5816	15
5817	183
5818	16155
5819	2649
5820	61
5821	103
5822	102
5823	20
5824	170
5825	2115
5826	568
5827	49
5828	32
5829	22
5830	7
5831	48
5832	23
5833	4
5834	119
5835	84
5836	13
5837	15
5838	9
5839	33
5840	33
5841	176
5842	7
5843	138
5844	98
5845	318
5846	28
5847	23
5848	71
5849	17
5850	16
5851	22
5852	15
5853	246
5854	87
5855	263
5856	279
5857	447
5858	416
5859	785
5860	104
5861	63
5862	35
5863	22
5864	22
5865	128
5866	165
5867	125
5868	30
5869	111
5870	57
5871	9
5872	11
5873	13
5874	50
5875	281
5876	87746
5877	44
5878	799
5879	14
5880	11
5881	3
5882	60
5883	2565
5884	2845
5885	12
5886	1512
5887	6
5888	21
5889	40
5890	24
5891	164
5892	31
5893	3
5894	2
5895	137
5896	148
5897	73
5898	29
5899	313
5900	47
5901	6
5902	690
5903	38
5904	30
5905	41
5906	12
5907	550
5908	38
5909	87
5910	290
5911	1275
5912	2551
5913	723
5914	253
5915	70
5916	71
5917	440
5918	2498
5919	88
5920	9
5921	7
5922	2907
5923	1255
5924	10
5925	15
5926	23
5927	23
5928	491
5929	31
5930	212
5931	8
5932	128
5933	2941
5934	44
5935	5
5936	2
5937	10
5938	491
5939	477
5940	5
5941	461
5942	23
5943	119
5944	139
5945	14
5946	3
5947	340
5948	5
5949	44
5950	29
5951	263
5952	7
5953	10
5954	33
5955	442
5956	5
5957	282
5958	94
5959	6066
5960	104
5961	82
5962	358
5963	67
5964	51
5965	238
5966	162
5967	88
5968	95
5969	916
5970	1087
5971	1048
5972	7
5973	3373
5974	161
5975	3
5976	1247
5977	9
5978	21
5979	4
5980	85
5981	44
5982	33
5983	233
5984	147
5985	1920
5986	7
5987	271
5988	4
5989	1615
5990	6
5991	6165
5992	36
5993	133
5994	4925
5995	182
5996	49
5997	40
5998	54
5999	106
6000	2797
6001	120
6002	8
6003	786
6004	64
6005	93
6006	201
6007	317
6008	553
6009	65
6010	10
6011	23
6012	56
6013	212
6014	26
6015	1055
6016	642
6017	33
6018	147
6019	4
6020	1441
6021	22
6022	240
6023	407
6024	3
6025	274
6026	128
6027	31
6028	4
6029	14
6030	85
6031	233
6032	9
6033	71
6034	17
6035	31
6036	446
6037	10
6038	6
6039	7
6040	11
6041	16
6042	30
6043	74
6044	11
6045	7
6046	22590
6047	497
6048	10
6049	8
6050	69
6051	14
6052	3268
6053	30
6054	47
6055	58
6056	13
6057	295
6058	168
6059	17
6060	5
6061	815
6062	1
6063	4
6064	24
6065	81
6066	581
6067	30
6068	17
6069	3918
6070	41
6071	18
6072	11
6073	396
6074	357
6075	223
6076	75
6077	90
6078	5
6079	11
6080	89
6081	239
6082	18
6083	23
6084	7
6085	61
6086	446
6087	1726
6088	56
6089	350
6090	22
6091	159
6092	30
6093	33
6094	58
6095	127
6096	50
6097	11
6098	207
6099	120
6100	20
6101	3279
6102	22
6103	27
6104	15267
6105	204
6106	234
6107	281
6108	61
6109	180
6110	614
6111	2108
6112	7
6113	55
6114	70
6115	18
6116	4
6117	4
6118	13
6119	377
6120	4
6121	312
6122	79
6123	37
6124	25
6125	66
6126	115
6127	50
6128	5055
6129	144
6130	7
6131	854
6132	173
6133	4
6134	11
6135	908
6136	35
6137	1477
6138	131
6139	904
6140	12
6141	3539
6142	847
6143	68
6144	103
6145	8
6146	478
6147	6
6148	48
6149	17
6150	123
6151	226
6152	30
6153	54
6154	73
6155	1536
6156	22
6157	40
6158	19
6159	24
6160	183
6161	39
6162	243
6163	11
6164	103
6165	7
6166	1715
6167	28
6168	7
6169	2
6170	7
6171	15
6172	17
6173	526
6174	180
6175	29
6176	9
6177	1831
6178	638
6179	168
6180	3
6181	33
6182	4855
6183	4
6184	30843
6185	32
6186	18
6187	15415
6188	1913
6189	8
6190	13
6191	52
6192	96
6193	4819
6194	502
6195	779
6196	9
6197	400
6198	87
6199	28
6200	5
6201	2095
6202	65
6203	55
6204	78
6205	82
6206	11
6207	7
6208	5
6209	155
6210	2616
6211	47
6212	362
6213	754
6214	41
6215	14
6216	246
6217	339
6218	3276
6219	21
6220	81
6221	580
6222	3
6223	35
6224	629
6225	187
6226	39
6227	321
6228	260
6229	252
6230	164
6231	184
6232	106
6233	55
6234	185
6235	899
6236	707
6237	5
6238	1758
6239	33
6240	37
6241	61
6242	188
6243	40
6244	1169
6245	519
6246	37
6247	24
6248	109
6249	44
6250	79
6251	54
6252	734
6253	10
6254	3
6255	130
6256	62
6257	8
6258	314
6259	6
6260	68
6261	146
6262	22
6263	272
6264	11
6265	780
6266	5
6267	2
6268	221
6269	197
6270	12
6271	514
6272	8
6273	10
6274	1698
6275	18
6276	141
6277	144
6278	246
6279	47
6280	19
6281	384
6282	66
6283	25
6284	75
6285	5
6286	2295
6287	7018
6288	647
6289	34
6290	103
6291	1968
6292	2708
6293	5
6294	16
6295	15
6296	118
6297	3621
6298	20
6299	10
6300	2577
6301	7
6302	3
6303	7
6304	49
6305	51
6306	14
6307	122
6308	5
6309	98
6310	290
6311	26
6312	28
6313	104
6314	15
6315	21
6316	53
6317	1996
6318	445
6319	27
6320	1
6321	12
6322	93
6323	9
6324	301
6325	12
6326	197
6327	107
6328	1216
6329	173
6330	6
6331	57
6332	128
6333	33
6334	320
6335	68
6336	1968
6337	17
6338	192
6339	8
6340	1858
6341	4063
6342	292
6343	3279
6344	407
6345	13
6346	22
6347	6486
6348	15377
6349	54
6350	705
6351	12
6352	111
6353	10
6354	3
6355	91
6356	94
6357	16
6358	479
6359	392
6360	189
6361	3721
6362	11
6363	42
6364	112
6365	8
6366	450
6367	35
6368	113
6369	1287
6370	18
6371	215
6372	24
6373	26
6374	510
6375	817
6376	7
6377	1249
6378	21
6379	8
6380	81
6381	399
6382	6
6383	3390
6384	430
6385	439
6386	119
6387	176
6388	560
6389	37
6390	822
6391	171
6392	6
6393	71
6394	40
6395	97
6396	320
6397	28
6398	59
6399	181
6400	627
6401	40
6402	526
6403	154
6404	8
6405	87
6406	150
6407	26
6408	32
6409	17
6410	412
6411	89
6412	26
6413	6
6414	1060
6415	8
6416	605
6417	8
6418	19
6419	45
6420	104
6421	7
6422	395
6423	128
6424	35
6425	28
6426	5
6427	112
6428	5
6429	28
6430	59
6431	86
6432	11
6433	68
6434	106
6435	17
6436	217
6437	38
6438	471
6439	30
6440	17
6441	80
6442	327
6443	11
6444	29
6445	6
6446	4
6447	176
6448	3287
6449	46
6450	214
6451	6
6452	570
6453	3
6454	133
6455	120
6456	36
6457	323
6458	210
6459	337
6460	67
6461	8
6462	183
6463	79
6464	4
6465	9
6466	30
6467	38
6468	115
6469	12
6470	506
6471	35
6472	145
6473	3835
6474	1528
6475	1319
6476	21
6477	24
6478	232
6479	4
6480	72
6481	416
6482	497
6483	106
6484	63
6485	51
6486	15
6487	7
6488	2
6489	8329
6490	12
6491	208
6492	264
6493	297
6494	366
6495	5
6496	10
6497	148
6498	4
6499	46
6500	148
6501	12
6502	27
6503	140
6504	5
6505	24
6506	368
6507	295
6508	2569
6509	5
6510	910
6511	9
6512	22
6513	20
6514	9
6515	359
6516	10
6517	95
6518	329
6519	751
6520	10
6521	52
6522	951
6523	14
6524	14
6525	5
6526	30
6527	81
6528	74
6529	23
6530	60
6531	60
6532	7329
6533	330
6534	8
6535	10
6536	43
6537	8
6538	18
6539	32
6540	40
6541	2005
6542	7
6543	727
6544	14
6545	7
6546	5
6547	19
6548	11
6549	294
6550	2101
6551	5
6552	1228
6553	69
6554	3
6555	350
6556	38
6557	17
6558	29
6559	2
6560	5
6561	5
6562	32
6563	68
6564	89
6565	12
6566	14
6567	1425
6568	2609
6569	220
6570	60
6571	197
6572	7
6573	64
6574	12
6575	12
6576	1480
6577	6
6578	46
6579	44
6580	7
6581	135
6582	34
6583	769
6584	11
6585	1515
6586	606
6587	843
6588	8
6589	155
6590	9
6591	11
6592	265
6593	385
6594	39
6595	15
6596	53
6597	17
6598	750
6599	40
6600	12
6601	49
6602	18
6603	4
6604	179
6605	20
6606	1005
6607	81
6608	10
6609	117
6610	30
6611	14
6612	122
6613	174
6614	15
6615	6558
6616	300
6617	100
6618	85
6619	49
6620	4
6621	32
6622	7
6623	173
6624	24
6625	12
6626	33
6627	59
6628	131
6629	97
6630	25
6631	8825
6632	10
6633	29
6634	26
6635	242
6636	453
6637	45
6638	2149
6639	22
6640	7
6641	69
6642	16
6643	14
6644	411
6645	28
6646	378
6647	1327
6648	26
6649	1458
6650	20
6651	1084
6652	383
6653	9
6654	11
6655	951
6656	5403
6657	6
6658	65
6659	61
6660	25
6661	251
6662	3
6663	181
6664	1289
6665	113
6666	63
6667	122
6668	152
6669	850
6670	80
6671	2
6672	9
6673	237
6674	9
6675	2
6676	22
6677	125
6678	41
6679	379
6680	1431
6681	1
6682	206
6683	3
6684	8
6685	11
6686	897
6687	70
6688	3
6689	724
6690	91
6691	131
6692	1577
6693	91
6694	27
6695	48
6696	6
6697	3
6698	114
6699	89
6700	11
6701	84
6702	4
6703	23
6704	208
6705	258
6706	5
6707	29
6708	23
6709	11
6710	27
6711	57
6712	19
6713	21
6714	70
6715	140
6716	241
6717	5
6718	193
6719	1055
6720	52
6721	810
6722	92
6723	71
6724	330
6725	104
6726	34
6727	75
6728	5
6729	1209
6730	51
6731	117
6732	52
6733	2
6734	920
6735	403
6736	67
6737	14
6738	52
6739	80
6740	9720
6741	12
6742	109
6743	41
6744	87
6745	28
6746	19
6747	617
6748	896
6749	61
6750	3569
6751	2
6752	5
6753	9
6754	106
6755	5
6756	23
6757	158
6758	1632
6759	8
6760	2763
6761	3
6762	5
6763	12
6764	16
6765	1005
6766	16
6767	94
6768	25
6769	111
6770	81
6771	3
6772	460
6773	26
6774	4419
6775	6
6776	6
6777	275
6778	278
6779	285
6780	19
6781	52
6782	31
6783	5
6784	7
6785	34
6786	1
6787	51
6788	93
6789	740
6790	186
6791	30
6792	8
6793	458
6794	12
6795	887
6796	28
6797	16
6798	42
6799	1978
6800	8
6801	446
6802	73
6803	47
6804	6
6805	22
6806	65
6807	4
6808	575
6809	577
6810	14
6811	49
6812	6
6813	711
6814	149
6815	102
6816	3
6817	11
6818	204
6819	30
6820	47
6821	9
6822	382
6823	27
6824	40
6825	1171
6826	73
6827	67
6828	57
6829	340
6830	5
6831	66
6832	5
6833	360
6834	9
6835	445
6836	5
6837	758
6838	3
6839	222
6840	16
6841	575
6842	24
6843	46
6844	393
6845	146
6846	3076
6847	14
6848	376
6849	689
6850	53
6851	104
6852	551
6853	3
6854	35
6855	53
6856	50
6857	122
6858	262
6859	88
6860	1794
6861	8
6862	78
6863	199
6864	11
6865	65
6866	7
6867	1707
6868	9
6869	221
6870	452
6871	1825
6872	14
6873	14476
6874	114
6875	7
6876	48
6877	29
6878	1762
6879	29
6880	129
6881	122
6882	9
6883	5
6884	276
6885	58
6886	27
6887	285
6888	48
6889	1010
6890	539
6891	1822
6892	307
6893	105
6894	31
6895	27
6896	14
6897	22
6898	57
6899	213
6900	7
6901	2023
6902	978
6903	24
6904	245
6905	23
6906	8
6907	119
6908	181
6909	18
6910	88
6911	67
6912	224
6913	50
6914	6
6915	95
6916	27
6917	11
6918	64
6919	73
6920	181
6921	8
6922	10
6923	14
6924	57
6925	20
6926	94
6927	674
6928	222
6929	8
6930	24
6931	54
6932	80
6933	1678
6934	284
6935	225
6936	71
6937	27
6938	10
6939	10
6940	9
6941	5
6942	13
6943	43
6944	76
6945	37
6946	115
6947	51
6948	10060
6949	34
6950	31
6951	29
6952	4
6953	65
6954	16
6955	21
6956	135
6957	17
6958	73
6959	10
6960	62
6961	10
6962	1538
6963	3
6964	29
6965	24
6966	183
6967	209
6968	17
6969	108
6970	305
6971	606
6972	1518
6973	7
6974	512
6975	2961
6976	47
6977	5
6978	125
6979	150
6980	414
6981	171
6982	268
6983	12
6984	37
6985	846
6986	148
6987	722
6988	51
6989	17
6990	14
6991	1332
6992	206
6993	11
6994	371
6995	17
6996	29
6997	33
6998	283
6999	1140
7000	5
7001	97
7002	44
7003	8
7004	166
7005	5
7006	47
7007	40
7008	40
7009	471
7010	4264
7011	9
7012	29
7013	102
7014	4244
7015	12
7016	6
7017	93
7018	583
7019	27
7020	95
7021	17629
7022	36
7023	5
7024	12
7025	4
7026	2099
7027	4
7028	35
7029	901
7030	11
7031	41
7032	2
7033	7
7034	4
7035	1933
7036	7
7037	4
7038	30
7039	171
7040	169
7041	3061
7042	333
7043	431
7044	109
7046	16
7047	10
7048	46
7049	437
7050	493
7051	898
7052	20
7053	58
7054	5934
7055	22
7056	13
7057	186
7058	1514
7059	19
7060	115
7061	12
7062	3
7063	187
7064	48
7065	85
7066	2
7067	240
7068	15
7069	387
7070	197
7071	3
7072	52
7073	6
7074	7
7075	84
7076	1825
7077	66
7078	9
7079	1626
7080	8
7081	8
7082	18
7083	18
7084	389
7085	147
7086	12
7087	67
7088	3823
7089	86
7090	2705
7091	209
7092	52
7093	149
7094	7
7095	267
7096	22
7097	6
7098	23
7099	223
7100	10
7101	34
7102	7
7103	387
7104	89
7105	19
7106	12
7107	25
7108	57
7109	9
7110	3
7111	56
7112	27
7113	417
7114	293
7115	38
7116	1930
7117	32
7118	79
7119	16
7120	1514
7121	417
7122	28
7123	384
7124	9
7125	32
7126	212
7127	3
7128	34
7129	19
7130	434
7131	7472
7132	14
7133	14
7134	293
7135	122
7136	23
7137	5
7138	15
7139	1355
7140	90
7141	48
7142	9
7143	12
7144	11
7145	20
7146	1124
7147	1164
7148	8
7149	11
7150	1011
7151	238
7152	3
7153	21
7154	6
7155	45
7156	8371
7157	185
7158	946
7159	106
7160	214
7161	6
7162	8
7163	117
7164	183
7165	306
7166	510
7167	30
7168	77
7169	11
7170	653
7171	21
7172	21
7173	615
7174	8
7175	12648
7176	25
7177	2235
7178	41
7179	4806
7180	33
7181	31
7182	5
7183	11
7184	4
7185	3621
7186	295
7187	20
7188	186
7189	496
7190	44
7191	21
7192	114
7193	6
7194	52
7195	8
7196	11
7197	231
7198	1
7199	49
7200	210
7201	6
7202	77
7203	10
7204	6
7205	428
7206	870
7207	3
7208	3
7209	15
7210	29
7211	22
7212	812
7213	177
7214	3
7215	63
7216	3
7217	324
7218	26
7219	6
7220	56
7221	35
7222	290
7223	19
7224	40
7225	314
7226	25
7227	101
7228	1805
7229	181
7230	149
7231	7
7232	23
7233	6
7234	93
7235	37
7236	62
7237	57
7238	100
7239	427
7240	184
7241	1278
7242	74
7243	421
7244	192
7245	2
7246	21
7247	1060
7248	4
7249	1705
7250	178
7251	294
7252	1163
7253	171
7254	9
7255	471
7256	166
7257	37
7258	24
7259	12
7260	1033
7261	39
7262	85
7263	28
7264	162
7265	9
7266	88
7267	95
7268	18
7269	18
7270	223
7271	20
7272	67
7273	37
7274	1445
7275	39
7276	8
7277	123
7278	9
7279	49
7280	325
7281	25
7282	57
7283	171
7284	18
7285	610
7286	308
7287	92
7288	11
7289	43
7290	11
7291	3
7292	214
7293	36
7294	478
7295	1316
7296	18
7297	114
7298	21
7299	950
7300	214
7301	270
7302	55
7303	594
7304	1078
7305	33
7306	237
7307	23
7308	2249
7309	27
7310	27
7311	36
7312	65
7313	35
7314	1344
7315	384
7316	15
7317	80
7318	154
7319	7
7320	34
7321	43
7322	8
7323	4
7324	93
7325	2676
7326	433
7327	89
7328	123
7329	26
7330	243
7331	280
7332	272
7333	221
7334	8
7335	58
7336	7
7337	117
7338	564
7339	18
7340	20
7341	96
7342	44
7343	313
7344	548
7345	68
7346	257
7347	306
7348	17
7349	705
7350	3518
7351	246
7352	45
7353	533
7354	373
7355	7
7356	52
7357	7
7358	1683
7359	56
7360	207
7361	3970
7362	8
7363	130
7364	602
7365	86
7366	9
7367	11
7368	3
7369	166
7370	11
7371	1795
7372	24
7373	41
7374	5
7375	9
7376	377
7377	26
7378	29
7379	676
7380	169
7381	1203
7382	26
7383	307
7384	37
7385	52
7386	30
7387	296
7388	3783
7389	157
7390	107
7391	807
7392	7
7393	711
7394	99
7395	34
7396	133
7397	28
7398	1622
7399	27
7400	144
7401	1211
7402	4
7403	239
7404	62
7405	336
7406	85
7407	884
7408	302
7409	12
7410	18
7411	661
7412	3750
7413	2302
7414	761
7415	8
7416	107
7417	39
7418	6
7419	3268
7420	31
7421	53
7422	2
7423	154
7424	11
7425	63
7426	23
7427	22
7428	9
7429	14
7430	154
7431	176
7432	6
7433	97
7434	68
7435	12
7436	26
7437	252
7438	43
7439	6
7440	11
7441	23
7442	29
7443	433
7444	27
7445	11
7446	130
7447	100
7448	6
7449	27
7450	193
7451	117
7452	519
7453	18
7454	15
7455	4
7456	362
7457	8
7458	80
7459	37
7460	121
7461	4170
7462	20
7463	19
7464	16
7465	5
7466	3
7467	13
7468	453
7469	405
7470	74
7471	87
7472	101
7473	49
7474	490
7475	81
7476	13
7477	287
7478	533
7479	4
7480	618
7481	9
7482	23
7483	930
7484	842
7485	8179
7486	5
7487	127
7488	5
7489	208
7490	24
7491	20
7492	213
7493	2186
7494	124
7495	55
7496	34
7497	11
7498	6
7499	102
7500	9450
7501	417
7502	59
7503	12474
7504	35
7505	94
7506	45
7507	5
7508	263
7509	634
7510	209
7511	127
7512	157
7513	587
7514	16
7515	1384
7516	67
7517	8
7518	224
7519	71
7520	175
7521	7011
7522	357
7523	3
7524	22
7525	8
7526	52
7527	51
7528	262
7529	14
7530	28
7531	10
7532	60
7533	4060
7534	2
7535	19
7536	9
7537	21
7538	882
7539	1370
7540	7
7541	3
7542	279
7543	14
7544	111
7545	31
7546	191
7547	222
7548	51
7549	58
7550	4
7551	17
7552	342
7553	34
7554	446
7555	10
7556	286
7557	233
7558	31
7559	12102
7560	23
7561	396
7562	1343
7563	588
7564	35
7565	75
7566	5
7567	641
7568	40
7569	210
7570	768
7571	482
7572	8
7573	18
7574	139
7575	8
7576	28
7577	115
7578	23
7579	56
7580	75
7581	144
7582	11
7583	23
7584	19
7585	135
7586	10
7587	10
7588	181
7589	304
7590	56
7591	72
7592	13
7593	15
7594	36
7595	46
7596	16
7597	297
7598	1146
7599	15
7600	3571
7601	56
7602	26
7603	47
7604	8
7605	33
7606	1165
7607	796
7608	48
7609	24
7610	143
7611	6
7612	49
7613	11
7614	4
7615	1389
7616	59
7617	45
7618	9
7619	219
7620	117
7621	17
7622	2193
7623	14
7624	125
7625	185
7626	1
7627	51
7628	8579
7629	41
7630	28
7631	2479
7632	3133
7633	72
7634	2
7635	10
7636	142
7637	5
7638	34
7639	267
7640	51
7641	918
7642	8
7643	47
7644	7625
7645	291
7646	679
7647	1353
7648	1001
7649	4249
7650	11
7651	72
7652	25
7653	66
7654	7
7655	8
7656	141
7657	690
7658	552
7659	13
7660	305
7661	53
7662	90
7663	355
7664	242
7665	4
7666	37
7667	283
7668	43
7669	1198
7670	5
7671	97
7672	99
7673	4093
7674	9
7675	262
7676	3303
7677	1246
7678	467
7679	47
7680	110
7681	1166
7682	198
7683	15
7684	27
7685	18
7686	3
7687	20
7688	414
7689	5
7690	92
7691	9
7692	10
7693	3838
7694	241
7695	646
7696	11
7697	16
7698	42
7699	19
7700	88
7701	19
7702	506
7703	7
7704	2463
7705	319
7706	17
7707	192
7708	52
7709	25
7710	5
7711	9
7712	1
7713	24
7714	116
7715	4378
7716	43
7717	119
7718	137
7719	11
7720	7
7721	17
7722	206
7723	244
7724	6
7725	58
7726	2
7727	19
7728	416
7729	10
7730	8
7731	161
7732	5
7733	343
7734	371
7735	18
7736	4938
7737	133
7738	331
7739	68
7740	112
7741	64
7742	3
7743	107
7744	45
7745	34
7746	5482
7747	349
7748	351
7749	176
7750	5
7751	13039
7752	6
7753	1802
7754	73
7755	12
7756	54
7757	96
7758	228
7759	12
7760	26
7761	317
7762	1652
7763	16
7764	11
7765	10
7766	31
7767	10
7768	159
7769	29
7770	52
7771	31
7772	114
7773	486
7774	130
7775	135
7776	66
7777	136
7778	906
7779	10
7780	283
7781	34209
7782	11
7783	160
7784	13
7785	59
7786	432
7787	50
7788	739
7789	46
7790	20
7791	11
7792	6
7793	41
7794	120
7795	102
7796	67
7797	7
7798	14
7799	21
7800	42
7801	101
7802	17
7803	63
7804	11
7805	84
7806	6513
7807	362
7808	1146
7809	50
7810	68
7811	12
7812	134
7813	65
7814	5
7815	580
7816	43
7817	4
7818	59
7819	138
7820	7
7821	2197
7822	5
7823	30
7824	9
7825	837
7826	320
7827	53
7828	297
7829	77
7830	201
7831	54
7832	17
7833	4
7834	55
7835	2045
7836	103
7837	890
7838	396
7839	14
7840	117
7841	10
7842	208
7843	7
7844	6
7845	78
7846	5
7847	82
7848	32
7849	36
7850	14
7851	102
7852	7
7853	62
7854	994
7855	14
7856	77
7857	15
7858	7
7859	24
7860	1013
7861	169
7862	3960
7863	1341
7864	81
7865	71
7866	26
7867	14
7868	69
7869	33
7870	582
7871	9
7872	322
7873	6
7874	10
7875	14
7876	41
7877	2948
7878	461
7879	34
7880	7
7881	929
7882	201
7883	555
7884	14
7885	14
7886	347
7887	21
7888	19
7889	3
7890	43
7891	258
7892	37
7893	723
7894	19
7895	48
7896	326
7897	17
7898	2083
7899	53
7900	28
7901	2298
7902	18
7903	84
7904	10
7905	156
7906	18
7907	179
7908	373
7909	101
7910	63
7911	1504
7912	439
7913	212
7914	493
7915	5
7916	6639
7917	11
7918	13
7919	74
7920	20
7921	65
7922	538
7923	1142
7924	88
7925	1453
7926	318
7927	9
7928	16
7929	74
7930	1455
7931	62
7932	32
7933	21
7934	30
7935	4
7936	955
7937	23
7938	46
7939	48
7940	88
7941	8
7942	5
7943	41
7944	81
7945	8
7946	11
7947	98
7948	21509
7949	11
7950	30
7951	120
7952	5730
7953	340
7954	14
7955	1329
7956	9
7957	51
7958	36
7959	37
7960	224
7961	4
7962	28
7963	13715
7964	126
7965	8
7966	59
7967	18
7968	361
7969	10576
7970	346
7971	10
7972	130
7973	4
7974	15
7975	94
7976	565
7977	75
7978	829
7979	33
7980	221
7981	27
7982	10
7983	6
7984	33
7985	51
7986	38
7987	2242
7988	180
7989	210
7990	72
7991	64
7992	699
7993	299
7994	93
7995	39
7996	54
7997	36
7998	107
7999	644
8000	51
8001	65
8002	25
8003	6
8004	185
8005	17
8006	3939
8007	288
8008	125
8009	4
8010	9
8011	133
8012	4431
8013	1995
8014	14
8015	55
8016	431
8017	950
8018	197
8019	3
8020	40
8021	27864
8022	5112
8023	4
8024	135
8025	4865
8026	30
8027	244
8028	21
8029	118
8030	482
8031	122
8032	40
8033	87
8034	146
8035	8
8036	10
8037	18
8038	66
8039	38
8040	19
8041	278
8042	110
8043	225
8044	84
8045	145
8046	8
8047	487
8048	13355
8049	590
8050	69
8051	6
8052	82
8053	1644
8054	19
8055	10
8056	1096
8057	1017
8058	18
8059	40
8060	20
8061	2029
8062	35
8063	37
8064	37
8065	11
8066	88
8067	25
8068	36
8069	524
8070	184
8071	262
8072	955
8073	855
8074	119
8075	2414
8076	1623
8077	17
8078	12
8079	465
8080	226
8081	27
8082	8
8083	22
8084	5
8085	26
8086	21
8087	7049
8088	962
8089	68
8090	3
8091	895
8092	846
8093	8
8094	7
8095	22
8096	106
8097	24
8098	94
8099	10
8100	11
8101	37
8102	23
8103	1214
8104	1015
8105	247
8106	124
8107	10
8108	5
8109	88
8110	16
8111	94
8112	651
8113	31
8114	5
8115	32
8116	144
8117	52
8118	214
8119	10
8120	44
8121	285
8122	5
8123	486
8124	10
8125	121
8126	64
8127	142
8128	425
8129	29
8130	4
8131	26
8132	3
8133	12
8134	16
8135	33
8136	933
8137	45
8138	8170
8139	18
8140	299
8141	71
8142	10
8143	608
8144	33
8145	12
8146	100
8147	25
8148	6
8149	717
8150	79
8151	386
8152	7
8153	5376
8154	107
8155	26
8156	4
8157	19
8158	129
8159	33
8160	8
8161	4
8162	11
8163	458
8164	17
8165	6
8166	11
8167	22
8168	29
8169	856
8170	8
8171	46
8172	39
8173	824
8174	42721
8175	363
8176	101
8177	140
8178	24
8179	88
8180	201
8181	108
8182	19
8183	7
8184	118
8185	112
8186	1292
8187	110
8188	23
8189	16
8190	86
8191	26
8192	1332
8193	29313
8194	138
8195	2684
8196	11
8197	1650
8198	42
8199	18
8200	231
8201	13
8202	22
8203	1726
8204	4557
8205	380
8206	15
8207	10
8208	11
8209	101
8210	7
8211	7
8212	154
8213	27
8214	933
8215	7
8216	375
8217	34
8218	7
8219	18
8220	21
8221	72
8222	18
8223	196
8224	1252
8225	78
8226	186
8227	32
8228	835
8229	656
8230	7264
8231	18
8232	6
8233	95
8234	9
8235	62
8236	124
8237	323
8238	138
8239	6247
8240	3
8241	5
8242	749
8243	7
8244	155
8245	119
8246	254
8247	435
8248	13
8249	6
8250	3
8251	1545
8252	164
8253	36
8254	26
8255	15
8256	69
8257	214
8258	67
8259	137
8260	602
8261	194
8262	32
8263	45
8264	217
8265	112
8266	238
8267	12
8268	13
8269	629
8270	15
8271	50
8272	75
8273	8
8274	908
8275	17
8276	78
8277	85020
8278	159
8279	65
8280	8
8281	305
8282	12
8283	25
8284	20
8285	114
8286	36
8287	9
8288	15
8289	9
8290	145
8291	51
8292	49
8293	47
8294	21
8295	81
8296	276
8297	822
8298	14
8299	4
8300	14
8301	139
8302	38
8303	64
8304	7
8305	61
8306	72
8307	20
8308	77
8309	10663
8310	143
8311	270
8312	3
8313	20
8314	144
8315	15
8316	6
8317	15
8318	17
8319	25
8320	392
8321	39
8322	301
8323	17
8324	2700
8325	10
8326	223
8327	8
8328	3
8329	390
8330	4
8331	22
8332	23
8333	20
8334	22
8335	50
8336	20
8337	7
8338	17
8339	1043
8340	25
8341	60
8342	89
8343	2
8344	142
8345	16
8346	10
8347	79
8348	434
8349	630
8350	49
8351	273
8352	404
8353	2
8354	5
8355	8
8356	100
8357	359
8358	430
8359	11
8360	13
8361	7
8362	2011
8363	16
8364	46
8365	13
8366	728
8367	382
8368	303
8369	51
8370	107
8371	70
8372	195
8373	19
8374	29
8375	147
8376	635
8377	241
8378	5
8379	604
8380	789
8381	1789
8382	1235
8383	9
8384	183
8385	1256
8386	259
8387	29
8388	5
8389	5
8390	2467
8391	14
8392	74
8393	217
8394	95
8395	14
8396	30
8397	231
8398	41
8399	71
8400	186
8401	32
8402	56
8403	90
8404	16
8405	77
8406	14
8407	17
8408	91
8409	412
8410	95
8411	51
8412	3234
8413	667
8414	2196
8415	189
8416	158
8417	16
8418	30
8419	16
8420	18
8421	174
8422	10
8423	82
8424	42044
8425	357
8426	36
8427	8
8428	206
8429	97
8430	204
8431	33
8432	24
8433	71
8434	40
8435	1
8436	1463
8437	156
8438	62
8439	49
8440	113
8441	34
8442	517
8443	49
8444	212
8445	8
8446	177
8447	15
8448	483
8449	129
8450	17
8451	326
8452	155
8453	42
8454	83
8455	5
8456	108
8457	4
8458	23
8459	55
8460	3202
8461	197
8462	42
8463	28
8464	106
8465	693
8466	4
8467	6384
8468	23
8469	64
8470	81
8471	59
8472	64
8473	100
8474	741
8475	4178
8476	13
8477	62
8478	880
8479	7464
8480	605
8481	460
8482	7
8483	71
8484	317
8485	175
8486	99
8487	16
8488	109
8489	68
8490	6575
8491	83
8492	8
8493	115
8494	96
8495	5
8496	196
8497	116
8498	60
8499	67
8500	246
8501	2446
8502	60
8503	96
8504	4
8505	170
8506	1643
8507	58
8508	6
8509	62
8510	69
8511	51
8512	656
8513	16
8514	516
8515	227
8516	2032
8517	11
8518	66986
8519	642
8520	64
8521	37
8522	74
8523	827
8524	109
8525	228
8526	124
8527	15
8528	914
8529	585
8530	12
8531	33
8532	237
8533	7
8534	10
8535	41
8536	4204
8537	8
8538	44
8539	817
8540	4
8541	5
8542	153
8543	13
8544	33
8545	6
8546	6
8547	49
8548	86
8549	52
8550	6
8551	79
8552	11
8553	78
8554	24
8555	7920
8556	16
8557	43
8558	322
8559	140
8560	9
8561	134
8562	46
8563	32
8564	24
8565	35
8566	140
8567	501
8568	253
8569	228
8570	631
8571	14399
8572	390
8573	33
8574	2436
8575	2018
8576	31
8577	47
8578	22
8579	28
8580	3353
8581	27
8582	48
8583	97
8584	722
8585	35
8586	189
8587	861
8588	75
8589	20
8590	3566
8591	64
8592	990
8593	3
8594	1158
8595	5
8596	549
8597	8
8598	73
8599	26
8600	4
8601	8
8602	6
8603	56
8604	21
8605	249
8606	3
8607	272
8608	44
8609	8
8610	8
8611	23
8612	253
8613	132
8614	155
8615	3534
8616	19
8617	890
8618	10
8619	548
8620	310
8621	9
8622	62
8623	90
8624	6
8625	42
8626	182
8627	120
8628	74
8629	23
8630	36
8631	859
8632	15
8633	146
8634	2
8635	89
8636	5
8637	828
8638	4136
8639	442
8640	42
8641	36
8642	17
8643	77
8644	141
8645	196
8646	9
8647	33
8648	70
8649	36
8650	224
8651	4
8652	169
8653	152
8654	1610
8655	11
8656	413
8657	6
8658	16
8659	157
8660	15
8661	228
8662	182
8663	67
8664	419
8665	22
8666	38
8667	1481
8668	983
8669	19
8670	13852
8671	5171
8672	8
8673	7
8674	49
8675	2
8676	161
8677	46
8678	114
8679	3
8680	546
8681	61
8682	2
8683	43
8684	51
8685	120
8686	34
8687	12
8688	13
8689	129
8690	12
8691	27
8692	13
8693	313
8694	305
8695	506
8696	25
8697	237
8698	5
8699	261
8700	20
8701	7
8702	3
8703	24
8704	7
8705	5
8706	7
8707	1136
8708	37
8709	17
8710	2584
8711	14
8712	124
8713	74
8714	182
8715	28
8716	23
8717	508
8718	327
8719	9
8720	20
8721	428
8722	117
8723	183
8724	24
8725	402
8726	15
8727	861
8728	1746
8729	17
8730	764
8731	12
8732	1234
8733	298
8734	12
8735	110
8736	6065
8737	3
8738	5
8739	140
8740	73
8741	56
8742	31
8743	589
8744	2908
8745	39
8746	165
8747	309
8748	19
8749	2
8750	11
8751	26
8752	45
8753	33
8754	168
8755	38
8756	23
8757	11
8758	2750
8759	18
8760	8
8761	165
8762	286
8763	131
8764	118
8765	90
8766	11
8767	563
8768	42
8769	157
8770	20
8771	21
8772	49
8773	114
8774	708
8775	114
8776	92
8777	441
8778	6
8779	20
8780	34
8781	502
8782	2
8783	42
8784	81
8785	12
8786	91
8787	77
8788	77
8789	353
8790	26
8791	198
8792	405
8793	8
8794	13
8795	26
8796	92
8797	82
8798	66
8799	327
8800	603
8801	31
8802	344
8803	4040
8804	24
8805	516
8806	64
8807	89
8808	331
8809	1460
8810	23
8811	220
8812	134
8813	40
8814	13
8815	19
8816	35
8817	111
8818	40
8819	87
8820	5
8821	4
8822	4
8823	17
8824	157
8825	21
8826	24
8827	124
8828	16
8829	9
8830	114
8831	190
8832	659
8833	589
8834	1372
8835	434
8836	45
8837	28
8838	312
8839	16
8840	11
8841	144
8842	15
8843	2769
8844	25
8845	4
8846	63
8847	275
8848	423
8849	124
8850	179
8851	258
8852	187
8853	23
8854	1280
8855	26
8856	76
8857	104
8858	47
8859	19518
8860	58
8861	445
8862	30
8863	31
8864	3
8865	342
8866	1230
8867	139
8868	100
8869	238
8870	7
8871	150
8872	298
8873	486
8874	5
8875	70
8876	86
8877	13
8878	42
8879	22
8880	17
8881	44
8882	179
8883	19
8884	446
8885	89
8886	189
8887	196
8888	97
8889	59
8890	13
8891	59
8892	38
8893	21
8894	7
8895	16
8896	290
8897	9
8898	2420
8899	16
8900	77
8901	6
8902	40
8903	3715
8904	54
8905	34
8906	5
8907	43
8908	338
8909	51
8910	514
8911	207
8912	2221
8913	11
8914	195
8915	294
8916	20
8917	10
8918	53
8919	13
8920	1361
8921	7
8922	34
8923	439
8924	166
8925	7
8926	116
8927	272
8928	533
8929	3468
8930	111
8931	5
8932	10
8933	25
8934	215
8935	132
8936	121
8937	44
8938	4
8939	181
8940	571
8941	8
8942	20
8943	10
8944	18
8945	53
8946	33
8947	23
8948	11
8949	14
8950	70
8951	105
8952	870
8953	3361
8954	134
8955	7498
8956	656
8957	8
8958	554
8959	615
8960	57
8961	19
8962	3
8963	162
8964	48
8965	87
8966	37
8967	15
8968	1797
8969	49
8970	8
8971	10
8972	9
8973	13
8974	47
8975	9
8976	12
8977	61
8978	6
8979	82
8980	35
8981	101
8982	109
8983	6
8984	7
8985	7
8986	1180
8987	20
8988	3250
8989	15
8990	187
8991	7
8992	22
8993	741
8994	81
8995	78
8996	519
8997	593
8998	29
8999	18
9000	2162
9001	19
9002	11
9003	11
9004	35
9005	4
9006	1812
9007	2622
9008	42
9009	667
9010	46
9011	38
9012	42
9013	16
9014	11
9015	262
9016	16
9017	11
9018	5590
9019	153
9020	10550
9021	117
9022	27
9023	10
9024	22
9025	48
9026	28
9027	20
9028	407
9029	2
9030	60
9031	34
9032	142
9033	91
9034	292
9035	7
9036	1957
9037	46
9038	1692
9039	86
9040	20
9041	10
9042	20
9043	124
9044	11
9045	22
9046	20
9047	4228
9048	61
9049	239
9050	19
9051	750
9052	2
9053	66
9054	38
9055	336
9056	165
9057	7
9058	2770
9059	177
9060	566
9061	46
9062	14
9063	13
9064	116
9065	1944
9066	13
9067	646
9068	1302
9069	215
9070	169
9071	1150
9072	76
9073	66
9074	18
9075	1030
9076	55946
9077	557
9078	58
9079	291
9080	1088
9081	22
9082	13
9083	22
9084	229
9085	66
9086	139
9087	8
9088	522
9089	4
9090	29
9091	38
9092	11703
9093	15
9094	177
9095	177
9096	110
9097	6
9098	614
9099	56
9100	29
9101	409
9102	125
9103	13
9104	355
9105	62
9106	719
9107	310
9108	24
9109	61
9110	6
9111	27
9112	74
9113	10
9114	215
9115	10
9116	108
9117	9
9118	31
9119	213
9120	575
9121	284
9122	1496
9123	24
9124	7176
9125	5
9126	9
9127	632
9128	206
9129	23
9130	752
9131	24
9132	13
9133	831
9134	20
9135	88
9136	18
9137	929
9138	3300
9139	565
9140	122
9141	31
9142	10
9143	7
9144	242
9145	62
9146	230
9147	14
9148	17
9149	27
9150	14
9151	76
9152	19
9153	12
9154	1371
9155	628
9156	111
9157	45
9158	14
9159	1222
9160	5
9161	10
9162	468
9163	350
9164	44
9165	4
9166	533
9167	29
9168	14
9169	83
9170	424
9171	838
9172	583
9173	86
9174	14
9175	2824
9176	493
9177	1762
9178	1512
9179	8
9180	30
9181	12
9182	344
9183	20
9184	14
9185	51
9186	1004
9187	255
9188	22
9189	358
9190	30
9191	6
9192	246
9193	7
9194	610
9195	7
9196	242
9197	126
9198	15
9199	1257
9200	115
9201	133
9202	101
9203	2453
9204	45
9205	125
9206	56
9207	43
9208	355
9209	37
9210	3773
9211	16
9212	218
9213	1528
9214	105
9215	76
9216	664
9217	336
9218	14
9219	240
9220	27
9221	20
9222	10
9223	9
9224	1808
9225	1451
9226	54
9227	221
9228	2
9229	131
9230	45
9231	76
9232	14
9233	16
9234	61
9235	51
9236	53
9237	22
9238	377
9239	221
9240	3
9241	3
9242	120
9243	593
9244	165
9245	354
9246	55
9247	17
9248	177
9249	21
9250	61
9251	13
9252	460
9253	5
9254	21
9255	56
9256	3
9257	12
9258	15
9259	35
9260	25
9261	463
9262	127
9263	12
9264	159
9265	82
9266	488
9267	275
9268	111
9269	10
9270	1363
9271	28
9272	130
9273	109
9274	95
9275	102
9276	12
9277	36
9278	3
9279	21
9280	41
9281	6
9282	171
9283	201
9284	1068
9285	565
9286	112
9287	48
9288	3
9289	4
9290	2912
9291	30
9292	2921
9293	5
9294	179
9295	114
9296	35
9297	75
9298	16
9299	217
9300	105
9301	4
9302	85
9303	41
9304	2
9305	2
9306	15
9307	19
9308	124
9309	16
9310	17
9311	10
9312	35
9313	20
9314	330
9315	52
9316	10
9317	49
9318	15
9319	41
9320	5
9321	324
9322	420
9323	164
9324	877
9325	7
9326	38
9327	6299
9328	56
9329	59
9330	6
9331	67
9332	25
9333	7
9334	37
9335	6
9336	107
9337	7522
9338	5
9339	12992
9340	559
9341	59
9342	1
9343	15
9344	106
9345	21
9346	656
9347	160
9348	141
9349	13
9350	14
9351	294
9352	88
9353	11
9354	123
9355	10
9356	173
9357	87
9358	2210
9359	358
9360	1007
9361	38
9362	234
9363	514
9364	956
9365	492
9366	6763
9367	14
9368	57
9369	13
9370	238
9371	287
9372	480
9373	745
9374	15
9375	13
9376	141
9377	6
9378	8
9379	94
9380	35
9381	23
9382	270
9383	392
9384	62
9385	948
9386	5
9387	36187
9388	19
9389	568
9390	5260
9391	14
9392	32
9393	29
9394	27
9395	51
9396	16
9397	746
9398	5
9399	119
9400	17
9401	304
9402	18
9403	248
9404	22
9405	3147
9406	32
9407	680
9408	36
9409	1685
9410	30
9411	3236
9412	64
9413	22
9414	25
9415	67
9416	314
9417	10
9418	102
9419	218
9420	387
9421	6584
9422	2286
9423	12
9424	1208
9425	19
9426	1160
9427	75
9428	8
9429	33
9430	1428
9431	362
9432	128
9433	4
9434	2678
9435	12
9436	1275
9437	142
9438	3417
9439	27
9440	55
9441	8
9442	28
9443	6
9444	2333
9445	54
9446	29
9447	110
9448	27
9449	246
9450	450
9451	13
9452	47
9453	7
9454	309
9455	15
9456	54
9457	33
9458	1306
9459	247
9460	19
9461	63
9462	294
9463	620
9464	120
9465	284
9466	215
9467	42
9468	97
9469	6
9470	365
9471	468
9472	3030
9473	369
9474	350
9475	118
9476	42
9477	3919
9478	47
9479	49
9480	811
9481	7
9482	195
9483	121
9484	623
9485	19
9486	706
9487	35
9488	39
9489	47
9490	19
9491	7
9492	195
9493	808
9494	418
9495	127
9496	80
9497	516
9498	4
9499	315
9500	37
9501	135
9502	55
9503	15
9504	16
9505	593
9506	10
9507	3100
9508	95
9509	15
9510	2251
9511	6
9512	2
9513	498
9514	41
9515	8162
9516	6
9517	1165
9518	56
9519	526
9520	53
9521	1464
9522	28
9523	82
9524	3
9525	124
9526	9
9527	5
9528	29
9529	3
9530	96
9531	1142
9532	612
9533	509
9534	3505
9535	274
9536	120
9537	292
9538	79
9539	25
9540	8
9541	107
9542	38
9543	29
9544	384
9545	90
9546	14
9547	2129
9548	31
9549	38
9550	6542
9551	1178
9552	11
9553	12
9554	2414
9555	2
9556	94
9557	203
9558	2891
9559	12
9560	27
9561	1654
9562	8
9563	6
9564	20
9565	36
9566	17
9567	17
9568	14
9569	3
9570	52
9571	103
9572	32
9573	58
9574	303
9575	9
9576	48
9577	14
9578	32
9579	18
9580	330
9581	11
9582	306
9583	987
9584	787
9585	130
9586	5
9587	601
9588	4
9589	61
9590	106
9591	11
9592	24
9593	355
9594	815
9595	5361
9596	39
9597	2072
9598	5508
9599	9
9600	67
9601	706
9602	4
9603	17
9604	1605
9605	848
9606	37
9607	29
9608	151
9609	50
9610	38
9611	5
9612	21
9613	21
9614	177
9615	11
9616	22
9617	15
9618	1035
9619	32
9620	39
9621	492
9622	8
9623	5709
9624	13
9625	6
9626	212
9627	36
9628	43
9629	9
9630	16
9631	451
9632	6
9633	36
9634	585
9635	105
9636	12
9637	1265
9638	115
9639	488
9640	41
9641	870
9642	16
9643	161
9644	711
9645	14
9646	24
9647	311
9648	2024
9649	195
9650	26
9651	160
9652	37
9653	33
9654	22
9655	109
9656	154
9657	110
9658	20
9659	128
9660	65
9661	17
9662	254
9663	397
9664	7
9665	7
9666	4348
9667	9
9668	96
9669	32
9670	82
9671	66
9672	16
9673	74
9674	18
9675	75
9676	57
9677	40
9678	18
9679	11
9680	39
9681	1316
9682	6
9683	8
9684	17
9685	32
9686	49
9687	659
9688	6
9689	4047
9690	135
9691	9
9692	76
9693	18
9694	409
9695	165
9696	100
9697	37
9698	733
9699	256
9700	30
9701	18
9702	30
9703	1117
9704	23
9705	9
9706	4
9707	3
9708	249
9709	24
9710	146
9711	15
9712	96
9713	38
9714	241
9715	33
9716	74
9717	21
9718	132
9719	21
9720	17
9721	47
9722	10
9723	5
9724	21
9725	1046
9726	19
9727	4
9728	5
9729	42
9730	65
9731	5
9732	14
9733	6
9734	34
9735	7
9736	1537
9737	132
9738	233
9739	1489
9740	9
9741	7010
9742	20
9743	876
9744	18
9745	10
9746	55
9747	68
9748	146
9749	139
9750	87
9751	54
9752	99
9753	34
9754	23
9755	9410
9756	125
9757	20
9758	7
9759	297
9760	27
9761	30
9762	776
9763	121
9764	36
9765	4
9766	1269
9767	4
9768	8
9769	12
9770	10
9771	60
9772	605
9773	79
9774	88
9775	5
9776	520
9777	91
9778	9
9779	2000
9780	24
9781	380
9782	8
9783	652
9784	210
9785	73
9786	1402
9787	107
9788	819
9789	13
9790	3
9791	10
9792	9
9793	17
9794	84
9795	62
9796	889
9797	17
9798	8
9799	505
9800	18
9801	8
9802	7
9803	240
9804	591
9805	250
9806	289
9807	970
9808	7885
9809	11
9810	1655
9811	40
9812	60
9813	14
9814	88
9815	95
9816	196
9817	82
9818	1
9819	79
9820	65
9821	10
9822	97
9823	6
9824	93
9825	10704
9826	49
9827	126
9828	25
9829	889
9830	75
9831	17
9832	57
9833	33
9834	124
9835	121
9836	463
9837	2751
9838	419
9839	38720
9840	306
9841	28
9842	52
9843	7
9844	173
9845	96
9846	8
9847	17
9848	101
9849	475
9850	215
9851	180
9852	573
9853	487
9854	11
9855	13
9856	3
9857	41
9858	23
9859	296
9860	51
9861	12
9862	593
9863	29
9864	892
9865	4
9866	469
9867	33
9868	20
9869	160
9870	60
9871	2432
9872	84
9873	17
9874	10
9875	198
9876	206
9877	14
9878	129
9879	47
9880	4
9881	3307
9882	67
9883	416
9884	64
9885	370
9886	444
9887	12
9888	7
9889	3
9890	159
9891	7
9892	39
9893	40
9894	586
9895	26
9896	1137
9897	133
9898	6
9899	45
9900	18
9901	2356
9902	5
9903	9
9904	18
9905	17
9906	1009
9907	3
9908	10
9909	328
9910	105
9911	9
9912	154
9913	1540
9914	21
9915	6
9916	62
9917	8
9918	9
9919	10
9920	7
9921	7
9922	104
9923	5
9924	70
9925	5
9926	22
9927	60
9928	56
9929	4
9930	23
9931	8
9932	1627
9933	61
9934	3735
9935	59
9936	91
9937	83
9938	24
9939	63
9940	38
9941	290
9942	81
9943	58
9944	11
9945	154
9946	17
9947	15
9948	339
9949	8
9950	6
9951	19
9952	271
9953	335
9954	3
9955	4365
9956	37
9957	97
9958	5
9959	4
9960	34
9961	14
9962	11
9963	516
9964	391
9965	65
9966	77
9967	79
9968	87
9969	59
9970	115
9971	9
9972	415
9973	233
9974	204
9975	18
9976	281
9977	8
9978	12
9979	64
9980	54
9981	11
9982	4
9983	18
9984	16
9985	68
9986	77
9987	52
9988	12
9989	223
9990	164
9991	7
9992	10
9993	23
9994	3
9995	214
9996	1083
9997	67
9998	6
9999	7
10000	11
10001	3
10002	7
10003	3
10004	20
10005	770
10006	2422
10007	9
10008	187
10009	85
10010	23
10011	300
10012	13
10013	9
10014	10
10015	24
10016	65
10017	14707
10018	12
10019	5
10020	41
10021	9
10022	339
10023	19
10024	16
10025	1220
10026	55
10027	65
10028	14
10029	140
10030	21
10031	311
10032	6880
10033	33
10034	168
10035	25
10036	2206
10037	82
10038	206
10039	24
10040	114
10041	28
10042	8
10043	30
10044	19
10045	28
10046	35
10047	21
10048	112
10049	1377
10050	23
10051	7
10052	91
10053	225
10054	1229
10055	4
10056	7
10057	65
10058	11
10059	24
10060	2396
10061	125
10062	40
10063	67
10064	8
10065	116
10066	53
10067	16
10068	81
10069	183
10070	12121
10071	12
10072	9
10073	6
10074	6
10075	35
10076	44
10077	269
10078	305
10079	8
10080	436
10081	145
10082	691
10083	44
10084	648
10085	35
10086	6
10087	276
10088	46
10089	1804
10090	10
10091	108
10092	131
10093	91
10094	37
10095	145
10096	792
10097	48
10098	24
10099	8
10100	60
10101	73
10102	494
10103	13
10104	24
10105	38
10106	5504
10107	501
10108	4794
10109	38
10110	319
10111	515
10112	1503
10113	6
10114	782
10115	53
10116	311
10117	739
10118	9
10119	5
10120	155
10121	2470
10122	15
10123	17
10124	68
10125	2366
10126	615
10127	18
10128	8
10129	757
10130	515
10131	192
10132	18040
10133	317
10134	20
10135	43
10136	8
10137	160
10138	12
10139	4
10140	115
10141	73
10142	53
10143	23
10144	117
10145	1376
10146	68
10147	27
10148	271
10149	9
10150	37
10151	4726
10152	114
10153	112
10154	10
10155	32
10156	42
10157	82
10158	12
10159	138
10160	13
10161	20
10162	18
10163	1912
10164	16
10165	18
10166	600
10167	53
10168	69
10169	4
10170	57
10171	11
10172	1122
10173	1272
10174	71
10175	23
10176	501
10177	179
10178	13
10179	4
10180	1076
10181	863
10182	201
10183	11
10184	9
10185	77
10186	27
10187	8
10188	6
10189	618
10190	14
10191	80
10192	47
10193	3405
10194	18
10195	140
10196	7
10197	179
10198	9
10199	4207
10200	6
10201	200
10202	65
10203	5
10204	11
10205	30
10206	2
10207	16
10208	340
10209	108
10210	592
10211	6
10212	1259
10213	69
10214	30
10215	337
10216	8
10217	7
10218	15
10219	7
10220	10
10221	622
10222	20
10223	5
10224	130
10225	2
10226	70
10227	1005
10228	13
10229	5
10230	33
10231	50
10232	145
10233	5
10234	650
10235	465
10236	129
10237	50
10238	52
10239	185
10240	378
10241	811
10242	7
10243	3348
10244	7
10245	33
10246	23826
10247	30
10248	1835
10249	17
10250	14
10251	448
10252	280
10253	6
10254	10
10255	3162
10256	255
10257	19
10258	1946
10259	29
10260	1
10261	217
10262	2
10263	103
10264	7
10265	240
10266	199
10267	22
10268	124
10269	66
10270	1
10271	4
10272	21
10273	296
10274	21
10275	670
10276	9
10277	18
10278	67
10279	1071
10280	150
10281	32
10282	19
10283	16
10284	6
10285	3
10286	41
10287	6
10288	194
10289	13
10290	225
10291	465
10292	1698
10293	16
10294	22
10295	7
10296	608
10297	22
10298	9
10299	22
10300	325
10301	671
10302	20
10303	41
10304	6
10305	9270
10306	402
10307	402
10308	93
10309	271
10310	2162
10311	2
10312	4811
10313	30
10314	1114
10315	1367
10316	42
10317	23
10318	11
10319	11
10320	90
10321	968
10322	120
10323	7
10324	30
10325	19
10326	5526
10327	39
10328	71
10329	91
10330	101
10331	392
10332	21
10333	2161
10334	11
10335	840
10336	62
10337	1561
10338	37
10339	3120
10340	53
10341	684
10342	424
10343	2696
10344	19
10345	43
10346	337
10347	29
10348	31
10349	93
10350	442
10351	1198
10352	56
10353	7
10354	15
10355	24
10356	20
10357	15
10358	489
10359	30
10360	387
10361	7
10362	7
10363	25
10364	70
10365	501
10366	145
10367	15
10368	9
10369	5797
10370	11
10371	624
10372	98
10373	21
10374	1701
10375	134
10376	134
10377	13
10378	17
10379	38
10380	61
10381	24
10382	7
10383	90
10384	103
10385	8158
10386	251
10387	597
10388	1074
10389	12
10390	75
10391	37
10392	4
10393	54
10394	72
10395	42
10396	83
10397	8
10398	26
10399	30
10400	29
10401	320
10402	613
10403	794
10404	47
10405	59
10406	22
10407	705
10408	13
10409	585
10410	33
10411	497
10412	6
10413	8
10414	138
10415	31
10416	31
10417	7
10418	68
10419	11
10420	256
10421	793
10422	11
10423	423
10424	771
10425	10
10426	21
10427	15
10428	24
10429	218
10430	18
10431	22
10432	9
10433	137
10434	5
10435	55
10436	273
10437	198
10438	147
10439	367
10440	5
10441	2909
10442	321
10443	7
10444	4
10445	9
10446	204
10447	613
10448	521
10449	5
10450	21
10451	81
10452	5
10453	759
10454	7
10455	361
10456	4
10457	9
10458	3
10459	7
10460	728
10461	10
10462	13
10463	51
10464	5
10465	65
10466	15
10467	1608
10468	511
10469	741
10470	10
10471	12
10472	12
10473	6281
10474	13
10475	232
10476	631
10477	101
10478	696
10479	811
10480	79
10481	734
10482	1146
10483	19
10484	16
10485	13
10486	9
10487	23
10488	27
10489	108
10490	847
10491	129
10492	3924
10493	226
10494	605
10495	30
10496	5
10497	221
10498	996
10499	453
10500	1254
10501	26
10502	34
10503	4
10504	7673
10505	51
10506	4
10507	16
10508	131
10509	2757
10510	29
10511	39
10512	3
10513	26
10514	906
10515	32
10516	73
10517	363
10518	2153
10519	238
10520	16
10521	1212
10522	24
10523	202
10524	108
10525	88
10526	23
10527	2115
10528	1861
10529	433
10530	223
10531	14
10532	4
10533	2
10534	153
10535	20
10536	10
10537	492
10538	4
10539	67
10540	550
10541	25
10542	55
10543	5
10544	103
10545	689
10546	37
10547	182
10548	16
10549	616
10550	6
10551	1886
10552	109
10553	11
10554	90
10555	61
10556	15
10557	94
10558	707
10559	45
10560	177
10561	85
10562	56
10563	16
10564	35
10565	1630
10566	138
10567	116
10568	1011
10569	189
10570	229
10571	31
10572	3
10573	303
10574	432
10575	11
10576	9
10577	17
10578	88
10579	11
10580	1549
10581	251
10582	8
10583	4
10584	1
10585	358
10586	1191
10587	8
10588	13
10589	36
10590	9
10591	43
10592	5
10593	2
10594	6
10595	18
10596	9
10597	72
10598	31
10599	782
10600	73
10601	27
10602	1158
10603	7630
10604	7
10605	637
10606	190
10607	920
10608	29
10609	11
10610	6
10611	36
10612	344
10613	4183
10614	84
10615	36
10616	596
10617	74
10618	68
10619	70
10620	191
10621	7374
10622	19
10623	208
10624	9
10625	32
10626	28
10627	7
10628	85
10629	10
10630	59
10631	113
10632	4
10633	18
10634	31
10635	26
10636	6
10637	468
10638	9
10639	10
10640	79
10641	86
10642	40
10643	30
10644	12318
10645	24
10646	314
10647	47
10648	52
10649	6
10650	327
10651	16
10652	34
10653	65
10654	134
10655	652
10656	47
10657	2
10658	107
10659	76
10660	6
10661	4
10662	431
10663	6
10664	163
10665	33
10666	413
10667	739
10668	515
10669	315
10670	99
10671	59
10672	2
10673	14973
10674	30
10675	370
10676	447
10677	146
10678	44
10679	58
10680	58
10681	147
10682	14
10683	24
10684	17
10685	1954
10686	6
10687	8
10688	2
10689	6
10690	1455
10691	440
10692	78
10693	18
10694	16
10695	193
10696	40
10697	70
10698	2
10699	970
10700	78
10701	3
10702	1259
10703	35
10704	46
10705	6
10706	256
10707	17
10708	6
10709	773
10710	149
10711	551
10712	20
10713	316
10714	196
10715	442
10716	102
10717	71
10718	117
10719	190
10720	14
10721	43
10722	230
10723	32
10724	1317
10725	22
10726	3
10727	15
10728	9
10729	46
10730	13
10731	73
10732	739
10733	6
10734	672
10735	65
10736	73
10737	906
10738	77
10739	28
10740	11
10741	21
10742	11
10743	218
10744	60
10745	17
10746	15
10747	176
10748	15
10749	57485
10750	7
10751	22
10752	311
10753	5345
10754	184
10755	495
10756	20
10757	70
10758	24
10759	56
10760	8
10761	6359
10762	257
10763	473
10764	50
10765	429
10766	7
10767	117
10768	5271
10769	22
10770	15
10771	240
10772	30
10773	7
10774	8
10775	28
10776	295
10777	13
10778	7
10779	340
10780	34
10781	299
10782	353
10783	58
10784	19
10785	10
10786	13
10787	205
10788	12
10789	38
10790	10
10791	39
10792	7
10793	590
10794	51
10795	96
10796	127
10797	42
10798	3537
10799	97
10800	8
10801	20
10802	32
10803	156
10804	1116
10805	24
10806	1
10807	751
10808	12
10809	53
10810	42
10811	24
10812	21
10813	84
10814	6925
10815	20
10816	89
10817	44
10818	22
10819	1375
10820	16
10821	130
10822	14
10823	631
10824	26
10825	5
10826	827
10827	626
10828	6
10829	34
10830	108
10831	8337
10832	6
10833	129
10834	492
10835	37
10836	38
10837	14
10838	19
10839	11
10840	2337
10841	234
10842	136
10843	7
10844	6
10845	33
10846	9
10847	18
10848	328
10849	1215
10850	19
10851	1688
10852	142
10853	189
10854	105
10855	43
10856	109
10857	13
10858	52
10859	372
10860	9
10861	26
10862	907
10863	1560
10864	197
10865	7
10866	830
10867	409
10868	115
10869	424
10870	8
10871	20
10872	972
10873	19
10874	994
10875	66
10876	81
10877	38
10878	227
10879	6
10880	1211
10881	31
10882	8
10883	42
10884	4
10885	387
10886	29
10887	10
10888	92
10889	252
10890	580
10891	71
10892	1447
10893	26
10894	176
10895	5261
10896	195
10897	322
10898	58
10899	179
10900	125
10901	45
10902	739
10903	4
10904	616
10905	12
10906	32
10907	75
10908	621
10909	54
10910	6
10911	32
10912	8303
10913	140
10914	277
10915	826
10916	273
10917	35
10918	88
10919	77
10920	63
10921	39
10922	5
10923	23
10924	37
10925	92
10926	92
10927	24
10928	68
10929	20
10930	8
10931	50
10932	136
10933	392
10934	30
10935	9
10936	40
10937	82
10938	27
10939	207
10940	5
10941	114
10942	5
10943	41
10944	347
10945	93
10946	94
10947	44
10948	109
10949	20
10950	42
10951	37
10952	73
10953	15
10954	13
10955	51
10956	25
10957	18269
10958	19
10959	3
10960	3324
10961	7
10962	142
10963	41
10964	34
10965	68
10966	35
10967	64
10968	50
10969	160
10970	464
10971	52
10972	42
10973	66
10974	208
10975	15
10976	15
10977	3
10978	1483
10979	18
10980	51
10981	23
10982	46
10983	327
10984	472
10985	13
10986	4
10987	10
10988	7
10989	29
10990	404
10991	711
10992	576
10993	146
10994	33
10995	594
10996	7
10997	13
10998	2771
10999	206
11000	483
11001	51
11002	73
11003	52
11004	123
11005	10653
11006	574
11007	188
11008	325
11009	2798
11010	42
11011	104
11012	8
11013	11
11014	1253
11015	42
11016	4
11017	41
11018	107
11019	53
11020	224
11021	9
11022	171
11023	775
11024	166
11025	31
11026	6
11027	83
11028	7
11029	259
11030	1743
11031	11
11032	33
11033	240
11034	325
11035	12
11036	63
11037	20
11038	82
11039	62
11040	24
11041	5
11042	31
11043	31
11044	6
11045	18
11046	3074
11047	161
11048	40
11049	9
11050	59
11051	7
11052	28
11053	30
11054	18
11055	6
11056	4
11057	43
11058	105
11059	42
11060	40
11061	4
11062	34
11063	341
11064	10
11065	35
11066	51
11067	880
11068	10652
11069	1323
11070	124
11071	252
11072	401
11073	1453
11074	264
11075	1000
11076	799
11077	48
11078	3070
11079	61
11080	243
11081	750
11082	26
11083	7
11084	8
11085	8
11086	7
11087	982
11088	78
11089	30
11090	2910
11091	399
11092	55
11093	18
11094	15
11095	8
11096	263
11097	1139
11098	83
11099	1
11100	875
11101	21
11102	46
11103	42
11104	180
11105	40
11106	16
11107	633
11108	4
11109	4472
11110	419
11111	37
11112	484
11113	64
11114	25
11115	459
11116	168
11117	19
11118	27
11119	4
11120	40
11121	2384
11122	28
11123	5635
11124	6
11125	130
11126	3
11127	4
11128	82
11129	1074
11130	2843
11131	99
11132	582
11133	5
11134	25
11135	195
11136	6475
11137	131
11138	93
11139	26
11140	11431
11141	8
11142	5
11143	2367
11144	4
11145	19
11146	63
11147	9
11148	50
11149	320
11150	2
11151	12
11152	867
11153	124
11154	848
11155	141
11156	10
11157	40
11158	124
11159	287
11160	62
11161	35
11162	243
11163	202
11164	19
11165	139
11166	7
11167	6
11168	495
11169	440
11170	7
11171	149
11172	76
11173	202
11174	233
11175	10
11176	32
11177	12
11178	10
11179	38
11180	12
11181	6
11182	23129
11183	15
11184	11
11185	986
11186	25
11187	1061
11188	21
11189	14
11190	640
11191	30
11192	52
11193	3438
11194	149
11195	137
11196	43
11197	229
11198	1082
11199	1924
11200	94
11201	550
11202	101
11203	350
11204	11
11205	5
11206	8
11207	38
11208	60
11209	78
11210	423
11211	71
11212	1249
11213	101
11214	7
11215	520
11216	5
11217	64
11218	110
11219	25
11220	31
11221	46
11222	166
11223	91
11224	620
11225	59
11226	385
11227	31
11228	14
11229	60
11230	325
11231	76
11232	19
11233	2413
11234	4
11235	6
11236	25
11237	34
11238	53
11239	20
11240	15
11241	16
11242	10
11243	24
11244	17
11245	19
11246	6
11247	651
11248	122
11249	1118
11250	3002
11251	32
11252	130
11253	181
11254	1
11255	38
11256	655
11257	114
11258	483
11259	338
11260	75
11261	70
11262	864
11263	13
11264	10
11265	2366
11266	4081
11267	15
11268	7
11269	4
11270	230
11271	20
11272	7
11273	15
11274	27
11275	11
11276	96
11277	358
11278	246
11279	51
11280	46
11281	3313
11282	71
11283	18
11284	39
11285	49
11286	518
11287	68
11288	127
11289	73
11290	12
11291	8
11292	538
11293	72
11294	25
11295	47
11296	7
11297	13
11298	25
11299	12
11300	220
11301	648
11302	47
11303	180
11304	299
11305	59
11306	280
11307	349
11308	679
11309	224
11310	98
11311	23
11312	16
11313	57
11314	322
11315	141
11316	11
11317	151
11318	4
11319	72
11320	6
11321	5
11322	77
11323	735
11324	60
11325	301
11326	7
11327	15
11328	2
11329	5
11330	44
11331	1016
11332	17
11333	6
11334	61
11335	21
11336	85
11337	3
11338	7
11339	30
11340	43
11341	31
11342	82
11343	3
11344	559
11345	419
11346	5
11347	168
11348	466
11349	60
11350	195
11351	77
11352	7069
11353	189
11354	164
11355	53
11356	1
11357	22
11358	125
11359	31
11360	7
11361	3538
11362	163
11363	4
11364	153
11365	4337
11366	123
11367	820
11368	80
11369	61
11370	65
11371	250
11372	30
11373	10
11374	499
11375	209
11376	56
11377	22
11378	7
11379	407
11380	183
11381	208
11382	11
11383	468
11384	798
11385	93
11386	117
11387	121
11388	5
11389	14
11390	300
11391	12
11392	194
11393	6
11394	60
11395	9
11396	16
11397	51
11398	101
11399	560
11400	7
11401	14
11402	23
11403	125
11404	163
11405	11
11406	11
11407	13
11408	11872
11409	32
11410	18
11411	26
11412	428
11413	4
11414	91
11415	9
11416	41
11417	405
11418	75
11419	13
11420	55
11421	2147
11422	13861
11423	73
11424	170
11425	3
11426	10
11427	209
11428	28
11429	16
11430	8
11431	5
11432	773
11433	42
11434	105
11435	22
11436	13
11437	458
11438	108
11439	46
11440	8436
11441	234
11442	13
11443	29
11444	11
11445	8
11446	35
11447	1122
11448	2492
11449	168
11450	9
11451	549
11452	2982
11453	153
11454	327
11455	43
11456	638
11457	39
11458	24
11459	6
11460	286
11461	6575
11462	853
11463	1504
11464	29
11465	62
11466	2
11467	56
11468	5
11469	39
11470	87
11471	486
11472	14
11473	21
11474	7
11475	98
11476	30
11477	767
11478	11
11479	18
11480	7
11481	4401
11482	28
11483	22
11484	243
11485	21
11486	3
11487	319
11488	946
11489	205
11490	28
11491	8
11492	1120
11493	16
11494	1311
11495	261
11496	8
11497	985
11498	62
11499	1940
11500	29
11501	10
11502	119
11503	10
11504	64
11505	84
11506	27
11507	271
11508	6
11509	48
11510	36
11511	131
11512	9427
11513	1546
11514	13
11515	8
11516	626
11517	33
11518	33
11519	389
11520	40376
11521	18
11522	19
11523	23
11524	18
11525	11
11526	2430
11527	7
11528	3
11529	29
11530	7
11531	7
11532	32
11533	33
11534	861
11535	369
11536	203
11537	42
11538	950
11539	4
11540	258
11541	54
11542	59
11543	1956
11544	4
11545	7
11546	9
11547	31
11548	22
11549	222
11550	5
11551	5
11552	42
11553	4
11554	39
11555	263
11556	715
11557	34
11558	6
11559	3
11560	133
11561	248
11562	26
11563	874
11564	43
11565	10
11566	11
11567	33
11568	477
11569	4
11570	23
11571	522
11572	119
11573	6
11574	1523
11575	14
11576	8566
11577	853
11578	8
11579	10
11580	679
11581	108
11582	14
11583	25
11584	9
11585	84
11586	151
11587	8
11588	10
11589	20
11590	27
11591	7
11592	5
11593	25
11594	87
11595	20
11596	20
11597	442
11598	1825
11599	515
11600	53
11601	8
11602	99
11603	9
11604	10
11605	52
11606	23
11607	19
11608	7
11609	171
11610	1097
11611	247
11612	125
11613	88
11614	364
11615	245
11616	51
11617	120
11618	9
11619	1441
11620	7
11621	24
11622	11
11623	16
11624	9
11625	15
11626	17
11627	7
11628	682
11629	2755
11630	4
11631	371
11632	22
11633	36
11634	131
11635	8
11636	422
11637	23
11638	65
11639	15
11640	30
11641	10
11642	242
11643	121
11644	275
11645	285
11646	30
11647	71
11648	25
11649	6
11650	12
11651	204
11652	22
11653	6
11654	6
11655	15
11656	22
11657	5
11658	7
11659	40
11660	9
11661	9
11662	361
11663	23
11664	7
11665	249
11666	14
11667	21
11668	37
11669	355
11670	42
11671	9
11672	203
11673	230
11674	40
11675	160
11676	473
11677	14
11678	1481
11679	2226
11680	138
11681	13
11682	8
11683	240
11684	32
11685	51
11686	318
11687	229
11688	3971
11689	639
11690	7
11691	6
11692	20
11693	4
11694	11
11695	59
11696	96
11697	7
11698	204
11699	312
11700	67
11701	141
11702	5
11703	172
11704	61
11705	43
11706	74
11707	3052
11708	126
11709	34
11710	3743
11711	7
11712	9917
11713	2
11714	751
11715	18
11716	217
11717	69
11718	61
11719	12
11720	318
11721	10
11722	22
11723	14
11724	46
11725	38
11726	9
11727	23
11728	12
11729	122
11730	45
11731	20
11732	216
11733	110
11734	49
11735	7
11736	80
11737	3959
11738	189
11739	22
11740	252
11741	870
11742	130
11743	15
11744	510
11745	22
11746	43
11747	106
11748	58
11749	73
11750	377
11751	5
11752	57
11753	144
11754	6
11755	2352
11756	26
11757	184
11758	923
11759	8957
11760	747
11761	30
11762	23
11763	260
11764	152
11765	71
11766	313
11767	61
11768	226
11769	7
11770	96
11771	6
11772	13
11773	1023
11774	14
11775	4
11776	1396
11777	26220
11778	50
11779	67
11780	44
11781	229
11782	14618
11783	19
11784	691
11785	39
11786	1094
11787	15
11788	5
11789	48
11790	1544
11791	422
11792	16
11793	7
11794	307
11795	58
11796	255
11797	12
11798	720
11799	48
11800	399
11801	66
11802	17
11803	9
11804	42
11805	73
11806	6
11807	679
11808	47
11809	18
11810	30
11811	220
11812	36
11813	139
11814	44
11815	149
11816	95
11817	96
11818	235
11819	1774
11820	7
11821	1311
11822	20
11823	242
11824	387
11825	12
11826	1806
11827	3420
11828	8
11829	34
11830	35
11831	44
11832	15
11833	16
11834	72
11835	31
11836	25
11837	1830
11838	140
11839	39
11840	23
11841	6
11842	29
11843	293
11844	1743
11845	768
11846	4
11847	5
11848	33
11849	277
11850	25
11851	5
11852	33
11853	264
11854	6
11855	47
11856	24
11857	54
11858	237
11859	329
11860	27
11861	3
11862	9
11863	48
11864	21
11865	2419
11866	56
11867	4
11868	81
11869	2029
11870	391
11871	30
11872	90
11873	6
11874	844
11875	26
11876	20
11877	11
11878	71
11879	20
11880	101
11881	27
11882	28
11883	24
11884	122
11885	1556
11886	7
11887	9
11888	981
11889	572
11890	6
11891	1288
11892	106
11893	7
11894	130
11895	258
11896	729
11897	97
11898	12
11899	236
11900	28
11901	21
11902	23
11903	159
11904	11
11905	263
11906	33
11907	32
11908	29
11909	968
11910	7
11911	9
11912	110
11913	1949
11914	63
11915	94
11916	6
11917	15
11918	22
11919	133
11920	6
11921	14
11922	6
11923	4
11924	6
11925	2711
11926	1436
11927	8
11928	8
11929	70
11930	610
11931	7
11932	8
11933	1788
11934	279
11935	41
11936	13
11937	1639
11938	14
11939	20
11940	6
11941	6100
11942	42
11943	524
11944	50
11945	3170
11946	63
11947	40
11948	10
11949	133
11950	686
11951	115
11952	7
11953	29
11954	14
11955	3
11956	5
11957	19
11958	37
11959	562
11960	14
11961	662
11962	15
11963	7
11964	127
11965	3
11966	5
11967	3
11968	17
11969	14
11970	15
11971	6
11972	148
11973	131
11974	1224
11975	3
11976	6
11977	359
11978	54
11979	15
11980	957
11981	8
11982	72
11983	1270
11984	1077
11985	852
11986	22
11987	454
11988	509
11989	166
11990	8
11991	11
11992	1071
11993	216
11994	20
11995	34
11996	224
11997	6
11998	51
11999	43
12000	1166
12001	23
12002	26
12003	49
12004	346
12005	24
12006	43
12007	211
12008	358
12009	96
12010	122
12011	1840
12012	12
12013	3977
12014	43
12015	2368
12016	2182
12017	119
12018	254
12019	40
12020	2535
12021	39
12022	8
12023	3488
12024	13
12025	12
12026	312
12027	13
12028	39
12029	847
12030	160
12031	249
12032	177
12033	2310
12034	160
12035	389
12036	2607
12037	4
12038	8
12039	1819
12040	31
12041	15
12042	12
12043	6
12044	714
12045	21
12046	136
12047	10
12048	16
12049	22
12050	195
12051	3
12052	26
12053	610
12054	22
12055	195
12056	8
12057	262
12058	249
12059	2
12060	1624
12061	10
12062	5
12063	149
12064	3
12065	52
12066	12
12067	14
12068	726
12069	2753
12070	323
12071	10
12072	217
12073	60
12074	198
12075	3366
12076	12
12077	10
12078	3785
12079	29
12080	316
12081	174
12082	278
12083	14
12084	30
12085	15
12086	818
12087	3235
12088	7
12089	431
12090	18
12091	40
12092	135
12093	13
12094	138
12095	5
12096	32
12097	26
12098	18
12099	8486
12100	288
12101	27
12102	13
12103	235
12104	65
12105	8
12106	44
12107	1554
12108	107
12109	275
12110	8
12111	18
12112	3
12113	1831
12114	33
12115	662
12116	32
12117	51
12118	1159
12119	56
12120	3
12121	902
12122	84
12123	30
12124	219
12125	1082
12126	540
12127	339
12128	258
12129	370
12130	179
12131	97
12132	12
12133	18
12134	176
12135	127
12136	66
12137	14
12138	415
12139	111
12140	2939
12141	7
12142	7
12143	271
12144	5377
12145	1747
12146	204
12147	44
12148	50
12149	1141
12150	11
12151	10
12152	9
12153	7
12154	293
12155	105
12156	82
12157	2102
12158	6
12159	650
12160	46
12161	5
12162	792
12163	675
12164	69
12165	13
12166	4
12167	32
12168	14
12169	224
12170	134
12171	5
12172	7
12173	23
12174	59
12175	4
12176	4
12177	7
12178	14
12179	54
12180	12
12181	41
12182	109
12183	249
12184	45
12185	6
12186	537
12187	172
12188	4
12189	10
12190	9
12191	482
12192	435
12193	1220
12194	8
12195	190
12196	1249
12197	29
12198	5
12199	10
12200	3
12201	42
12202	65
12203	14
12204	2484
12205	34
12206	15638
12207	215
12208	56
12209	234
12210	109
12211	607
12212	2937
12213	6
12214	13
12215	15
12216	4
12217	27
12218	3026
12219	22
12220	101
12221	8
12222	24
12223	463
12224	16
12225	41
12226	9
12227	102
12228	196
12229	29
12230	8
12231	17
12232	2527
12233	50
12234	20
12235	23
12236	7
12237	398
12238	726
12239	37
12240	549
12241	31
12242	10
12243	15
12244	43
12245	7
12246	317
12247	34
12248	23
12249	116
12250	1411
12251	266
12252	876
12253	608
12254	5629
12255	68
12256	55
12257	42
12258	3911
12259	53
12260	1823
12261	71
12262	6
12263	11
12264	25
12265	136
12266	17
12267	7
12268	26
12269	4
12270	42
12271	1006
12272	14
12273	41
12274	55
12275	24
12276	8137
12277	17
12278	21
12279	25
12280	142
12281	60
12282	8
12283	815
12284	156
12285	747
12286	18
12287	11
12288	30
12289	215
12290	2679
12291	52
12292	18
12293	109
12294	7
12295	9
12296	186
12297	9
12298	7
12299	322
12300	2
12301	10
12302	736
12303	11
12304	115
12305	9
12306	28
12307	79
12308	60
12309	27
12310	17
12311	7
12312	5941
12313	248
12314	139
12315	2413
12316	583
12317	12
12318	71
12319	69
12320	3731
12321	13
12322	261
12323	719
12324	2559
12325	312
12326	170
12327	46
12328	15
12329	7
12330	40
12331	323
12332	466
12333	1111
12334	39
12335	2
12336	76
12337	5
12338	135
12339	928
12340	398
12341	50221
12342	405
12343	1470
12344	20
12345	16
12346	82
12347	111
12348	14
12349	55
12350	9
12351	77
12352	26
12353	7
12354	14
12355	37
12356	16
12357	2133
12358	295
12359	8
12360	7
12361	111
12362	461
12363	77
12364	77
12365	34
12366	140
12367	10
12368	8
12369	36
12370	17
12371	12
12372	1
12373	9
12374	44
12375	178
12376	67
12377	84
12378	81
12379	50
12380	344
12381	1574
12382	22
12383	588
12384	7569
12385	1143
12386	37
12387	60
12388	29
12389	13
12390	69
12391	105
12392	3650
12393	3
12394	42
12395	4778
12396	36
12397	623
12398	119
12399	17
12400	22
12401	36
12402	48
12403	1158
12404	84
12405	225
12406	108
12407	5
12408	29
12409	9113
12410	23
12411	8
12412	192
12413	170
12414	6
12415	27
12416	18
12417	2
12418	22
12419	5262
12420	122
12421	26
12422	30
12423	3
12424	86
12425	17
12426	8
12427	6476
12428	27
12429	72
12430	9
12431	63
12432	310
12433	19
12434	35
12435	13
12436	5
12437	18
12438	9
12439	33
12440	2104
12441	67
12442	3563
12443	22
12444	8
12445	17
12446	14
12447	8
12448	616
12449	15
12450	230
12451	206
12452	195
12453	4
12454	32
12455	502
12456	12391
12457	47
12458	20
12459	378
12460	58
12461	37
12462	58
12463	98
12464	1469
12465	78
12466	177
12467	441
12468	36
12469	239
12470	5
12471	812
12472	4
12473	46
12474	43
12475	102
12476	737
12477	47
12478	38
12479	84
12480	463
12481	4914
12482	117
12483	31
12484	37
12485	30
12486	12
12487	45
12488	46
12489	15
12490	21
12491	178
12492	1321
12493	315
12494	48
12495	65
12496	2500
12497	27
12498	19
12499	699
12500	709
12501	7
12502	30
12503	38
12504	165
12505	123
12506	38
12507	21
12508	3471
12509	11
12510	50
12511	29
12512	17
12513	881
12514	213
12515	222
12516	309
12517	9
12518	30
12519	200
12520	18
12521	81
12522	18
12523	10
12524	459
12525	10
12526	23
12527	3
12528	24
12529	3
12530	49
12531	17
12532	20
12533	36
12534	19
12535	96
12536	26
12537	29
12538	498
12539	10
12540	7
12541	514
12542	279
12543	7
12544	612
12545	5517
12546	12
12547	81
12548	236
12549	201
12550	164
12551	515
12552	4
12553	7
12554	415
12555	114
12556	104
12557	313
12558	16
12559	3
12560	18
12561	32
12562	410
12563	23
12564	4331
12565	337
12566	109
12567	34
12568	7
12569	533
12570	6
12571	90
12572	5388
12573	105
12574	3
12575	359
12576	9148
12577	222
12578	14
12579	160
12580	96
12581	734
12582	15
12583	859
12584	34
12585	230
12586	4
12587	86
12588	3
12589	265
12590	201
12591	628
12592	1009
12593	24
12594	45
12595	73
12596	69
12597	1849
12598	29
12599	26
12600	18
12601	108
12602	50
12603	7
12604	231
12605	34
12606	6938
12607	13
12608	46
12609	7
12610	13
12611	9
12612	28
12613	8
12614	7535
12615	65
12616	334
12617	39
12618	178
12619	24
12620	2128
12621	365
12622	342
12623	154
12624	628
12625	101
12626	357
12627	4
12628	29
12629	46
12630	874
12631	14
12632	13
12633	16
12634	23
12635	22
12636	30
12637	150
12638	1142
12639	37
12640	490
12641	19
12642	16
12643	45
12644	817
12645	18
12646	6
12647	31
12648	18
12649	2
12650	20
12651	46
12652	220
12653	4
12654	23
12655	18
12656	34
12657	551
12658	1044
12659	610
12660	34
12661	14
12662	28
12663	165
12664	212
12665	86
12666	367
12667	1477
12668	145
12669	123
12670	25
12671	101
12672	1498
12673	113
12674	1174
12675	17
12676	5
12677	27
12678	113
12679	882
12680	34
12681	124
12682	33
12683	731
12684	31
12685	23
12686	1288
12687	8
12688	43
12689	102
12690	103
12691	5
12692	87
12693	433
12694	73
12695	5
12696	4
12697	662
12698	16
12699	204
12700	664
12701	170
12702	452
12703	4057
12704	39
12705	26
12706	219
12707	59
12708	45
12709	86
12710	27
12711	41
12712	62
12713	186
12714	858
12715	123
12716	56
12717	74
12718	1
12719	457
12720	942
12721	202
12722	16
12723	13
12724	5
12725	8
12726	58
12727	599
12728	125
12729	62
12730	70
12731	39
12732	3687
12733	40
12734	65
12735	17
12736	111
12737	42
12738	1512
12739	33
12740	16
12741	788
12742	8
12743	1020
12744	31
12745	8030
12746	3
12747	11
12748	1406
12749	7
12750	15
12751	28
12752	31
12753	5
12754	502
12755	7
12756	4970
12757	48
12758	135
12759	21
12760	166
12761	107
12762	132
12763	244
12764	204
12765	21
12766	134
12767	9
12768	13
12769	5
12770	250
12771	948
12772	286
12773	11
12774	61
12775	4
12776	44
12777	3
12778	47
12779	3177
12780	10
12781	101
12782	1806
12783	18
12784	427
12785	754
12786	19
12787	48
12788	65
12789	15
12790	90
12791	1393
12792	459
12793	137
12794	79
12795	32
12796	113
12797	5488
12798	537
12799	21
12800	42
12801	165
12802	138
12803	34
12804	21
12805	326
12806	75
12807	1009
12808	34
12809	8
12810	8
12811	1121
12812	12
12813	905
12814	116
12815	47
12816	576
12817	4344
12818	14
12819	29
12820	1518
12821	207
12822	288
12823	1
12824	19
12825	47
12826	4
12827	75
12828	25
12829	47
12830	87
12831	255
12832	85
12833	6
12834	311
12835	7
12836	104
12837	29
12838	530
12839	152
12840	7
12841	2
12842	5
12843	15
12844	193
12845	10027
12846	2023
12847	485
12848	27
12849	11
12850	24
12851	4
12852	69
12853	237
12854	16
12855	50
12856	21
12857	537
12858	1818
12859	505
12860	113
12861	21
12862	35
12863	1528
12864	379
12865	12
12866	26
12867	6
12868	5
12869	9
12870	263
12871	133
12872	9097
12873	89
12874	88
12875	920
12876	4
12877	20
12878	13
12879	1293
12880	72
12881	69
12882	171
12883	28
12884	13
12885	133
12886	69
12887	66
12888	585
12889	441
12890	71
12891	688
12892	88
12893	44
12894	1554
12895	17
12896	1205
12897	202
12898	42
12899	2337
12900	124
12901	30
12902	243
12903	68
12904	104
12905	467
12906	61
12907	41
12908	11
12909	1205
12910	351
12911	984
12912	25
12913	29
12914	2823
12915	5
12916	12536
12917	43
12918	69
12919	4114
12920	308
12921	39
12922	48
12923	243
12924	113
12925	74
12926	7
12927	257
12928	9
12929	4
12930	120
12931	109
12932	1834
12933	4
12934	5
12935	3693
12936	13
12937	111
12938	82
12939	791
12940	19
12941	2744
12942	23
12943	20
12944	84
12945	888
12946	10
12947	36
12948	10
12949	13
12950	423
12951	279
12952	4
12953	907
12954	19
12955	1881
12956	94
12957	221
12958	90
12959	269
12960	9
12961	92
12962	3663
12963	11
12964	30
12965	88
12966	6
12967	47
12968	189
12969	47
12970	5
12971	8
12972	83
12973	10
12974	690
12975	1137
12976	44
12977	3
12978	14
12979	204
12980	10405
12981	28
12982	39
12983	30
12984	116
12985	16
12986	1388
12987	462
12988	10
12989	31
12990	7
12991	30
12992	294
12993	564
12994	9
12995	120
12996	11
12997	70
12998	195
12999	73
13000	20
13001	11
13002	34
13003	23
13004	746
13005	519
13006	3
13007	45
13008	263
13009	99
13010	109
13011	81
13012	365
13013	7
13014	1498
13015	86
13016	227
13017	195
13018	475
13019	68
13020	38
13021	147
13022	106
13023	298
13024	14
13025	209
13026	110
13027	901
13028	21
13029	805
13030	235
13031	3323
13032	3751
13033	125
13034	78
13035	23
13036	16
13037	11
13038	65
13039	97
13040	218
13041	5
13042	4330
13043	28
13044	132
13045	1030
13046	17
13047	4
13048	13
13049	685
13050	54
13051	18
13052	254
13053	17
13054	6
13055	226
13056	35
13057	27
13058	240
13059	23
13060	145
13061	64
13062	1286
13063	26
13064	895
13065	43
13066	76
13067	31
13068	103
13069	20
13070	994
13071	8
13072	33
13073	10
13074	71
13075	33
13076	2128
13077	1325
13078	176
13079	364
13080	1237
13081	17
13082	245
13083	7562
13084	5
13085	1360
13086	61
13087	159
13088	13
13089	83
13090	52
13091	50
13092	325
13093	1232
13094	33
13095	6
13096	9
13097	1147
13098	76
13099	14
13100	15
13101	16
13102	175
13103	4
13104	10
13105	20
13106	30
13107	373
13108	828
13109	105
13110	658
13111	82
13112	48
13113	5698
13114	197
13115	91
13116	566
13117	15
13118	22
13119	222
13120	3
13121	96
13122	22
13123	8
13124	75
13125	17
13126	62
13127	248
13128	728
13129	1358
13130	235
13131	24
13132	14
13133	136
13134	30
13135	88
13136	53
13137	34
13138	142
13139	94
13140	60
13141	43
13142	21
13143	776
13144	3
13145	454
13146	26
13147	2786
13148	16
13149	55
13150	170
13151	5
13152	126
13153	37
13154	4
13155	26
13156	10
13157	64
13158	158
13159	333
13160	28
13161	33
13162	11
13163	125
13164	26
13165	65
13166	12737
13167	153
13168	51
13169	170
13170	878
13171	128
13172	54
13173	180
13174	128
13175	164
13176	379450
13177	15
13178	48
13179	228
13180	21
13181	55
13182	49
13183	6
13184	26
13185	7
13186	38
13187	822
13188	11
13189	6
13190	146
13191	27
13192	22
13193	313
13194	2209
13195	109
13196	1056
13197	78
13198	12123
13199	51
13200	13
13201	33
13202	65
13203	1983
13204	55
13205	125
13206	66
13207	6
13208	60
13209	43
13210	167
13211	38
13212	4173
13213	22
13214	181
13215	6
13216	156
13217	53
13218	26
13219	1196
13220	13
13221	453
13222	2
13223	258
13224	35
13225	4280
13226	16
13227	59
13228	9
13229	5
13230	1102
13231	1434
13232	112
13233	45
13234	41
13235	52
13236	17
13237	1978
13238	29
13239	28
13240	89
13241	310
13242	341
13243	39
13244	34
13245	3124
13246	37
13247	26
13248	3
13249	14289
13250	315
13251	1743
13252	2368
13253	112
13254	7
13255	974
13256	140
13257	16
13258	7
13259	3097
13260	64
13261	231
13262	5
13263	8662
13264	15
13265	278
13266	10
13267	8
13268	56
13269	2857
13270	14
13271	22
13272	67
13273	149
13274	16
13275	26
13276	30
13277	385
13278	184
13279	22
13280	1895
13281	7
13282	8
13283	21
13284	267
13285	66
13286	634
13287	1240
13288	24
13289	144
13290	17
13291	350
13292	8025
13293	251
13294	16
13295	27
13296	10
13297	100
13298	29
13299	13
13300	13
13301	27
13302	142
13303	838
13304	2660
13305	63
13306	49
13307	62
13308	69
13309	21
13310	1278
13311	47
13312	37
13313	45
13314	91
13315	45
13316	15
13317	5
13318	167
13319	234
13320	18
13321	16
13322	34
13323	191
13324	3
13325	6
13326	133
13327	13
13328	479
13329	417
13330	26
13331	114
13332	180
13333	74
13334	49
13335	37
13336	16
13337	280
13338	1105
13339	92
13340	150
13341	6
13342	253
13343	135
13344	59
13345	10
13346	385
13347	6
13348	6
13349	15
13350	225
13351	3686
13352	27
13353	19
13354	11
13355	6
13356	15
13357	37
13358	24
13359	4
13360	94
13361	33
13362	7
13363	389
13364	42
13365	89
13366	15
13367	8
13368	233
13369	200
13370	492
13371	225
13372	352
13373	123
13374	64
13375	477
13376	21
13377	71
13378	1177
13379	28
13380	13040
13381	4
13382	84
13383	208
13384	104
13385	791
13386	9
13387	2
13388	964
13389	190
13390	128
13391	359
13392	65
13393	175
13394	107
13395	50
13396	539
13397	1
13398	94
13399	90
13400	107
13401	8
13402	89
13403	33
13404	77
13405	7
13406	58
13407	61
13408	16
13409	2988
13410	61
13411	29
13412	6
13413	4
13414	12
13415	92
13416	58
13417	507
13418	141
13419	109
13420	9
13421	6
13422	5
13423	1505
13424	4488
13425	675
13426	21
13427	11
13428	138
13429	43
13430	236
13431	6877
13432	4
13433	5
13434	6
13435	360
13436	5
13437	15
13438	4
13439	43
13440	1164
13441	115
13442	6
13443	23
13444	186
13445	6
13446	152
13447	1890
13448	24
13449	147
13450	77
13451	230
13452	490
13453	108
13454	21
13455	82
13456	130
13457	1932
13458	18
13459	48
13460	12
13461	37
13462	301
13463	11
13464	17
13465	13
13466	19
13467	21
13468	10
13469	5
13470	30
13471	424
13472	20
13473	5
13474	200
13475	819
13476	32
13477	288
13478	84
13479	415
13480	99
13481	684
13482	38
13483	26
13484	10
13485	84
13486	124
13487	12
13488	276
13489	29
13490	241
13491	2
13492	63
13493	179
13494	104
13495	11
13496	988
13497	1022
13498	6
13499	219
13500	2557
13501	2
13502	352
13503	13
13504	276
13505	117
13506	129
13507	20
13508	22
13509	43
13510	1156
13511	575
13512	2062
13513	16
13514	649
13515	132
13516	832
13517	10512
13518	14
13519	558
13520	26
13521	267
13522	21
13523	8
13524	859
13525	1297
13526	57
13527	72
13528	30
13529	22
13530	36
13531	46
13532	73
13533	14
13534	109
13535	14678
13536	3743
13537	146
13538	2
13539	108
13540	476
13541	2741
13542	375
13543	13
13544	1593
13545	47
13546	5
13547	22
13548	1187
13549	171
13550	30
13551	22
13552	8
13553	13
13554	1417
13555	15
13556	25
13557	38
13558	78
13559	242
13560	2547
13561	11
13562	46
13563	1295
13564	18
13565	1772
13566	10
13567	18
13568	5
13569	26
13570	27
13571	7
13572	11
13573	507
13574	88
13575	12575
13576	104
13577	52
13578	599
13579	252
13580	78
13581	52
13582	70
13583	7
13584	45
13585	7
13586	107
13587	77
13588	175
13589	105
13590	68
13591	173
13592	103
13593	30
13594	5
13595	192
13596	771
13597	307
13598	1005
13599	44
13600	33
13601	34
13602	11
13603	1041
13604	9
13605	2203
13606	123
13607	9
13608	57
13609	446
13610	124
13611	6
13612	7
13613	23
13614	29
13615	7
13616	14
13617	143
13618	96
13619	228
13620	150
13621	306
13622	40
13623	123
13624	110
13625	43
13626	238
13627	1001
13628	42
13629	17423
13630	18
13631	309
13632	18
13633	115
13634	545
13635	96
13636	957
13637	509
13638	7
13639	2492
13640	2238
13641	918
13642	207
13643	1117
13644	29
13645	246
13646	16439
13647	10
13648	38
13649	331
13650	592
13651	4
13652	21
13653	34
13654	1013
13655	109
13656	49
13657	3
13658	51
13659	23
13660	1966
13661	511
13662	113
13663	90
13664	13
13665	3
13666	32
13667	3
13668	281
13669	132
13670	74
13671	29
13672	407
13673	119
13674	9
13675	353
13676	15
13677	11
13678	12
13679	811
13680	24
13681	89
13682	67
13683	7
13684	6
13685	6
13686	45
13687	27
13688	140
13689	9
13690	15
13691	6
13692	53
13693	94
13694	110
13695	72
13696	18
13697	88
13698	110
13699	7
13700	46
13701	183
13702	5608
13703	61
13704	8
13705	5
13706	81
13707	312
13708	999
13709	810
13710	30
13711	4
13712	6027
13713	58
13714	6
13715	234
13716	492
13717	173
13718	468
13719	264
13720	217
13721	394
13722	50
13723	13
13724	54
13725	36
13726	10
13727	134
13728	20
13729	61
13730	528
13731	29
13732	480
13733	10415
13734	6
13735	31
13736	24
13737	17
13738	5
13739	13
13740	12568
13741	71
13742	66
13743	55
13744	14
13745	174
13746	194
13747	22
13748	70
13749	64
13750	5
13751	331
13752	6
13753	20
13754	15
13755	2836
13756	13
13757	124
13758	90
13759	260
13760	21
13761	87
13762	16
13763	91
13764	11
13765	510
13766	108
13767	313
13768	601
13769	57
13770	26
13771	20
13772	1447
13773	13
13774	1072
13775	130
13776	1325
13777	20
13778	5
13779	877
13780	5136
13781	12
13782	778
13783	226
13784	31
13785	95
13786	34
13787	66
13788	5
13789	8
13790	826
13791	100
13792	6
13793	65
13794	203
13795	89
13796	11
13797	394
13798	996
13799	66
13800	127
13801	129
13802	6240
13803	245
13804	132
13805	423
13806	1486
13807	2769
13808	544
13809	10
13810	17
13811	36
13812	6
13813	24
13814	171
13815	279
13816	22
13817	112
13818	34
13819	6935
13820	79
13821	4
13822	770
13823	125
13824	35
13825	30
13826	125
13827	52
13828	379
13829	14664
13830	219
13831	25
13832	36
13833	17
13834	1753
13835	85
13836	16
13837	72
13838	9175
13839	20
13840	69
13841	632
13842	102
13843	127
13844	80
13845	59
13846	20
13847	17
13848	830
13849	51
13850	142
13851	2117
13852	5902
13853	582
13854	272
13855	77
13856	20
13857	31
13858	1894
13859	8
13860	4
13861	237
13862	25
13863	6
13864	18
13865	19
13866	4214
13867	45
13868	16
13869	414
13870	24950
13871	35
13872	139
13873	83
13874	4594
13875	45
13876	48
13877	4054
13878	115
13879	269
13880	16
13881	63
13882	743
13883	13
13884	532
13885	5517
13886	6
13887	9
13888	28
13889	1281
13890	42
13891	133
13892	72
13893	279
13894	15
13895	442
13896	12
13897	41
13898	192
13899	318
13900	41
13901	9
13902	10
13903	49
13904	12
13905	42
13906	21
13907	38
13908	28
13909	2509
13910	10
13911	880
13912	13
13913	154
13914	3842
13915	4
13916	8
13917	101
13918	14
13919	45
13920	1087
13921	373
13922	107
13923	22
13924	903
13925	38
13926	239
13927	16
13928	27
13929	210
13930	5
13931	217
13932	53
13933	68
13934	109
13935	130
13936	319
13937	72
13938	145
13939	197
13940	12
13941	163
13942	37
13943	25
13944	5287
13945	416
13946	163
13947	97
13948	972
13949	852
13950	44
13951	1208
13952	27
13953	3
13954	192
13955	380
13956	36
13957	121
13958	223
13959	70
13960	76
13961	34
13962	51
13963	11
13964	138
13965	6
13966	5484
13967	25
13968	278
13969	16
13970	8
13971	9
13972	21
13973	58
13974	1704
13975	9
13976	625
13977	316
13978	97
13979	148
13980	233
13981	40
13982	82
13983	46
13984	19745
13985	15
13986	9
13987	68
13988	4447
13989	16
13990	3
13991	29
13992	17
13993	3
13994	55
13995	203
13996	782
13997	1798
13998	484
13999	49
14000	37
14001	488
14002	71
14003	11
14004	11
14005	553
14006	54
14007	34
14008	7
14009	15
14010	1675
14011	635
14012	20
14013	27
14014	119
14015	10
14016	16
14017	21
14018	158
14019	44
14020	1
14021	216
14022	47
14023	27
14024	60
14025	116
14026	70
14027	26
14028	561
14029	61
14030	22
14031	137
14032	925
14033	16
14034	420
14035	29
14036	563
14037	13
14038	31
14039	8
14040	9
14041	32
14042	53
14043	526
14044	67
14045	194
14046	2
14047	13
14048	242
14049	7
14050	1257
14051	6
14052	8
14053	9
14054	15
14055	21
14056	8
14057	358
14058	492
14059	10
14060	54
14061	184
14062	4
14063	1759
14064	197
14065	14
14066	60
14067	174
14068	79
14069	284
14070	9
14071	112
14072	176
14073	290
14074	1406
14075	3
14076	26
14077	668
14078	99
14079	44
14080	99
14081	35
14082	6
14083	9
14084	15935
14085	37
14086	2348
14087	420
14088	81
14089	552
14090	15
14091	8
14092	26
14093	68
14094	34
14095	497
14096	852
14097	390
14098	14
14099	5
14100	251
14101	55
14102	115
14103	11
14104	1569
14105	76
14106	28
14107	13
14108	32
14109	62
14110	53
14111	2070
14112	1496
14113	95
14114	1452
14115	92
14116	9
14117	260
14118	774
14119	124
14120	10
14121	53
14122	4
14123	10
14124	336
14125	4
14126	3412
14127	2692
14128	1
14129	8479
14130	282
14131	614
14132	102
14133	1321
14134	365
14135	9
14136	278
14137	6
14138	7
14139	10
14140	269
14141	475
14142	434
14143	576
14144	423
14145	28
14146	1584
14147	5276
14148	402
14149	19
14150	814
14151	93
14152	27
14153	28
14154	329
14155	10
14156	24
14157	202
14158	48
14159	3517
14160	34
14161	10872
14162	136
14163	696
14164	116
14165	710
14166	25
14167	57
14168	7558
14169	9
14170	8
14171	38
14172	14
14173	160
14174	77
14175	159
14176	19
14177	129
14178	4
14179	16
14180	147
14181	70
14182	607
14183	2794
14184	39
14185	28
14186	31
14187	169
14188	22
14189	62
14190	104
14191	366
14192	8
14193	19
14194	182
14195	216
14196	64
14197	11279
14198	7
14199	975
14200	16
14201	12
14202	51
14203	9
14204	356
14205	18
14206	96
14207	56
14208	25
14209	178
14210	5
14211	4460
14212	45
14213	6
14214	7
14215	7
14216	26
14217	9
14218	8568
14219	5
14220	38
14221	707
14222	145
14223	1110
14224	5
14225	19
14226	18
14227	504
14228	135
14229	31
14230	112
14231	9
14232	6
14233	13727
14234	7
14235	267
14236	13
14237	62
14238	47
14239	186
14240	1559
14241	18
14242	1129
14243	39
14244	6
14245	6
14246	43
14247	16
14248	109
14249	10
14250	5
14251	44
14252	2096
14253	10
14254	145
14255	10
14256	83
14257	135
14258	183
14259	282
14260	49
14261	191
14262	31
14263	2
14264	5
14265	74
14266	136
14267	4905
14268	185
14269	255
14270	74
14271	115
14272	182
14273	37
14274	42
14275	84
14276	16
14277	1050
14278	126
14279	18
14280	1859
14281	73
14282	162
14283	450
14284	232
14285	183
14286	74
14287	610
14288	6
14289	564
14290	477
14291	11
14292	18
14293	12
14294	123
14295	744
14296	13
14297	20
14298	305
14299	102
14300	52
14301	5
14302	51
14303	275
14304	16
14305	33
14306	313
14307	37
14308	5
14309	854
14310	8
14311	177
14312	565
14313	44
14314	39
14315	17
14316	11
14317	41
14318	139
14319	16
14320	484
14321	14
14322	9
14323	5
14324	66
14325	301
14326	91
14327	11
14328	238
14329	2
14330	126
14331	97
14332	6046
14333	1039
14334	361
14335	3028
14336	21
14337	378
14338	96
14339	55
14340	34
14341	22
14342	19
14343	123
14344	96
14345	20
14346	222
14347	843
14348	544
14349	23
14350	71
14351	121
14352	66
14353	93
14354	80
14355	2052
14356	158
14357	275
14358	269
14359	7
14360	56
14361	22
14362	3
14363	8
14364	1231
14365	161
14366	1753
14367	4
14368	6
14369	10
14370	8
14371	3063
14372	1069
14373	53
14374	19
14375	31
14376	1000
14377	151
14378	624
14379	1651
14380	22
14381	2619
14382	18
14383	44
14384	176
14385	1145
14386	1647
14387	8
14388	5
14389	110
14390	473
14391	6
14392	82
14393	15
14394	91
14395	3
14396	59
14397	11
14398	247
14399	2704
14400	86
14401	1170
14402	16
14403	255
14404	64
14405	46
14406	10
14407	22
14408	397
14409	315
14410	170
14411	6
14412	5
14413	64
14414	967
14415	9
14416	19
14417	29
14418	26
14419	1548
14420	89
14421	1386
14422	16
14423	13
14424	254
14425	13
14426	198
14427	95
14428	30
14429	2761
14430	26
14431	6
14432	26
14433	16
14434	17
14435	8
14436	127
14437	1562
14438	7
14439	142
14440	5
14441	76
14442	32
14443	252
14444	1695
14445	82
14446	886
14447	2258
14448	41
14449	474
14450	239
14451	7
14452	237
14453	279
14454	18
14455	28
14456	31
14457	4
14458	58
14459	103
14460	8
14461	1073
14462	10816
14463	10
14464	1708
14465	54
14466	822
14467	6953
14468	31
14469	116
14470	566
14471	729
14472	8
14473	13
14474	38
14475	5
14476	86
14477	2280
14478	5
14479	123
14480	28
14481	96
14482	21
14483	81
14484	3
14485	1
14486	1951
14487	5
14488	1569
14489	6
14490	316
14491	3962
14492	361
14493	2516
14494	54
14495	10
14496	28
14497	13
14498	157
14499	287
14500	126
14501	37
14502	1294
14503	53
14504	52
14505	705
14506	245
14507	18
14508	468
14509	89
14510	42
14511	366
14512	92
14513	23
14514	153
14515	24
14516	26
14517	15
14518	15
14519	951
14520	90
14521	67
14522	56
14523	255
14524	54
14525	20
14526	25
14527	2
14528	19
14529	266
14530	4
14531	149
14532	6
14533	9
14534	29
14535	24
14536	4708
14537	90
14538	30
14539	133
14540	2119
14541	20
14542	403
14543	18
14544	30
14545	19
14546	6
14547	43
14548	28
14549	13
14550	29
14551	75
14552	21
14553	3510
14554	57
14555	8
14556	68
14557	24
14558	20
14559	31
14560	15
14561	38
14562	79
14563	1078
14564	451
14565	36
14566	50
14567	448
14568	46
14569	165
14570	4
14571	28
14572	26
14573	1705
14574	6
14575	959
14576	1520
14577	309
14578	880
14579	1073
14580	74
14581	8
14582	666
14583	33
14584	59
14585	14
14586	85
14587	36
14588	9
14589	3
14590	13
14591	8
14592	223
14593	3
14594	579
14595	9
14596	125
14597	5
14598	6
14599	4
14600	3
14601	76
14602	98
14603	62
14604	29
14605	87
14606	105
14607	1
14608	28
14609	35
14610	64
14611	104
14612	1294
14613	293
14614	6
14615	35
14616	80
14617	98
14618	205
14619	31
14620	286
14621	142
14622	17
14623	292
14624	41
14625	27
14626	95
14627	837
14628	54
14629	29
14630	4
14631	20
14632	211
14633	8377
14634	1940
14635	9
14636	646
14637	60
14638	40
14639	330
14640	2
14641	30
14642	668
14643	1224
14644	19
14645	1371
14646	45
14647	1754
14648	471
14649	51
14650	2350
14651	8400
14652	960
14653	56
14654	33
14655	9
14656	413
14657	262
14658	150
14659	491
14660	216
14661	39
14662	16
14663	8
14664	75
14665	52
14666	37
14667	64
14668	925
14669	319
14670	50
14671	365
14672	73
14673	887
14674	86
14675	131
14676	6
14677	99
14678	20228
14679	250
14680	519
14681	8
14682	140
14683	60
14684	57
14685	35
14686	21
14687	206
14688	329
14689	475
14690	8
14691	9
14692	45
14693	4
14694	68
14695	90
14696	322
14697	188
14698	84
14699	149
14700	13
14701	10
14702	4109
14703	31
14704	2823
14705	1892
14706	24
14707	8
14708	135
14709	516
14710	13
14711	1666
14712	130
14713	8
14714	8
14715	8848
14716	13
14717	120
14718	4
14719	449
14720	619
14721	12
14722	247
14723	20
14724	37
14725	31
14726	1056
14727	563
14728	13
14729	44
14730	162
14731	5
14732	1269
14733	3
14734	432
14735	3
14736	61
14737	94
14738	18
14739	1544
14740	350
14741	195
14742	374
14743	20
14744	702
14745	3
14746	13
14747	11
14748	9
14749	5
14750	15
14751	117
14752	5
14753	133
14754	81
14755	5
14756	1
14757	14
14758	8
14759	163
14760	9
14761	1543
14762	45
14763	90
14764	4008
14765	20
14766	2894
14767	5
14768	42
14769	19
14770	4
14771	328
14772	7
14773	96
14774	26
14775	13
14776	15
14777	44
14778	6445
14779	48
14780	2419
14781	502
14782	3
14783	430
14784	44
14785	142
14786	139
14787	18
14788	2001
14789	41
14790	44
14791	68
14792	30
14793	48
14794	39
14795	122
14796	146
14797	15
14798	28
14799	107
14800	235
14801	3
14802	23
14803	287
14804	482
14805	719
14806	119
14807	4
14808	73
14809	924
14810	6
14811	249
14812	19
14813	11
14814	4558
14815	161
14816	16
14817	71
14818	14
14819	694
14820	181
14821	6
14822	15
14823	10
14824	27
14825	117
14826	237
14827	62
14828	73
14829	18
14830	5
14831	5
14832	22
14833	1482
14834	5
14835	334
14836	113
14837	22
14838	33
14839	57
14840	21
14841	10
14842	59
14843	9
14844	268
14845	155
14846	133
14847	69
14848	30
14849	582
14850	436
14851	20
14852	8548
14853	1870
14854	5
14855	42
14856	18
14857	7
14858	5307
14859	32
14860	6
14861	675
14862	1801
14863	739
14864	204
14865	31
14866	6
14867	2672
14868	65
14869	93
14870	7771
14871	161
14872	1758
14873	30
14874	3860
14875	3242
14876	34
14877	314
14878	252
14879	3
14880	50
14881	4999
14882	992
14883	29
14884	11
14885	126
14886	633
14887	54
14888	59
14889	49
14890	1101
14891	2688
14892	110
14893	158
14894	24
14895	377
14896	112
14897	6262
14898	892
14899	68
14900	14
14901	7821
14902	4
14903	321
14904	869
14905	240
14906	19
14907	35
14908	220
14909	29
14910	65
14911	10
14912	73
14913	358
14914	4
14915	22
14916	25
14917	3466
14918	48
14919	33
14920	17
14921	8
14922	314
14923	46
14924	704
14925	105
14926	14
14927	1275
14928	43
14929	739
14930	5
14931	21
14932	6
14933	131
14934	7
14935	16
14936	28
14937	14
14938	9
14939	75
14940	19
14941	297
14942	94
14943	40
14944	28
14945	1517
14946	19
14947	28884
14948	47
14949	26
14950	13
14951	856
14952	504
14953	14
14954	82
14955	597
14956	5
14957	119
14958	467
14959	291
14960	122
14961	33
14962	533
14963	21
14964	2
14965	83
14966	1637
14967	100
14968	5
14969	3
14970	44
14971	1758
14972	4
14973	110
14974	152
14975	8
14976	1123
14977	11
14978	75
14979	1036
14980	12
14981	113
14982	9
14983	29
14984	10
14985	93
14986	318
14987	63
14988	38
14989	25
14990	65
14991	10
14992	29069
14993	16
14994	173
14995	5
14996	2832
14997	20
14998	32
14999	6388
15000	318
15001	31
15002	6
15003	273
15004	141
15005	163
15006	88
15007	4
15008	2195
15009	73
15010	195
15011	1975
15012	218
15013	47
15014	12
15015	80
15016	366
15017	948
15018	7
15019	10
15020	6
15021	52
15022	21
15023	234
15024	26
15025	374
15026	67
15027	6
15028	1943
15029	156
15030	227
15031	9
15032	5
15033	14
15034	74
15035	179
15036	117
15037	96
15038	36
15039	8
15040	3577
15041	168
15042	943
15043	36
15044	62
15045	11
15046	37
15047	46
15048	3
15049	196
15050	392
15051	20
15052	18
15053	181
15054	8
15055	50
15056	20
15057	1144
15058	62
15059	18
15060	29
15061	27
15062	26
15063	781
15064	283
15065	127
15066	9
15067	11
15068	47
15069	35
15070	1064
15071	47
15072	14
15073	100
15074	437
15075	277
15076	145
15077	18
15078	401
15079	174
15080	20
15081	1074
15082	56
15083	216
15084	791
15085	419
15086	44
15087	97
15088	189
15089	5
15090	62
15091	753
15092	47
15093	98
15094	238
15095	16
15096	88
15097	2202
15098	6
15099	6
15100	2711
15101	30
15102	182
15103	135
15104	4
15105	17
15106	29
15107	338
15108	92
15109	420
15110	19
15111	21
15112	20
15113	247
15114	93
15115	228
15116	41
15117	15
15118	21
15119	18
15120	583
15121	30
15122	31
15123	1366
15124	170
15125	271
15126	67
15127	6
15128	10
15129	287
15130	1515
15131	286
15132	310
15133	10
15134	2208
15135	6
15136	216
15137	137
15138	29
15139	246
15140	78
15141	137
15142	11
15143	3447
15144	42
15145	17
15146	448
15147	7
15148	39
15149	7
15150	388
15151	111
15152	12
15153	2403
15154	248
15155	70
15156	74
15157	13
15158	34
15159	249
15160	456
15161	8
15162	397
15163	38
15164	680
15165	24
15166	18
15167	32
15168	39
15169	45
15170	69
15171	23
15172	38
15173	53
15174	142
15175	845
15176	268
15177	182
15178	393
15179	340
15180	18
15181	150
15182	1016
15183	237
15184	208
15185	91
15186	259
15187	54
15188	19
15189	9
15190	179
15191	19
15192	29
15193	17
15194	54
15195	12
15196	10
15197	237
15198	17
15199	18
15200	6704
15201	17
15202	544
15203	7
15204	27
15205	55
15206	209
15207	157
15208	124
15209	167
15210	33
15211	258
15212	20
15213	90
15214	41
15215	13
15216	32
15217	186
15218	14
15219	16
15220	33
15221	1669
15222	143
15223	182
15224	11
15225	44
15226	1221
15227	304
15228	10
15229	84
15230	15
15231	59
15232	96
15233	253
15234	11
15235	326
15236	175
15237	51
15238	11
15239	105
15240	112
15241	348
15242	35
15243	24
15244	15
15245	40
15246	41
15247	15
15248	402
15249	54
15250	23
15251	551
15252	177
15253	4
15254	49
15255	121
15256	111
15257	77
15258	503
15259	7
15260	89
15261	10390
15262	32
15263	372
15264	260
15265	25
15266	24
15267	18
15268	67
15269	2874
15270	7
15271	293
15272	8
15273	1197
15274	88
15275	73
15276	310
15277	14
15278	14
15279	62
15280	250
15281	4
15282	79
15283	95
15284	76
15285	899
15286	370
15287	354
15288	18
15289	12
15290	39188
15291	4
15292	6
15293	133
15294	683
15295	9
15296	26
15297	274
15298	26
15299	4
15300	65
15301	13
15302	26
15303	95
15304	56
15305	69
15306	4
15307	3
15308	64
15309	14
15310	73
15311	25
15312	120
15313	38
15314	180
15315	36
15316	22
15317	91
15318	263
15319	133
15320	60
15321	71
15322	485
15323	30
15324	1024
15325	247
15326	42
15327	293
15328	327
15329	10
15330	7
15331	5
15332	52
15333	529
15334	5
15335	66
15336	168
15337	28
15338	21
15339	25
15340	25
15341	573
15342	77
15343	444
15344	138
15345	7
15346	45
15347	4
15348	348
15349	1596
15350	11
15351	531
15352	116
15353	46
15354	240
15355	223
15356	65
15357	524
15358	29
15359	5270
15360	34
15361	38
15362	45
15363	414
15364	549
15365	38
15366	877
15367	17
15368	73
15369	227
15370	205
15371	21
15372	47
15373	21
15374	496
15375	5
15376	25
15377	238
15378	35
15379	109
15380	56
15381	4
15382	21
15383	328
15384	144
15385	6
15386	4588
15387	6
15388	1
15389	67
15390	606
15391	229
15392	8817
15393	8
15394	12
15395	42
15396	393
15397	154
15398	690
15399	5431
15400	122
15401	5
15402	34
15403	8
15404	1069
15405	310
15406	318
15407	33
15408	2
15409	151
15410	373
15411	262
15412	945
15413	13
15414	593
15415	20
15416	364
15417	82
15418	168
15419	633
15420	42
15421	120
15422	62
15423	49
15424	10998
15425	372
15426	4
15427	16
15428	77
15429	1261
15430	7
15431	30
15432	7
15433	222
15434	6
15435	11
15436	10
15437	27
15438	2634
15439	48
15440	18
15441	25
15442	329
15443	10
15444	29
15445	19
15446	149
15447	5
15448	51
15449	7
15450	64
15451	28
15452	266
15453	470
15454	78
15455	1889
15456	2
15457	435
15458	49
15459	428
15460	297
15461	5
15462	1038
15463	53
15464	751
15465	13
15466	158
15467	335
15468	25
15469	174
15470	198
15471	40
15472	602
15473	104
15474	14
15475	14
15476	13
15477	478
15478	395
15479	449
15480	73
15481	13
15482	448
15483	792
15484	42
15485	742
15486	19
15487	597
15488	37
15489	51
15490	77
15491	8
15492	4
15493	13
15494	5
15495	72
15496	14
15497	60
15498	306
15499	20
15500	21
15501	6
15502	10
15503	1211
15504	56
15505	15
15506	154
15507	15
15508	61
15509	8
15510	1053
15511	36
15512	205
15513	52
15514	17
15515	39
15516	321
15517	7
15518	517
15519	217
15520	110
15521	99
15522	69
15523	22
15524	9
15525	19
15526	352
15527	940
15528	980
15529	96
15530	23
15531	88
15532	973
15533	6
15534	32
15535	173
15536	429
15537	75
15538	5
15539	325
15540	56
15541	4554
15542	29
15543	162
15544	343
15545	33
15546	32
15547	429
15548	5
15549	9
15550	62
15551	303
15552	92
15553	9
15554	20
15555	119
15556	36
15557	375
15558	122
15559	58
15560	45
15561	12
15562	31
15563	335
15564	19
15565	8
15566	331
15567	1422
15568	57
15569	134
15570	312
15571	6
15572	726
15573	10
15574	6
15575	150
15576	873
15577	93
15578	115
15579	942
15580	10
15581	9
15582	184
15583	9
15584	52
15585	58
15586	33
15587	129
15588	173
15589	19
15590	60
15591	997
15592	4476
15593	5
15594	40
15595	251
15596	65
15597	20
15598	165
15599	2184
15600	72
15601	216
15602	306
15603	15
15604	2763
15605	100
15606	85
15607	89
15608	150
15609	6
15610	1465
15611	9
15612	200
15613	11053
15614	10
15615	135
15616	173
15617	13
15618	940
15619	33
15620	15
15621	39
15622	1518
15623	287
15624	13
15625	34
15626	320
15627	10
15628	5
15629	160
15630	1871
15631	7
15632	23
15633	98
15634	11
15635	15
15636	132
15637	13
15638	200
15639	2
15640	207
15641	62
15642	3
15643	53
15644	23
15645	5
15646	83
15647	150
15648	38
15649	9881
15650	1329
15651	5
15652	9
15653	303
15654	200
15655	1601
15656	58
15657	44
15658	195
15659	9
15660	345
15661	36
15662	185
15663	156
15664	2012
15665	18
15666	85
15667	6
15668	42
15669	13
15670	5
15671	43
15672	1105
15673	360
15674	273
15675	242
15676	8
15677	12
15678	49
15679	25
15680	1574
15681	6
15682	15
15683	1967
15684	71
15685	288
15686	701
15687	38
15688	11
15689	522
15690	6
15691	15
15692	260
15693	3117
15694	199
15695	40
15696	69
15697	337
15698	320
15699	62
15700	3729
15701	4
15702	25
15703	340
15704	185
15705	11
15706	23
15707	704
15708	232
15709	378
15710	10
15711	3
15712	1198
15713	283
15714	45
15715	7
15716	420
15717	22
15718	458
15719	242
15720	187
15721	93
15722	3
15723	21
15724	19
15725	9
15726	17
15727	551
15728	62
15729	8
15730	6
15731	217
15732	189
15733	20
15734	78
15735	31
15736	70
15737	66
15738	22
15739	609
15740	1967
15741	1073
15742	32
15743	132
15744	185
15745	31
15746	55
15747	78
15748	5
15749	33
15750	86
15751	153
15752	363
15753	33
15754	64
15755	20
15756	12
15757	11
15758	448
15759	143
15760	226
15761	273
15762	60
15763	546
15764	184
15765	364
15766	55
15767	1207
15768	51
15769	72
15770	17
15771	7
15772	2372
15773	20
15774	4
15775	138
15776	488
15777	565
15778	29
15779	222
15780	2397
15781	3
15782	341
15783	161
15784	175
15785	662
15786	47
15787	5
15788	19
15789	12
15790	346
15791	135
15792	381
15793	209
15794	278
15795	134
15796	16
15797	5
15798	30
15799	22
15800	41
15801	419
15802	402
15803	1039
15804	212
15805	133
15806	116
15807	65
15808	69
15809	183
15810	9
15811	15
15812	40
15813	112
15814	13
15815	6
15816	239
15817	7
15818	9
15819	80
15820	2101
15821	17
15822	75
15823	129
15824	6
15825	21
15826	8
15827	8
15828	5
15829	336
15830	135
15831	226
15832	13
15833	5
15834	8
15835	325
15836	7
15837	34
15838	11
15839	143
15840	247
15841	168
15842	1763
15843	57
15844	88
15845	44
15846	256
15847	48
15848	225
15849	6
15850	78
15851	26
15852	48
15853	80
15854	7
15855	16
15856	5
15857	33
15858	36
15859	4
15860	2646
15861	276
15862	16
15863	24
15864	24
15865	5
15866	484
15867	53
15868	153
15869	321
15870	12
15871	36
15872	13039
15873	73
15874	23
15875	73
15876	51
15877	1
15878	46
15879	76
15880	300
15881	13
15882	72
15883	13
15884	20
15885	275
15886	55
15887	782
15888	44
15889	16
15890	5
15891	1168
15892	1395
15893	53
15894	5
15895	994
15896	89
15897	13
15898	24
15899	1667
15900	84
15901	1
15902	12822
15903	3
15904	479
15905	748
15906	2290
15907	97
15908	16
15909	6
15910	8
15911	4
15912	144
15913	357
15914	85
15915	88
15916	6
15917	75
15918	13
15919	37
15920	202
15921	37
15922	8
15923	2723
15924	607
15925	2172
15926	101
15927	14
15928	63
15929	143
15930	10
15931	10
15932	5
15933	117
15934	241
15935	9
15936	34
15937	17401
15938	31
15939	12
15940	3
15941	4
15942	20
15943	285
15944	121
15945	1473
15946	11
15947	242
15948	140
15949	172
15950	3936
15951	217
15952	215
15953	130
15954	79
15955	203
15956	98
15957	9
15958	89
15959	103
15960	561
15961	22
15962	237
15963	7
15964	141
15965	24
15966	41
15967	4
15968	173
15969	839
15970	6
15971	7
15972	11
15973	266
15974	49
15975	317
15976	1135
15977	6
15978	210
15979	261
15980	5
15981	903
15982	44
15983	104
15984	4716
15985	63
15986	2
15987	229
15988	37
15989	113
15990	19
15991	354
15992	286
15993	65
15994	19
15995	4391
15996	416
15997	63
15998	88
15999	683
16000	39
16001	636
16002	34
16003	5
16004	846
16005	6
16006	14
16007	28
16008	73
16009	17
16010	13
16011	85
16012	25
16013	211
16014	1269
16015	269
16016	12
16017	199
16018	102
16019	674
16020	3308
16021	195
16022	82
16023	25
16024	17
16025	58
16026	26
16027	143
16028	6
16029	288
16030	32
16031	450
16032	181
16033	731
16034	33
16035	38
16036	18
16037	3
16038	60
16039	6
16040	67
16041	3
16042	523
16043	120
16044	790
16045	5
16046	147
16047	14
16048	244
16049	15
16050	6
16051	7
16052	71
16053	22
16054	5
16055	19
16056	63
16057	541
16058	4
16059	87
16060	35
16061	12
16062	169
16063	35
16064	8
16065	18
16066	422
16067	11
16068	112
16069	70
16070	922
16071	30
16072	382
16073	84
16074	17
16075	131
16076	12
16077	8
16078	33
16079	55
16080	23
16081	72
16082	319
16083	14255
16084	69
16085	12
16086	20
16087	133
16088	6
16089	244
16090	2
16091	187
16092	47
16093	56
16094	17
16095	6
16096	365
16097	1173
16098	16
16099	13
16100	166
16101	160
16102	222
16103	183
16104	15
16105	5
16106	49
16107	46
16108	714
16109	110
16110	7
16111	7
16112	8
16113	256
16114	16
16115	179
16116	34
16117	35
16118	34
16119	50
16120	24
16121	8
16122	210
16123	53
16124	12
16125	337
16126	133
16127	328
16128	39
16129	5
16130	17
16131	1393
16132	24
16133	662
16134	86
16135	386
16136	626
16137	753
16138	243
16139	746
16140	10
16141	10
16142	756
16143	382
16144	166
16145	7890
16146	258
16147	87
16148	354
16149	89
16150	138
16151	2
16152	361
16153	8
16154	2472
16155	5
16156	7
16157	20
16158	65
16159	322
16160	6
16161	6
16162	35
16163	82
16164	46
16165	59
16166	12
16167	203
16168	4593
16169	293
16170	314
16171	55
16172	13
16173	196
16174	1712
16175	62
16176	8
16177	189
16178	255
16179	65
16180	164
16181	74
16182	569
16183	74
16184	21
16185	30170
16186	39
16187	13
16188	172
16189	126
16190	13
16191	11
16192	323
16193	5
16194	224
16195	2
16196	9
16197	55
16198	1356
16199	18
16200	158
16201	45
16202	326
16203	165
16204	5
16205	17
16206	192
16207	356
16208	5
16209	462
16210	58
16211	10
16212	84
16213	1185
16214	62
16215	701
16216	38
16217	76
16218	293
16219	400
16220	510
16221	832
16222	8
16223	1109
16224	110
16225	8
16226	54
16227	69
16228	127
16229	63
16230	14
16231	116
16232	13
16233	94
16234	2672
16235	265
16236	167
16237	903
16238	14
16239	49
16240	62
16241	804
16242	72
16243	8
16244	18
16245	490
16246	45
16247	232
16248	9
16249	5740
16250	5
16251	247
16252	45
16253	69
16254	7923
16255	9
16256	26
16257	69
16258	13
16259	200
16260	715
16261	119
16262	7723
16263	6
16264	8
16265	58
16266	3
16267	7
16268	352
16269	14
16270	48
16271	40
16272	12
16273	157
16274	252
16275	240
16276	199
16277	489
16278	1474
16279	18
16280	33
16281	1632
16282	382
16283	5869
16284	5
16285	20
16286	8
16287	3
16288	9
16289	692
16290	6301
16291	2978
16292	49
16293	309
16294	50
16295	237
16296	257
16297	52
16298	4
16299	17
16300	144
16301	172
16302	15
16303	649
16304	64
16305	461
16306	15
16307	25
16308	63
16309	357
16310	6
16311	19
16312	3
16313	42
16314	165
16315	16
16316	17
16317	30
16318	7
16319	25
16320	457
16321	1054
16322	81
16323	70
16324	31
16325	1544
16326	85
16327	257
16328	269
16329	33
16330	18
16331	7
16332	245
16333	15
16334	558
16335	34
16336	11
16337	24
16338	223
16339	364
16340	7
16341	359
16342	10
16343	11
16344	5
16345	120
16346	6
16347	11
16348	18
16349	20217
16350	1187
16351	226
16352	8
16353	84
16354	65
16355	77
16356	15
16357	55
16358	144
16359	69
16360	7
16361	23
16362	25
16363	2971
16364	234
16365	445
16366	18
16367	77
16368	3
16369	28
16370	84
16371	24
16372	52
16373	160
16374	56
16375	16
16376	150
16377	24
16378	97
16379	150
16380	21
16381	134
16382	226
16383	10
16384	1717
16385	77
16386	73
16387	1962
16388	48
16389	126
16390	22
16391	10
16392	7
16393	477
16394	12
16395	12
16396	1474
16397	13
16398	3547
16399	180
16400	166
16401	6
16402	9
16403	102
16404	43
16405	69
16406	138
16407	89
16408	245
16409	459
16410	228
16411	94
16412	7
16413	42
16414	1024
16415	1421
16416	23
16417	352
16418	11
16419	1663
16420	42
16421	82
16422	39
16423	202
16424	32
16425	336
16426	48
16427	207
16428	432
16429	32
16430	216
16431	16
16432	526
16433	61
16434	285
16435	14
16436	672
16437	18
16438	7
16439	65
16440	181
16441	195
16442	13
16443	67
16444	32
16445	286
16446	262
16447	79
16448	5
16449	20
16450	104
16451	14
16452	148
16453	5
16454	469
16455	27
16456	1030
16457	30
16458	17
16459	290
16460	655
16461	1
16462	3027
16463	175
16464	1969
16465	317
16466	598
16467	95
16468	9
16469	274
16470	76
16471	26
16472	31
16473	256
16474	21
16475	21
16476	40
16477	21
16478	905
16479	2354
16480	12
16481	5
16482	238
16483	77
16484	94
16485	33
16486	641
16487	67
16488	2
16489	888
16490	1507
16491	5
16492	87
16493	50
16494	708
16495	272
16496	16
16497	18
16498	15
16499	27
16500	14
16501	292
16502	63
16503	53
16504	5
16505	393
16506	14
16507	343
16508	1226
16509	9
16510	7
16511	234
16512	12
16513	15
16514	36
16515	103
16516	92
16517	12
16518	1335
16519	156
16520	73
16521	10531
16522	194
16523	255
16524	167
16525	4162
16526	256
16527	23
16528	1397
16529	25
16530	198
16531	12
16532	72
16533	7
16534	6
16535	345
16536	63
16537	51
16538	22
16539	645
16540	465
16541	524
16542	4
16543	6
16544	29
16545	18
16546	5
16547	46
16548	288
16549	107
16550	79
16551	129
16552	171
16553	315
16554	63
16555	61
16556	1227
16557	64
16558	294
16559	15
16560	2313
16561	401
16562	46
16563	92
16564	339
16565	101
16566	385
16567	4
16568	760
16569	77
16570	3375
16571	25
16572	87
16573	9
16574	142
16575	408
16576	62
16577	14
16578	507
16579	37
16580	30
16581	64
16582	57
16583	87
16584	85
16585	36
16586	10
16587	10
16588	18
16589	7192
16590	169
16591	5
16592	8
16593	278
16594	238
16595	142
16596	11
16597	48
16598	25
16599	67
16600	73
16601	35
16602	10
16603	5
16604	4
16605	173
16606	8
16607	1001
16608	129
16609	752
16610	300
16611	1524
16612	17
16613	1319
16614	53
16615	553
16616	8131
16617	7709
16618	520
16619	399
16620	296
16621	28
16622	512
16623	12
16624	17
16625	291
16626	13
16627	18
16628	413
16629	23
16630	190
16631	92
16632	80
16633	250
16634	5
16635	3
16636	64
16637	356
16638	15
16639	1
16640	29
16641	978
16642	381
16643	82
16644	264
16645	320
16646	71
16647	1288
16648	115
16649	14
16650	688
16651	3
16652	67
16653	7
16654	16
16655	56
16656	30
16657	20
16658	25
16659	309
16660	5
16661	82
16662	104
16663	47
16664	100
16665	370
16666	6
16667	91
16668	618
16669	177
16670	139
16671	10
16672	5
16673	6
16674	10
16675	86
16676	400
16677	98
16678	9
16679	155
16680	245
16681	98
16682	146
16683	1223
16684	18
16685	103
16686	28
16687	29
16688	11
16689	26
16690	90
16691	12
16692	5
16693	13
16694	20
16695	50
16696	10772
16697	133
16698	69
16699	18
16700	95
16701	8
16702	11
16703	663
16704	235
16705	7
16706	48
16707	44
16708	8
16709	106
16710	1040
16711	192
16712	263
16713	10
16714	2044
16715	1258
16716	11
16717	36
16718	57
16719	7
16720	46
16721	130
16722	125
16723	7
16724	7
16725	435
16726	865
16727	158
16728	4
16729	53
16730	254
16731	111
16732	2304
16733	18
16734	4
16735	56
16736	45
16737	43
16738	13
16739	57
16740	12
16741	116
16742	47
16743	211
16744	1186
16745	26
16746	33
16747	1052
16748	625
16749	65
16750	58
16751	87
16752	523
16753	875
16754	397
16755	19
16756	122
16757	3201
16758	7
16759	35820
16760	13
16761	8
16762	7
16763	76
16764	5
16765	10
16766	776
16767	10
16768	3250
16769	82
16770	7
16771	114
16772	1115
16773	491
16774	21
16775	19
16776	34
16777	4
16778	6
16779	21
16780	11
16781	111
16782	576
16783	13
16784	35
16785	65
16786	96
16787	107
16788	50
16789	440
16790	1
16791	117
16792	35
16793	1348
16794	29
16795	13
16796	41
16797	142951
16798	275
16799	65
16800	6
16801	154
16802	19
16803	354
16804	33
16805	101
16806	16
16807	13
16808	120
16809	3
16810	6
16811	2
16812	5
16813	353
16814	21
16815	103
16816	869
16817	53
16818	854
16819	81
16820	30
16821	8
16822	10
16823	7306
16824	1540
16825	1324
16826	1780
16827	20
16828	3
16829	19
16830	2160
16831	91
16832	39
16833	13
16834	577
16835	7
16836	7
16837	1577
16838	141
16839	202
16840	1598
16841	7
16842	44
16843	11
16844	40
16845	9
16846	245
16847	324
16848	3065
16849	4
16850	10
16851	10
16852	48
16853	127
16854	50
16855	526
16856	502
16857	478
16858	8
16859	224
16860	4
16861	29
16862	40
16863	20
16864	1575
16865	8
16866	46
16867	69
16868	936
16869	1014
16870	131
16871	316
16872	4
16873	4
16874	2346
16875	446
16876	453
16877	14
16878	4
16879	90
16880	14
16881	38
16882	3806
16883	484
16884	49
16885	286
16886	46
16887	25
16888	62
16889	8
16890	84
16891	571
16892	56
16893	386
16894	40
16895	12
16896	2248
16897	923
16898	9
16899	96
16900	1250
16901	39
16902	423
16903	214
16904	13
16905	7
16906	182
16907	47
16908	1879
16909	37
16910	49
16911	555
16912	49
16913	384
16914	89
16915	54
16916	147
16917	12
16918	272
16919	6
16920	2830
16921	37
16922	22
16923	7
16924	69
16925	72
16926	120
16927	304
16928	25
16929	16
16930	16
16931	28
16932	106
16933	266
16934	5
16935	9
16936	95
16937	48
16938	186
16939	269
16940	29
16941	4
16942	21
16943	237
16944	4
16945	116
16946	61
16947	7
16948	376
16949	32
16950	22
16951	45
16952	6
16953	20033
16954	44
16955	51
16956	12
16957	75
16958	31
16959	567
16960	68
16961	117
16962	14
16963	14
16964	8
16965	13273
16966	41
16967	42
16968	13
16969	23
16970	242
16971	195
16972	17
16973	3303
16974	2773
16975	192
16976	70
16977	122
16978	543
16979	3
16980	10
16981	975
16982	15
16983	4
16984	6
16985	115
16986	176
16987	1321
16988	162
16989	4
16990	23
16991	22
16992	41
16993	91
16994	948
16995	3093
16996	162
16997	949
16998	41
16999	8
17000	17
17001	31
17002	192
17003	313
17004	57
17005	3
17006	27
17007	385
17008	7117
17009	21
17010	69
17011	33
17012	46
17013	2
17014	52
17015	117
17016	284
17017	541
17018	67
17019	15
17020	123
17021	2346
17022	479
17023	17
17024	39
17025	1270
17026	8
17027	5885
17028	26
17029	282
17030	107
17031	132
17032	125
17033	416
17034	11
17035	73
17036	6
17037	62
17038	1696
17039	17
17040	386
17041	159
17042	12
17043	40
17044	4665
17045	4
17046	170
17047	50
17048	6
17049	13
17050	11
17051	11
17052	58
17053	247
17054	41
17055	11
17056	123
17057	10
17058	27
17059	16
17060	68
17061	169
17062	11
17063	21
17064	14
17065	8
17066	28
17067	72
17068	21
17069	64
17070	611
17071	12
17072	92
17073	47
17074	110
17075	199
17076	38
17077	131
17078	19
17079	164
17080	1353
17081	66
17082	48
17083	330
17084	100
17085	75
17086	103
17087	5
17088	18
17089	124
17090	9
17091	52
17092	170
17093	396
17094	46
17095	236
17096	346
17097	242
17098	10
17099	18
17100	14
17101	43
17102	6
17103	93
17104	462
17105	501
17106	8
17107	27
17108	153
17109	43
17110	223
17111	14
17112	46
17113	2
17114	10
17115	354
17116	13
17117	96
17118	56
17119	810
17120	13
17121	7
17122	13880
17123	1795
17124	28
17125	108
17126	5
17127	2
17128	3
17129	25
17130	431
17131	1370
17132	5
17133	6
17134	148
17135	158
17136	9
17137	81
17138	11
17139	3
17140	804
17141	10
17142	191
17143	55
17144	13
17145	112
17146	130
17147	3
17148	80
17149	3313
17150	163
17151	742
17152	31
17153	153
17154	571
17155	889
17156	43
17157	703
17158	55
17159	337
17160	1456
17161	9
17162	134
17163	546
17164	84
17165	16
17166	43
17167	318
17168	819
17169	55
17170	1612
17171	12
17172	98
17173	217
17174	4
17175	4
17176	63
17177	346
17178	11
17179	75
17180	29
17181	446
17182	58
17183	3727
17184	8
17185	14
17186	41
17187	24
17188	18
17189	50
17190	82
17191	4389
17192	7
17193	56
17194	61
17195	42
17196	5
17197	110
17198	2
17199	145
17200	2484
17201	341
17202	142
17203	132
17204	41
17205	23
17206	1523
17207	4148
17208	225
17209	507
17210	8
17211	8
17212	59
17213	132
17214	15
17215	99
17216	299
17217	4
17218	44
17219	62
17220	8
17221	376
17222	42
17223	549
17224	7987
17225	280
17226	4
17227	43
17228	6
17229	50
17230	34
17231	523
17232	9
17233	79
17234	9
17235	281
17236	81
17237	116
17238	69
17239	25
17240	246
17241	81
17242	80
17243	77
17244	47
17245	162
17246	52
17247	405
17248	95
17249	5
17250	18
17251	219
17252	172
17253	18
17254	7
17255	25
17256	216
17257	41
17258	277
17259	28
17260	236
17261	322
17262	14
17263	25
17264	2147
17265	62
17266	27
17267	36
17268	26
17269	4
17270	15
17271	69
17272	340
17273	635
17274	26
17275	335
17276	13
17277	39
17278	17
17279	577
17280	14
17281	1396
17282	4
17283	157
17284	8423
17285	12
17286	303
17287	89
17288	27
17289	57
17290	8
17291	8
17292	37
17293	50
17294	241
17295	258
17296	158
17297	3
17298	4
17299	649
17300	225
17301	76
17302	330
17303	517
17304	1411
17305	23
17306	132
17307	108
17308	18
17309	252
17310	125
17311	392
17312	67
17313	4082
17314	32
17315	193
17316	10329
17317	816
17318	872
17319	303
17320	32
17321	111
17322	463
17323	191
17324	38
17325	19
17326	426
17327	8
17328	694
17329	111
17330	484
17331	336
17332	127
17333	1489
17334	3770
17335	292
17336	44
17337	7
17338	938
17339	288
17340	77
17341	7333
17342	80
17343	45
17344	162
17345	6
17346	17
17347	58
17348	151
17349	15
17350	228
17351	37
17352	1304
17353	71
17354	32
17355	2131
17356	178
17357	59
17358	120
17359	30
17360	751
17361	16
17362	26
17363	167
17364	136
17365	67
17366	226
17367	4
17368	615
17369	6
17370	179
17371	13
17372	40
17373	47
17374	33
17375	670
17376	114
17377	43
17378	5
17379	13
17380	6
17381	47
17382	30
17383	71
17384	28
17385	25
17386	15
17387	7
17388	223
17389	450
17390	32
17391	22
17392	43
17393	17
17394	9
17395	762
17396	191
17397	493
17398	91
17399	122
17400	2222
17401	15
17402	12
17403	276
17404	9
17405	22
17406	7
17407	242
17408	88
17409	499
17410	37
17411	39
17412	92
17413	3
17414	5
17415	117
17416	40
17417	279
17418	380
17419	4262
17420	12
17421	416
17422	7
17423	49
17424	276
17425	93
17426	600
17427	373
17428	7
17429	7707
17430	82
17431	75
17432	134
17433	145
17434	374
17435	328
17436	21
17437	64
17438	263
17439	13
17440	59
17441	58
17442	80
17443	61
17444	70
17445	27
17446	53
17447	11
17448	19
17449	622
17450	220
17451	132
17452	6
17453	103
17454	3341
17455	4
17456	5
17457	16
17458	20
17459	911
17460	324
17461	16816
17462	669
17463	79
17464	16
17465	162
17466	11
17467	12
17468	1584
17469	467
17470	10
17471	662
17472	164
17473	4
17474	4
17475	187
17476	27
17477	263
17478	3
17479	21
17480	14
17481	4
17482	194
17483	2
17484	2158
17485	104
17486	9
17487	4441
17488	6
17489	169
17490	443
17491	45
17492	213
17493	24
17494	11
17495	18
17496	4
17497	9
17498	11
17499	4
17500	272
17501	125
17502	3
17503	14
17504	102
17505	421
17506	86
17507	17
17508	102
17509	26
17510	9
17511	291
17512	16
17513	14
17514	100
17515	22
17516	48
17517	21
17518	1231
17519	10
17520	13
17521	47
17522	20
17523	46
17524	15
17525	115
17526	2885
17527	17
17528	21
17529	71
17530	4142
17531	29
17532	60
17533	697
17534	16
17535	48
17536	108
17537	48
17538	11
17539	39
17540	100
17541	376
17542	16
17543	6
17544	14
17545	998
17546	58
17547	139
17548	46
17549	232
17550	650
17551	60
17552	19
17553	4321
17554	16
17555	1242
17556	246
17557	34
17558	28
17559	562
17560	714
17561	6
17562	749
17563	131
17564	18
17565	243
17566	246
17567	40
17568	4269
17569	183
17570	109
17571	94
17572	402
17573	206
17574	128
17575	4
17576	245
17577	171
17578	41
17579	3454
17580	342
17581	1008
17582	44
17583	274
17584	401
17585	1
17586	13
17587	12
17588	3
17589	9
17590	115
17591	45
17592	977
17593	49
17594	496
17595	13
17596	648
17597	58
17598	116
17599	47
17600	19611
17601	774
17602	24
17603	35
17604	350
17605	289
17606	299
17607	28
17608	22
17609	5
17610	20
17611	102
17612	41
17613	8
17614	216
17615	3803
17616	7381
17617	602
17618	7
17619	2024
17620	62
17621	811
17622	2391
17623	12
17624	91
17625	8
17626	70
17627	170
17628	652
17629	16
17630	6807
17631	1477
17632	239
17633	31
17634	3235
17635	6
17636	27
17637	165
17638	1975
17639	5
17640	402
17641	71
17642	4
17643	17
17644	67
17645	25
17646	36
17647	11
17648	9
17649	198
17650	993
17651	9
17652	8548
17653	17
17654	100
17655	57
17656	24
17657	36
17658	178
17659	41
17660	161
17661	11
17662	52
17663	295
17664	153
17665	8
17666	560
17667	9
17668	2110
17669	90
17670	357
17671	75
17672	508
17673	4
17674	7
17675	72
17676	208
17677	97
17678	1122
17679	1243
17680	98
17681	112
17682	13
17683	44
17684	40
17685	10
17686	9
17687	23
17688	21
17689	623
17690	77
17691	880
17692	6
17693	113
17694	198
17695	184
17696	64
17697	8
17698	138
17699	487
17700	71
17701	14
17702	166
17703	534
17704	2360
17705	181
17706	13692
17707	23
17708	1199
17709	92
17710	274
17711	14
17712	114
17713	126
17714	13
17715	346
17716	73
17717	12
17718	4
17719	92
17720	1168
17721	1232
17722	57
17723	519
17724	19
17725	1200
17726	316
17727	186
17728	32
17729	27
17730	1558
17731	911
17732	3
17733	52
17734	483
17735	414
17736	25
17737	98
17738	285
17739	15
17740	35
17741	123
17742	444
17743	115
17744	1198
17745	390
17746	109
17747	2847
17748	10
17749	15
17750	66
17751	257
17752	235
17753	44
17754	37
17755	7
17756	29
17757	315
17758	9961
17759	599
17760	126
17761	2
17762	35
17763	108
17764	24
17765	44
17766	883
17767	7
17768	13
17769	1268
17770	5
17771	329
17772	74
17773	20
17774	82
17775	146
17776	6
17777	47
17778	41
17779	172
17780	10
17781	434
17782	46
17783	310
17784	105
17785	15
17786	38
17787	21
17788	73
17789	4838
17790	36
17791	870
17792	8
17793	10
17794	72736
17795	14016
17796	189
17797	27
17798	141
17799	4
17800	177
17801	145
17802	200
17803	2083
17804	584
17805	46
17806	19
17807	6922
17808	6
17809	8
17810	31
17811	73
17812	9
17813	53
17814	36
17815	16
17816	9
17817	51
17818	28
17819	1058
17820	180
17821	280
17822	21
17823	48
17824	370
17825	441
17826	36
17827	14
17828	2472
17829	386
17830	2014
17831	18
17832	54
17833	326
17834	36
17835	7302
17836	1001
17837	29
17838	172
17839	17
17840	547
17841	5
17842	32
17843	14
17844	24
17845	65
17846	21
17847	1690
17848	128
17849	22
17850	34
17851	19
17852	6
17853	71
17854	113
17855	23
17856	20
17857	7
17858	2677
17859	646
17860	6
17861	307
17862	4994
17863	291
17864	573
17865	240
17866	121
17867	1147
17868	37
17869	5
17870	225
17871	3680
17872	16246
17873	99
17874	1162
17875	79
17876	140
17877	199
17878	6673
17879	4
17880	4
17881	14
17882	152
17883	7
17884	189
17885	2
17886	35
17887	32
17888	140
17889	180
17890	316
17891	9
17892	5
17893	8
17894	13
17895	7
17896	858
17897	29
17898	787
17899	94
17900	876
17901	10
17902	6763
17903	128
17904	3
17905	660
17906	94
17907	76
17908	63
17909	16
17910	2
17911	15
17912	49
17913	8
17914	78
17915	2771
17916	168
17917	15
17918	336
17919	52
17920	685
17921	99
17922	5
17923	347
17924	1889
17925	26
17926	177
17927	15
17928	64
17929	362
17930	24
17931	506
17932	66
17933	3
17934	40
17935	32
17936	170
17937	5
17938	215
17939	123
17940	47
17941	6
17942	34
17943	9
17944	732
17945	3
17946	529
17947	40
17948	29905
17949	11339
17950	111
17951	309
17952	56
17953	288
17954	23
17955	5
17956	1448
17957	1402
17958	43
17959	10
17960	60
17961	6
17962	52
17963	5
17964	168
17965	42
17966	242
17967	19
17968	112
17969	60
17970	46
17971	145
17972	22
17973	14
17974	361
17975	7
17976	971
17977	4
17978	7
17979	684
17980	638
17981	382
17982	823
17983	329
17984	60
17985	2299
17986	808
17987	271
17988	1359
17989	4
17990	22
17991	55
17992	29
17993	711
17994	213
17995	13
17996	19
17997	261
17998	256
17999	43
18000	210
18001	1
18002	9
18003	2
18004	31
18005	4
18006	15
18007	52
18008	8
18009	129
18010	338
18011	934
18012	83
18013	18
18014	17
18015	13
18016	21
18017	6
18018	81
18019	6081
18020	954
18021	12
18022	268
18023	5474
18024	27
18025	721
18026	343
18027	17789
18028	31
18029	24
18030	65
18031	20
18032	27
18033	27
18034	26
18035	617
18036	35
18037	1172
18038	13
18039	33
18040	137
18041	20
18042	16
18043	41
18044	21
18045	48
18046	17
18047	3
18048	559
18049	405
18050	17
18051	31
18052	187
18053	11
18054	54
18055	52
18056	11
18057	25
18058	14
18059	665
18060	19
18061	216
18062	6
18063	11
18064	4
18065	51
18066	21
18067	313
18068	5
18069	103
18070	1914
18071	1075
18072	783
18073	24
18074	222
18075	13
18076	5
18077	88
18078	2903
18079	861
18080	16
18081	3
18082	4
18083	34
18084	8
18085	46
18086	4
18087	40
18088	9
18089	120
18090	4925
18091	681
18092	5
18093	45
18094	857
18095	1983
18096	5
18097	4
18098	5
18099	28
18100	27
18101	18
18102	611
18103	52
18104	1558
18105	1800
18106	17
18107	8
18108	25
18109	982
18110	231
18111	50
18112	56
18113	412
18114	2
18115	711
18116	150
18117	613
18118	96
18119	350
18120	14
18121	6
18122	6
18123	14
18124	8
18125	173
18126	48
18127	562
18128	673
18129	9
18130	9
18131	24
18132	108
18133	8
18134	61
18135	1067
18136	7
18137	40
18138	160
18139	10
18140	1189
18141	12
18142	398
18143	48
18144	150
18145	41
18146	145
18147	18
18148	363
18149	47
18150	1948
18151	172
18152	331
18153	48
18154	4
18155	15
18156	109
18157	468
18158	8
18159	4464
18160	45
18161	114
18162	94
18163	28
18164	310
18165	13
18166	103
18167	6
18168	1010
18169	66
18170	69
18171	3128
18172	10
18173	55
18174	200
18175	848
18176	4552
18177	2
18178	11
18179	3
18180	200
18181	15
18182	9
18183	32
18184	218
18185	63
18186	35
18187	77
18188	193
18189	43
18190	5
18191	13
18192	27
18193	3
18194	23
18195	96
18196	304
18197	8
18198	225
18199	10
18200	3157
18201	1069
18202	493
18203	4
18204	9
18205	974
18206	58
18207	96
18208	242
18209	214
18210	38
18211	298
18212	561
18213	9
18214	27
18215	86
18216	70
18217	35
18218	684
18219	244
18220	11
18221	392
18222	192
18223	53
18224	1812
18225	84
18226	142
18227	9
18228	30
18229	283
18230	29
18231	61
18232	3609
18233	61
18234	11843
18235	7
18236	9
18237	88
18238	37
18239	130
18240	36
18241	26
18242	939
18243	1241
18244	11
18245	259
18246	166
18247	113
18248	8
18249	17
18250	20
18251	7
18252	4
18253	162
18254	133
18255	74
18256	90
18257	12
18258	7
18259	55
18260	157
18261	37
18262	6
18263	5
18264	71
18265	15
18266	95
18267	47
18268	9
18269	97
18270	15
18271	32
18272	3429
18273	6
18274	7
18275	16
18276	127
18277	11
18278	65
18279	33
18280	11
18281	1782
18282	7
18283	12
18284	239
18285	598
18286	1546
18287	25
18288	13086
18289	11
18290	208
18291	15
18292	616
18293	5
18294	44
18295	6
18296	1061
18297	83
18298	12
18299	4
18300	68
18301	208
18302	75
18303	164
18304	301
18305	162
18306	79
18307	84
18308	220
18309	332
18310	10
18311	33
18312	14
18313	164
18314	80
18315	67
18316	17
18317	5
18318	30
18319	9
18320	6
18321	545
18322	54
18323	70
18324	7
18325	250
18326	12
18327	552
18328	36
18329	54
18330	6
18331	63
18332	56
18333	55
18334	207
18335	7
18336	19
18337	3108
18338	100
18339	4248
18340	796
18341	172
18342	31
18343	155
18344	6
18345	115
18346	499
18347	64
18348	263
18349	16
18350	14
18351	76
18352	5575
18353	547
18354	208
18355	145
18356	15
18357	154
18358	279
18359	1184
18360	79
18361	49
18362	23006
18363	26
18364	252
18365	78
18366	172
18367	42
18368	109
18369	54
18370	18449
18371	110
18372	169
18373	198
18374	4
18375	68
18376	1676
18377	203
18378	62
18379	1159
18380	216
18381	339
18382	6871
18383	96
18384	26
18385	368
18386	23
18387	235
18388	24
18389	3411
18390	19
18391	214
18392	18
18393	76
18394	2743
18395	110
18396	11
18397	76
18398	131
18399	218
18400	85
18401	22
18402	46
18403	28
18404	295
18405	62
18406	57
18407	48
18408	77
18409	893
18410	361
18411	748
18412	189
18413	1296
18414	656
18415	51
18416	23
18417	26
18418	4121
18419	218
18420	11
18421	27
18422	21
18423	116
18424	3
18425	33
18426	363
18427	227
18428	50
18429	150
18430	79
18431	48
18432	1704
18433	416
18434	6757
18435	536
18436	155
18437	89
18438	92
18439	3747
18440	22
18441	15304
18442	5
18443	384
18444	1608
18445	3
18446	14
18447	20
18448	59
18449	133
18450	65
18451	328
18452	144
18453	35
18454	6
18455	19
18456	12
18457	25
18458	33
18459	4
18460	1515
18461	331
18462	63
18463	26
18464	34
18465	40045
18466	27
18467	47
18468	255
18469	30
18470	15
18471	3847
18472	34
18473	240
18474	39
18475	19
18476	34
18477	69
18478	12
18479	10375
18480	10
18481	68
18482	63
18483	62
18484	12
18485	59
18486	8
18487	1493
18488	554
18489	487
18490	26
18491	94
18492	2
18493	7
18494	117
18495	7
18496	25
18497	25
18498	702
18499	548
18500	22
18501	172
18502	1310
18503	1121
18504	6
18505	25
18506	2
18507	19
18508	89
18509	48
18510	78
18511	24
18512	209
18513	7
18514	316
18515	62
18516	258
18517	6
18518	58
18519	75
18520	27
18521	40
18522	6
18523	23034
18524	61
18525	9
18526	69
18527	24
18528	21
18529	296
18530	15
18531	24664
18532	14
18533	13
18534	3588
18535	161
18536	10
18537	364
18538	1
18539	316
18540	70
18541	11
18542	448
18543	349
18544	135
18545	142
18546	63
18547	78
18548	19
18549	6
18550	134
18551	24
18552	85
18553	14
18554	13
18555	154
18556	53
18557	1793
18558	11
18559	9
18560	7
18561	377
18562	35
18563	66
18564	6168
18565	623
18566	635
18567	2146
18568	8
18569	187
18570	236
18571	17
18572	69
18573	650
18574	7
18575	34
18576	107
18577	71
18578	220
18579	5
18580	277
18581	573
18582	4
18583	2652
18584	117
18585	156
18586	21
18587	93
18588	3
18589	39
18590	14
18591	6
18592	7
18593	6
18594	8215
18595	315
18596	93
18597	33
18598	1978
18599	6204
18600	4
18601	172
18602	15
18603	134
18604	69
18605	59
18606	3123
18607	9
18608	37
18609	1842
18610	3941
18611	48
18612	77
18613	36
18614	23
18615	3297
18616	132
18617	6
18618	4004
18619	7
18620	34
18621	12
18622	56
18623	5
18624	65
18625	2062
18626	473
18627	266
18628	83
18629	1117
18630	10
18631	40
18632	359
18633	37
18634	327
18635	102
18636	37
18637	304
18638	372
18639	19
18640	8
18641	1124
18642	10
18643	396
18644	434
18645	28
18646	23
18647	9
18648	283
18649	23
18650	9
18651	33
18652	10
18653	362
18654	11
18655	56
18656	9381
18657	3
18658	163
18659	993
18660	1217
18661	48
18662	5
18663	50
18664	79
18665	31
18666	27
18667	47
18668	6
18669	98
18670	5497
18671	5
18672	99
18673	413
18674	17
18675	23
18676	14
18677	1187
18678	5
18679	83
18680	177
18681	413
18682	156
18683	114
18684	23
18685	38
18686	67
18687	170
18688	89
18689	4224
18690	19
18691	461
18692	5
18693	64
18694	5
18695	485
18696	1704
18697	2
18698	140
18699	401
18700	218
18701	25
18702	183
18703	151
18704	4
18705	3
18706	28
18707	22
18708	932
18709	1048
18710	51
18711	13
18712	4
18713	499
18714	36
18715	40
18716	216
18717	8
18718	362
18719	353
18720	27
18721	4009
18722	241
18723	6
18724	151
18725	1002
18726	19
18727	2772
18728	7
18729	8
18730	21
18731	37
18732	61
18733	64
18734	62
18735	64
18736	26
18737	19
18738	9
18739	160
18740	765
18741	12
18742	91
18743	20
18744	73
18745	71
18746	46
18747	1040
18748	19
18749	114
18750	16
18751	292
18752	78
18753	3
18754	9
18755	20
18756	40
18757	16
18758	28
18759	7
18760	107
18761	2941
18762	214
18763	12
18764	4
18765	1470
18766	70
18767	319
18768	20
18769	43
18770	2074
18771	6
18772	14
18773	50
18774	18
18775	12
18776	15
18777	9
18778	266
18779	247
18780	42
18781	38
18782	147
18783	87
18784	13
18785	10
18786	127
18787	57
18788	4
18789	86
18790	379
18791	5
18792	1274
18793	31
18794	6
18795	7
18796	248
18797	22
18798	282
18799	53
18800	158
18801	261
18802	118
18803	40
18804	211
18805	1095
18806	233
18807	85
18808	23
18809	4
18810	142
18811	11666
18812	67
18813	656
18814	1545
18815	3
18816	137
18817	22
18818	1756
18819	97
18820	41
18821	115
18822	9
18823	25
18824	14
18825	92
18826	158
18827	489
18828	809
18829	993
18830	14
18831	20
18832	20
18833	9
18834	315
18835	11
18836	16
18837	21
18838	2865
18839	415
18840	935
18841	169
18842	284
18843	12
18844	112
18845	21
18846	17
18847	50
18848	126
18849	2741
18850	262
18851	619
18852	95
18853	8
18854	70
18855	212
18856	74
18857	30
18858	4
18859	84
18860	160
18861	14
18862	8
18863	42
18864	16
18865	25
18866	62
18867	331
18868	93
18869	35
18870	5
18871	313
18872	10
18873	525
18874	18
18875	4
18876	112
18877	206
18878	11
18879	272
18880	7336
18881	1509
18882	78
18883	4101
18884	75
18885	14
18886	61
18887	82
18888	49
18889	1089
18890	25
18891	3394
18892	8
18893	289
18894	322
18895	264
18896	4
18897	1060
18898	29
18899	138
18900	147
18901	204
18902	269
18903	214
18904	12
18905	33
18906	114
18907	39
18908	2840
18909	11
18910	7
18911	31
18912	13
18913	32
18914	26
18915	151
18916	3
18917	351
18918	11925
18919	135
18920	7
18921	8
18922	21
18923	1028
18924	5
18925	7
18926	9813
18927	53
18928	26
18929	9
18930	30
18931	39
18932	28
18933	18
18934	16
18935	73
18936	12
18937	10
18938	14
18939	11
18940	76
18941	107
18942	94
18943	51
18944	44
18945	33
18946	7
18947	53
18948	25
18949	384
18950	82
18951	14
18952	50
18953	209
18954	84
18955	12
18956	384
18957	212
18958	84
18959	17
18960	668
18961	130
18962	7
18963	9710
18964	43
18965	25
18966	102
18967	43
18968	39
18969	38
18970	9
18971	412
18972	14
18973	91
18974	86
18975	201
18976	16
18977	140
18978	276
18979	79
18980	485
18981	40
18982	49
18983	24
18984	9
18985	421
18986	390
18987	6742
18988	1782
18989	10
18990	109
18991	26
18992	113
18993	891
18994	538
18995	7
18996	23
18997	5
18998	1058
18999	266
19000	25
19001	5
19002	401
19003	6722
19004	16
19005	2047
19006	8080
19007	410
19008	602
19009	6
19010	26
19011	58
19012	67
19013	26
19014	42
19015	20
19016	48
19017	187
19018	32
19019	13571
19020	198
19021	11
19022	516
19023	13
19024	105
19025	896
19026	20
19027	9
19028	155
19029	120
19030	161
19031	108
19032	41
19033	153
19034	172
19035	35
19036	123
19037	519
19038	15
19039	198
19040	10
19041	330
19042	13
19043	24
19044	75
19045	20
19046	2901
19047	59
19048	19847
19049	6259
19050	144
19051	3892
19052	15
19053	500
19054	263
19055	96
19056	20
19057	75165
19058	11
19059	108
19060	6
19061	350
19062	123
19063	70
19064	23
19065	275
19066	23
19067	54
19068	5735
19069	207
19070	140
19071	27
19072	117
19073	169
19074	147
19075	15
19076	2081
19077	5
19078	489
19079	8
19080	723
19081	54
19082	23
19083	4
19084	690
19085	22
19086	961
19087	1089
19088	75
19089	83
19090	12
19091	11
19092	20
19093	90
19094	145
19095	222
19096	18
19097	1414
19098	10
19099	8
19100	18
19101	517
19102	329
19103	7
19104	176
19105	79
19106	566
19107	6
19108	49
19109	18
19110	110
19111	179
19112	104
19113	9
19114	14
19115	1359
19116	230
19117	7
19118	50
19119	6
19120	7
19121	11
19122	42
19123	34
19124	34
19125	5381
19126	46
19127	45
19128	450
19129	70
19130	131
19131	8
19132	190
19133	3
19134	683
19135	253
19136	104
19137	68
19138	312
19139	6
19140	66
19141	18
19142	7
19143	42
19144	14
19145	1786
19146	391
19147	19
19148	20
19149	238
19150	8
19151	1080
19152	4
19153	4
19154	2862
19155	1488
19156	7170
19157	55
19158	80
19159	6
19160	174
19161	478
19162	465
19163	20
19164	104
19165	371
19166	13
19167	344
19168	250
19169	149
19170	17
19171	1774
19172	29
19173	10390
19174	1899
19175	19
19176	336
19177	33
19178	956
19179	18
19180	2197
19181	36
19182	1106
19183	158
19184	38
19185	138
19186	117
19187	9
19188	14
19189	330
19190	536
19191	217
19192	43
19193	181
19194	10
19195	16
19196	16
19197	4
19198	22
19199	137
19200	202
19201	47
19202	1083
19203	20
19204	2069
19205	14
19206	70
19207	107
19208	2258
19209	579
19210	5
19211	13
19212	53
19213	1490
19214	8
19215	6
19216	3
19217	27
19218	225
19219	177
19220	855
19221	17
19222	25
19223	9
19224	48
19225	6
19226	36
19227	15
19228	329
19229	25
19230	27
19231	380
19232	7
19233	39
19234	5
19235	27
19236	24
19237	18
19238	20
19239	404
19240	3817
19241	34
19242	13
19243	9
19244	639
19245	29
19246	209
19247	4
19248	1295
19249	42
19250	966
19251	362
19252	108
19253	25
19254	216
19255	9
19256	282
19257	87
19258	191
19259	1
19260	267
19261	3309
19262	10
19263	92
19264	32
19265	216
19266	45
19267	6
19268	502
19269	9
19270	8
19271	14
19272	2498
19273	5
19274	94
19275	88
19276	49
19277	41
19278	7
19279	16
19280	228
19281	4
19282	277
19283	367
19284	28
19285	23
19286	134
19287	25
19288	11
19289	83
19290	224
19291	167
19292	66
19293	10
19294	277
19295	63
19296	452
19297	25
19298	143
19299	6
19300	11
19301	36
19302	28
19303	77
19304	155
19305	477
19306	49
19307	92
19308	23
19309	678
19310	189
19311	2463
19312	39
19313	248
19314	45
19315	33
19316	47
19317	27
19318	175
19319	11
19320	55
19321	30
19322	1413
19323	111
19324	45
19325	111
19326	57
19327	81
19328	21
19329	24
19330	27
19331	7
19332	4
19333	625
19334	45
19335	33
19336	68
19337	117
19338	156
19339	68
19340	774
19341	125
19342	31
19343	295
19344	6
19345	125
19346	22
19347	35
19348	29345
19349	5
19350	251
19351	251
19352	40
19353	74
19354	3352
19355	9
19356	158
19357	18
19358	140
19359	152
19360	838
19361	18
19362	36
19363	125
19364	67
19365	35
19366	3568
19367	71
19368	603
19369	5
19370	4669
19371	9
19372	33
19373	14
19374	119
19375	11
19376	3373
19377	10
19378	15
19379	13
19380	52
19381	8
19382	1442
19383	5
19384	512
19385	905
19386	75
19387	6
19388	7
19389	3384
19390	59
19391	3
19392	10
19393	372
19394	86
19395	159
19396	38
19397	15
19398	1025
19399	2
19400	2
19401	14
19402	219
19403	4
19404	94
19405	15
19406	43
19407	30
19408	110
19409	42
19410	6
19411	43
19412	131
19413	8
19414	6
19415	557
19416	51
19417	53
19418	57
19419	12
19420	12
19421	852
19422	12
19423	96
19424	151
19425	54
19426	38
19427	40
19428	14
19429	329
19430	10
19431	55
19432	4
19433	20
19434	7
19435	69
19436	1315
19437	325
19438	4
19439	67
19440	26
19441	16
19442	19
19443	953
19444	15
19445	593
19446	3688
19447	144
19448	2299
19449	1007
19450	714
19451	1107
19452	12
19453	211
19454	241
19455	153
19456	17
19457	441
19458	5
19459	603
19460	26
19461	470
19462	49
19463	72
19464	52
19465	10
19466	20
19467	617
19468	5158
19469	28
19470	74
19471	6
19472	71
19473	42
19474	25
19475	100
19476	28
19477	242
19478	6436
19479	55
19480	422
19481	27
19482	150
19483	10
19484	276
19485	63
19486	60
19487	8
19488	6592
19489	63
19490	7
19491	28
19492	93
19493	50
19494	83
19495	1025
19496	116
19497	11
19498	8
19499	20
19500	26
19501	28
19502	10
19503	1017
19504	23
19505	2530
19506	30
19507	17
19508	14905
19509	30
19510	138
19511	5130
19512	27
19513	908
19514	555
19515	138
19516	562
19517	149
19518	23
19519	2091
19520	80
19521	8
19522	25
19523	17
19524	5
19525	10
19526	44
19527	34
19528	32
19529	137
19530	60
19531	59
19532	148
19533	12
19534	12
19535	1242
19536	229
19537	145
19538	406
19539	316
19540	29
19541	23
19542	71
19543	205
19544	21
19545	26
19546	403
19547	42
19548	1049
19549	82
19550	57
19551	12
19552	10
19553	39
19554	31
19555	14
19556	56
19557	16
19558	248
19559	476
19560	37
19561	24
19562	377
19563	8
19564	17
19565	485
19566	5
19567	12
19568	14
19569	5
19570	444
19571	573
19572	19
19573	18
19574	78
19575	845
19576	7
19577	34
19578	897
19579	85
19580	5
19581	78
19582	3
19583	71
19584	1069
19585	468
19586	52
19587	76
19588	9
19589	54
19590	10
19591	209
19592	44
19593	14
19594	22
19595	53
19596	52
19597	36
19598	65
19599	97
19600	459
19601	31
19602	75
19603	12
19604	5037
19605	323
19606	7
19607	215
19608	8
19609	31
19610	134
19611	1735
19612	1265
19613	2943
19614	194
19615	352
19616	156
19617	23
19618	8
19619	649
19620	387
19621	27
19622	10
19623	184
19624	467
19625	2113
19626	130
19627	1573
19628	116
19629	17
19630	47
19631	23
19632	55
19633	91
19634	737
19635	619
19636	42
19637	11
19638	463
19639	211
19640	9
19641	14
19642	3
19643	489
19644	16
19645	151
19646	51
19647	188
19648	106
19649	145
19650	613
19651	6
19652	13
19653	1542
19654	61
19655	9
19656	17
19657	23
19658	491
19659	482
19660	56087
19661	16
19662	10
19663	47
19664	210
19665	353
19666	72
19667	90
19668	6
19669	49
19670	119
19671	277
19672	113
19673	10
19674	586
19675	39
19676	20
19677	14712
19678	32534
19679	211
19680	8
19681	32
19682	29
19683	48
19684	15
19685	10
19686	26
19687	6
19688	60
19689	25
19690	74
19691	12437
19692	46
19693	75
19694	7
19695	17
19696	10
19697	115
19698	25
19699	3
19700	8
19701	307
19702	423
19703	10
19704	13
19705	350
19706	13101
19707	32
19708	5
19709	268
19710	31
19711	2927
19712	29
19713	70
19714	68
19715	7
19716	5
19717	9
19718	28
19719	13
19720	10
19721	13
19722	7
19723	171
19724	138
19725	4
19726	69
19727	119
19728	80
19729	27
19730	445
19731	3136
19732	139
19733	13
19734	5099
19735	16
19736	848
19737	3
19738	8
19739	24
19740	4
19741	311
19742	259
19743	4
19744	57
19745	37
19746	5
19747	21
19748	304
19749	533
19750	73
19751	15
19752	39
19753	23
19754	67
19755	5
19756	12
19757	11
19758	21
19759	479
19760	662
19761	202
19762	35
19763	492
19764	126
19765	195
19766	1925
19767	1966
19768	58
19769	155
19770	22
19771	7
19772	27
19773	216
19774	46
19775	545
19776	99
19777	214
19778	46
19779	207
19780	8
19781	219
19782	417
19783	34
19784	270
19785	8
19786	41
19787	144
19788	14
19789	18
19790	10
19791	5
19792	11
19793	5
19794	418
19795	8
19796	4
19797	12
19798	25
19799	52
19800	172
19801	439
19802	87
19803	313
19804	70
19805	732
19806	42
19807	11
19808	16
19809	472
19810	18
19811	658
19812	71
19813	79
19814	48
19815	23
19816	7869
19817	6
19818	51
19819	532
19820	5049
19821	3647
19822	34
19823	59
19824	18
19825	86
19826	13
19827	41
19828	2133
19829	23
19830	8
19831	210
19832	13
19833	5
19834	7
19835	335
19836	1405
19837	46
19838	6
19839	131
19840	256
19841	8
19842	90
19843	104
19844	87
19845	341
19846	808
19847	100
19848	6
19849	569
19850	200
19851	58
19852	30
19853	59
19854	23
19855	26
19856	7
19857	164
19858	47
19859	68
19860	56
19861	8
19862	1397
19863	4988
19864	20
19865	23
19866	23
19867	227
19868	7
19869	3
19870	28
19871	1035
19872	94
19873	415
19874	7
19875	1530
19876	21
19877	16
19878	334
19879	7
19880	32
19881	61
19882	182
19883	99
19884	137
19885	349
19886	2268
19887	3374
19888	151
19889	29
19890	17
19891	6
19892	23
19893	2160
19894	7007
19895	5051
19896	57
19897	17
19898	211
19899	5
19900	42
19901	25
19902	270
19903	12
19904	2257
19905	13
19906	2585
19907	39
19908	103
19909	12
19910	874
19911	58
19912	14
19913	4
19914	30
19915	528
19916	7
19917	67
19918	19
19919	40
19920	33
19921	10
19922	104
19923	13
19924	18
19925	2
19926	41
19927	62
19928	60
19929	161
19930	133
19931	21
19932	294
19933	446
19934	987
19935	369
19936	6
19937	139
19938	2870
19939	25
19940	81
19941	7
19942	43
19943	170
19944	136
19945	114
19946	138
19947	51
19948	983
19949	189
19950	37
19951	249
19952	2
19953	1476
19954	20
19955	99
19956	15
19957	418
19958	177
19959	10
19960	61
19961	32
19962	12
19963	307
19964	413
19965	17
19966	1063
19967	35
19968	158
19969	26
19970	319
19971	54
19972	1317
19973	18
19974	55
19975	117
19976	56
19977	887
19978	14
19979	28
19980	39
19981	230
19982	1403
19983	4
19984	49
19985	46
19986	112
19987	355
19988	6
19989	16
19990	89
19991	183
19992	121
19993	93
19994	2
19995	5
19996	34
19997	71
19998	37
19999	10
20000	121
20001	9
20002	2
20003	11
20004	99
20005	19
20006	5
20007	216
20008	19
20009	436
20010	48
20011	609
20012	23
20013	27
20014	946
20015	3952
20016	165
20017	716
20018	4
20019	448
20020	16
20021	1231
20022	1904
20023	193
20024	110
20025	39
20026	25
20027	22
20028	16
20029	57
20030	18
20031	161
20032	111
20033	50
20034	2034
20035	5
20036	4
20037	46
20038	4
20039	1622
20040	165
20041	20
20042	1300
20043	6
20044	56
20045	97
20046	11
20047	30
20048	5
20049	104
20050	18
20051	17
20052	1020
20053	120
20054	98
20055	9
20056	12
20057	314
20058	7
20059	50
20060	15
20061	770
20062	11
20063	1195
20064	11
20065	16
20066	132
20067	208
20068	42
20069	8
20070	202
20071	6
20072	215
20073	1433
20074	12
20075	12
20076	411
20077	189
20078	316
20079	14
20080	14
20081	1080
20082	13528
20083	7
20084	2493
20085	5
20086	211
20087	15
20088	14
20089	16
20090	265
20091	6
20092	44
20093	5
20094	25
20095	16
20096	98
20097	77
20098	69
20099	55
20100	12
20101	64
20102	4
20103	85
20104	223
20105	77
20106	93
20107	72
20108	6
20109	40
20110	17
20111	44
20112	598
20113	4606
20114	42561
20115	372
20116	148
20117	24
20118	3119
20119	17411
20120	1110
20121	93
20122	101
20123	248
20124	12
20125	212
20126	1024
20127	3287
20128	19
20129	45
20130	22
20131	5
20132	133
20133	7
20134	151
20135	9
20136	14
20137	321
20138	10
20139	32
20140	116
20141	99
20142	359
20143	14
20144	2110
20145	29
20146	9
20147	258
20148	307
20149	124
20150	121
20151	26
20152	748
20153	381
20154	14
20155	69
20156	1416
20157	28
20158	511
20159	8
20160	7
20161	1502
20162	19
20163	281
20164	16
20165	27
20166	291
20167	59
20168	1894
20169	3054
20170	34
20171	855
20172	8
20173	25
20174	43
20175	824
20176	51
20177	9
20178	2849
20179	15
20180	23
20181	49
20182	28
20183	125
20184	12
20185	10
20186	1740
20187	7
20188	11
20189	5
20190	47
20191	707
20192	168
20193	9
20194	45
20195	192
20196	4
20197	612
20198	184
20199	163
20200	182
20201	6
20202	83
20203	8
20204	49
20205	10
20206	14
20207	44
20208	28
20209	7
20210	8
20211	416
20212	33
20213	272
20214	33
20215	159
20216	30
20217	644
20218	49
20219	4
20220	131
20221	44
20222	6
20223	1
20224	7
20225	47
20226	295
20227	16
20228	24
20229	85
20230	209
20231	68
20232	173
20233	121
20234	3
20235	5
20236	20
20237	6
20238	16
20239	230
20240	183
20241	184
20242	23
20243	526
20244	765
20245	14
20246	436
20247	777
20248	137
20249	16
20250	829
20251	45
20252	9
20253	129
20254	20
20255	1348
20256	4
20257	48
20258	4
20259	786
20260	20
20261	59
20262	9
20263	13
20264	1
20265	11
20266	37
20267	15
20268	120
20269	646
20270	21
20271	56
20272	44
20273	54
20274	342
20275	18
20276	53
20277	177
20278	8
20279	49
20280	1549
20281	535
20282	1832
20283	91
20284	29
20285	761
20286	247
20287	162
20288	80
20289	65
20290	16
20291	86
20292	53
20293	27
20294	46
20295	18
20296	11
20297	276
20298	709
20299	57
20300	5
20301	19
20302	142
20303	1074
20304	101
20305	299
20306	26
20307	152
20308	20
20309	599
20310	112
20311	2
20312	154
20313	110
20314	821
20315	25
20316	465
20317	40
20318	8
20319	774
20320	162
20321	26
20322	18
20323	2410
20324	369
20325	2
20326	12
20327	4682
20328	83
20329	5
20330	245
20331	7
20332	123
20333	22
20334	116
20335	104
20336	20
20337	26
20338	15
20339	2226
20340	42
20341	53
20342	5
20343	69
20344	565
20345	10386
20346	4
20347	15
20348	18
20349	23
20350	47
20351	32
20352	69
20353	93
20354	5
20355	239
20356	27
20357	30
20358	177
20359	32
20360	78
20361	403
20362	109
20363	6
20364	296
20365	13
20366	9
20367	628
20368	56
20369	8
20370	231
20371	3
20372	22
20373	12
20374	52
20375	86
20376	22
20377	188
20378	5468
20379	973
20380	1852
20381	120
20382	1762
20383	1897
20384	905
20385	386
20386	26
20387	38
20388	24
20389	20
20390	10
20391	63
20392	2546
20393	209
20394	2
20395	279
20396	287
20397	173
20398	21
20399	127
20400	267
20401	23
20402	20
20403	5
20404	326
20405	9
20406	564
20407	100
20408	78
20409	18
20410	711
20411	22
20412	4
20413	318
20414	69
20415	4
20416	16
20417	52
20418	59
20419	281
20420	18
20421	27
20422	10
20423	140
20424	272
20425	40
20426	55
20427	189
20428	234
20429	21
20430	99
20431	2392
20432	27
20433	285
20434	202
20435	101
20436	29
20437	265
20438	4
20439	59
20440	124
20441	41
20442	49
20443	79
20444	5
20445	4
20446	19
20447	15
20448	1376
20449	15
20450	7
20451	4
20452	41
20453	16
20454	21
20455	7
20456	17
20457	103
20458	13
20459	32
20460	1469
20461	42
20462	15
20463	4795
20464	5
20465	59
20466	11
20467	45
20468	1938
20469	377
20470	69
20471	51
20472	4
20473	27
20474	125
20475	68
20476	23
20477	13
20478	657
20479	845
20480	45
20481	63
20482	174
20483	100
20484	11
20485	9
20486	9
20487	22
20488	146
20489	376
20490	170
20491	34
20492	62
20493	124
20494	18
20495	60
20496	207
20497	63
20498	77
20499	10
20500	81
20501	3
20502	877
20503	12
20504	87
20505	10
20506	13
20507	19
20508	25
20509	16
20510	94
20511	65
20512	4769
20513	30
20514	255
20515	5
20516	9
20517	9
20518	1971
20519	13
20520	6183
20521	12
20522	14
20523	85
20524	662
20525	27
20526	246
20527	15
20528	280
20529	5
20530	136
20531	18
20532	33
20533	5
20534	160
20535	60
20536	869
20537	10
20538	24
20539	29
20540	227
20541	133
20542	1879
20543	2
20544	10
20545	46
20546	60
20547	167
20548	78
20549	5199
20550	13
20551	22
20552	50
20553	209
20554	34
20555	288
20556	13
20557	93
20558	18
20559	39
20560	16
20561	4482
20562	12
20563	5
20564	1102
20565	7
20566	31
20567	447
20568	6
20569	236
20570	21
20571	107
20572	18
20573	21
20574	10195
20575	27
20576	6
20577	971
20578	120
20579	19
20580	7746
20581	38
20582	7
20583	6019
20584	30
20585	27
20586	77
20587	30
20588	2848
20589	488
20590	2288
20591	804
20592	7
20593	51
20594	3
20595	229
20596	79
20597	283
20598	112
20599	52
20600	2179
20601	276
20602	97
20603	14
20604	164
20605	8
20606	24
20607	1360
20608	3172
20609	201
20610	59
20611	14
20612	16
20613	14
20614	81
20615	17
20616	3
20617	96
20618	4
20619	201
20620	80
20621	86
20622	496
20623	3
20624	31
20625	7
20626	13
20627	4
20628	303
20629	25
20630	25
20631	599
20632	6720
20633	22
20634	329
20635	14
20636	323
20637	54
20638	1164
20639	69
20640	467
20641	630
20642	8
20643	72
20644	17
20645	12
20646	17
20647	94
20648	44
20649	371
20650	30
20651	18
20652	33
20653	106
20654	225
20655	242
20656	85
20657	3
20658	548
20659	240
20660	560
20661	8
20662	21
20663	5
20664	23
20665	109
20666	31
20667	99
20668	201
20669	9
20670	3821
20671	13
20672	101
20673	13
20674	868
20675	12
20676	344
20677	16
20678	136
20679	57
20680	34
20681	7
20682	3715
20683	24
20684	52
20685	189
20686	213
20687	30
20688	3
20689	50
20690	16
20691	1136
20692	2
20693	1690
20694	64
20695	101
20696	60
20697	1937
20698	246
20699	461
20700	30
20701	28
20702	3
20703	410
20704	714
20705	350
20706	214
20707	7
20708	480
20709	195
20710	977
20711	1355
20712	18
20713	30
20714	7
20715	78
20716	14
20717	66
20718	8
20719	16
20720	1097
20721	351
20722	3
20723	1023
20724	4
20725	18
20726	5
20727	24
20728	51
20729	44
20730	65
20731	5
20732	11
20733	118
20734	10360
20735	35
20736	507
20737	19
20738	10274
20739	62
20740	327
20741	82
20742	24
20743	226
20744	15
20745	9
20746	23
20747	230
20748	133
20749	47
20750	10
20751	105
20752	142
20753	18
20754	7319
20755	6
20756	122
20757	490
20758	69
20759	1
20760	2147
20761	186
20762	195
20763	21
20764	302
20765	126
20766	6
20767	1795
20768	148
20769	288
20770	89
20771	85
20772	462
20773	38
20774	142
20775	66
20776	1597
20777	20
20778	36
20779	368
20780	4
20781	106
20782	33
20783	78
20784	195
20785	1982
20786	53
20787	8
20788	1477
20789	88
20790	154
20791	1381
20792	5
20793	130
20794	4490
20795	114
20796	296
20797	25
20798	6
20799	14
20800	53
20801	33
20802	780
20803	31
20804	203
20805	14
20806	5
20807	84
20808	38
20809	307
20810	332
20811	61
20812	67
20813	4
20814	202
20815	163
20816	21
20817	212
20818	713
20819	18
20820	25
20821	42
20822	142
20823	231
20824	565
20825	8
20826	151
20827	285
20828	890
20829	11
20830	13
20831	70
20832	115
20833	179
20834	180
20835	33
20836	57
20837	447
20838	353
20839	11
20840	1117
20841	4
20842	26154
20843	215
20844	270
20845	208
20846	8
20847	155
20848	36
20849	12
20850	198
20851	447
20852	244
20853	47
20854	54
20855	58
20856	39
20857	171
20858	13
20859	27
20860	250
20861	86
20862	80
20863	47
20864	157
20865	271
20866	57
20867	43
20868	299
20869	1720
20870	71
20871	109
20872	9
20873	43
20874	56
20875	8
20876	4451
20877	644
20878	438
20879	70
20880	45
20881	2
20882	7
20883	359
20884	50
20885	11
20886	15
20887	1094
20888	380
20889	192
20890	280
20891	186
20892	41
20893	7
20894	76
20895	18
20896	554
20897	20
20898	345
20899	6187
20900	258
20901	10
20902	149
20903	19
20904	1409
20905	46
20906	1765
20907	16
20908	98
20909	312
20910	36
20911	17
20912	15
20913	71
20914	564
20915	743
20916	641
20917	98
20918	15
20919	5571
20920	891
20921	21
20922	19
20923	72
20924	46
20925	137
20926	36
20927	16
20928	35
20929	457
20930	501
20931	73
20932	42
20933	25
20934	14
20935	299
20936	27
20937	39
20938	475
20939	176
20940	8438
20941	3
20942	12
20943	1075
20944	493
20945	114
20946	24
20947	2592
20948	50
20949	24
20950	22
20951	103
20952	15
20953	167
20954	20
20955	12184
20956	34
20957	1605
20958	54
20959	122
20960	266
20961	58
20962	14
20963	8
20964	380
20965	23
20966	25
20967	28
20968	14
20969	14
20970	12
20971	11
20972	154
20973	490
20974	110
20975	92
20976	459
20977	879
20978	17
20979	115
20980	373
20981	6
20982	7
20983	15
20984	27
20985	1334
20986	170
20987	32
20988	11
20989	232
20990	27
20991	48
20992	7
20993	29
20994	49
20995	32887
20996	25
20997	30
20998	177
20999	74
21000	209
21001	57
21002	137
21003	35
21004	6
21005	36
21006	242
21007	7
21008	32
21009	7494
21010	2621
21011	1824
21012	157
21013	202
21014	170
21015	317
21016	19
21017	8
21018	13
21019	17038
21020	54
21021	13
21022	678
21023	94
21024	438
21025	200
21026	818
21027	347
21028	7
21029	82
21030	6
21031	24
21032	12
21033	20
21034	83
21035	20
21036	4
21037	929
21038	2821
21039	23
21040	142
21041	11
21042	9
21043	423
21044	6
21045	16
21046	4
21047	246
21048	3
21049	70
21050	2313
21051	1155
21052	8
21053	2238
21054	9
21055	212
21056	16
21057	1688
21058	6
21059	81
21060	6
21061	13
21062	29
21063	18
21064	78
21065	13
21066	330
21067	720
21068	102
21069	6
21070	2978
21071	15
21072	623
21073	74
21074	16
21075	53
21076	146
21077	4377
21078	17
21079	33
21080	26
21081	20
21082	66
21083	3138
21084	8
21085	229
21086	115
21087	17
21088	152
21089	243
21090	240
21091	311
21092	591
21093	127
21094	11
21095	328
21096	1421
21097	9
21098	8
21099	53
21100	1655
21101	23
21102	46
21103	97
21104	14
21105	93
21106	199
21107	22
21108	866
21109	180
21110	22
21111	9
21112	25
21113	5
21114	21
21115	1436
21116	430
21117	141
21118	16
21119	11
21120	21
21121	147
21122	80
21123	14
21124	101
21125	1810
21126	28
21127	31
21128	325
21129	73
21130	5
21131	2784
21132	37
21133	383
21134	657
21135	141
21136	31
21137	264683
21138	19
21139	210
21140	21
21141	52
21142	265
21143	182
21144	647
21145	26
21146	62
21147	74
21148	46
21149	61
21150	3056
21151	2
21152	17
21153	692
21154	4
21155	51
21156	74
21157	468
21158	1391
21159	29
21160	106
21161	2
21162	5563
21163	98
21164	31
21165	94
21166	45
21167	73
21168	28
21169	560
21170	822
21171	5
21172	5
21173	6
21174	12361
21175	93
21176	328
21177	106
21178	4
21179	50
21180	17
21181	16
21182	114
21183	1574
21184	315
21185	8
21186	206
21187	305
21188	66
21189	58
21190	97
21191	4
21192	97
21193	15
21194	775
21195	13216
21196	106
21197	43
21198	1221
21199	17
21200	16
21201	132
21202	44
21203	302
21204	47
21205	153
21206	388
21207	251
21208	86
21209	28
21210	61
21211	10
21212	69
21213	59
21214	23
21215	8
21216	68
21217	8
21218	44
21219	61
21220	87
21221	7
21222	16
21223	23
21224	28
21225	986
21226	5
21227	1925
21228	16
21229	36
21230	1819
21231	5
21232	21
21233	21
21234	23
21235	77
21236	5
21237	13
21238	82
21239	6
21240	1531
21241	328
21242	217
21243	1204
21244	27
21245	59
21246	753
21247	20
21248	167
21249	943
21250	38
21251	4
21252	386
21253	151
21254	6
21255	80
21256	16
21257	24
21258	24
21259	7
21260	219
21261	353
21262	13
21263	97
21264	4
21265	442
21266	17
21267	16318
21268	56
21269	919
21270	8
21271	2
21272	564
21273	166
21274	18
21275	23
21276	23
21277	42
21278	2223
21279	7
21280	764
21281	87
21282	171
21283	48
21284	40
21285	31
21286	296
21287	4
21288	22864
21289	161
21290	183
21291	398
21292	11451
21293	2222
21294	629
21295	13637
21296	185
21297	48
21298	275
21299	121
21300	257
21301	395
21302	87
21303	1075
21304	303
21305	20
21306	5
21307	199
21308	17
21309	72
21310	28
21311	58
21312	102
21313	336
21314	350
21315	74
21316	515
21317	150
21318	8
21319	5
21320	20
21321	18
21322	38
21323	385
21324	149
21325	97
21326	558
21327	40
21328	33
21329	692
21330	979
21331	488
21332	359
21333	11179
21334	2958
21335	28
21336	17
21337	7
21338	618
21339	5
21340	9
21341	23
21342	29
21343	148
21344	2152
21345	28
21346	12
21347	263
21348	30
21349	720
21350	54
21351	2353
21352	30
21353	8
21354	11
21355	54
21356	33
21357	148
21358	17
21359	41
21360	186
21361	362
21362	156
21363	38
21364	10
21365	6
21366	17
21367	1278
21368	182
21369	11
21370	74
21371	87
21372	1487
21373	43
21374	23
21375	276
21376	15831
21377	251
21378	62
21379	73
21380	910
21381	12
21382	4
21383	5
21384	639
21385	2241
21386	11504
21387	1129
21388	55
21389	24
21390	320
21391	10
21392	1109
21393	901
21394	178
21395	37
21396	2
21397	204
21398	3
21399	45
21400	47
21401	70
21402	44
21403	3027
21404	19
21405	27226
21406	50
21407	12
21408	436
21409	9
21410	2252
21411	24
21412	86
21413	2478
21414	62
21415	14
21416	48
21417	7212
21418	5
21419	94
21420	190
21421	183
21422	42
21423	48
21424	60
21425	190
21426	46
21427	22
21428	1
21429	75
21430	5
21431	5
21432	164
21433	20
21434	7
21435	300
21436	1021
21437	25
21438	10
21439	16
21440	1
21441	2
21442	51
21443	22
21444	6
21445	375
21446	23
21447	1138
21448	68
21449	643
21450	197
21451	57
21452	121
21453	42
21454	261
21455	45
21456	10
21457	3
21458	3
21459	242
21460	102
21461	3032
21462	2414
21463	4813
21464	206
21465	281
21466	23
21467	56
21468	444
21469	998
21470	27
21471	505
21472	1419
21473	140
21474	5
21475	51
21476	8
21477	372
21478	6
21479	1677
21480	34
21481	20
21482	31
21483	1
21484	595
21485	137
21486	32
21487	44
21488	20
21489	52
21490	38
21491	131
21492	25
21493	57
21494	6
21495	15
21496	85
21497	6511
21498	57
21499	90
21500	496
21501	770
21502	25
21503	37
21504	140
21505	29
21506	3083
21507	12
21508	847
21509	14
21510	29
21511	2013
21512	1062
21513	4743
21514	34
21515	62
21516	149
21517	140
21518	53
21519	93
21520	91
21521	16
21522	17
21523	49
21524	261
21525	346
21526	3819
21527	1621
21528	10
21529	33
21530	128
21531	8
21532	111
21533	144
21534	23
21535	22
21536	38
21537	14
21538	50
21539	10
21540	26
21541	60
21542	227
21543	9893
21544	571
21545	8
21546	72
21547	51
21548	18
21549	39
21550	10
21551	35
21552	42
21553	4429
21554	203
21555	105
21556	8
21557	307
21558	10
21559	9
21560	3669
21561	6
21562	149
21563	61
21564	18
21565	95
21566	48
21567	1051
21568	171
21569	8
21570	43
21571	131
21572	4285
21573	11381
21574	953
21575	382
21576	187
21577	196
21578	13
21579	28
21580	187
21581	2
21582	784
21583	80
21584	118
21585	36
21586	282
21587	6
21588	10
21589	145
21590	27
21591	615
21592	14
21593	19
21594	6
21595	109
21596	90
21597	3
21598	59
21599	19
21600	68
21601	487
21602	230
21603	2218
21604	127
21605	14
21606	4
21607	2266
21608	192
21609	42
21610	114
21611	10
21612	209
21613	18
21614	6994
21615	81
21616	72829
21617	17
21618	161
21619	90
21620	21
21621	818
21622	429
21623	66
21624	56
21625	86
21626	1078
21627	64
21628	105
21629	58
21630	185
21631	3
21632	69
21633	81
21634	357
21635	325
21636	6
21637	45
21638	5
21639	10
21640	80
21641	693
21642	97
21643	27
21644	59
21645	188
21646	396
21647	84
21648	40
21649	27
21650	427
21651	36
21652	63
21653	1543
21654	7
21655	300
21656	73
21657	5
21658	158
21659	44
21660	53
21661	383
21662	275
21663	187
21664	123
21665	34
21666	17
21667	281
21668	18
21669	36
21670	185
21671	28
21672	18
21673	76
21674	19
21675	114
21676	25
21677	33
21678	563
21679	152
21680	46
21681	1599
21682	7
21683	1177
21684	5
21685	9
21686	80
21687	131
21688	23
21689	344
21690	14
21691	44
21692	121
21693	16
21694	569
21695	56
21696	32
21697	4
21698	294
21699	110
21700	34
21701	409
21702	38
21703	12
21704	1850
21705	53
21706	95
21707	338
21708	44
21709	32788
21710	130
21711	524
21712	4
21713	201
21714	47
21715	280
21716	42
21717	24
21718	19
21719	12
21720	28
21721	9
21722	15
21723	45
21724	2826
21725	20
21726	17
21727	207
21728	8
21729	88
21730	124
21731	7
21732	14
21733	19
21734	28
21735	34
21736	28
21737	1160
21738	4
21739	218
21740	8
21741	24
21742	18
21743	164
21744	23
21745	10
21746	18
21747	138
21748	21
21749	113
21750	29
21751	69
21752	89
21753	14
21754	374
21755	7
21756	361
21757	198
21758	49
21759	128
21760	155
21761	85
21762	4
21763	56
21764	36
21765	18
21766	630
21767	198
21768	14
21769	2609
21770	21
21771	114
21772	7
21773	241
21774	79
21775	2194
21776	32
21777	3199
21778	68
21779	6
21780	202
21781	881
21782	348
21783	2571
21784	301
21785	46
21786	148
21787	30
21788	14
21789	27
21790	7
21791	1626
21792	71
21793	2399
21794	97
21795	1356
21796	13
21797	51
21798	89
21799	223
21800	454
21801	29
21802	520
21803	13
21804	168
21805	4
21806	343
21807	41
21808	50
21809	172
21810	1018
21811	19
21812	9
21813	383
21814	50
21815	160
21816	65
21817	67
21818	26
21819	22
21820	4
21821	11
21822	486
21823	224
21824	100
21825	17
21826	13
21827	54
21828	138
21829	188
21830	194
21831	21
21832	66
21833	406
21834	76
21835	11
21836	14
21837	33
21838	16
21839	119
21840	11
21841	4451
21842	17
21843	5
21844	20
21845	56
21846	1029
21847	4038
21848	70
21849	908
21850	2186
21851	55
21852	268
21853	23
21854	3
21855	12
21856	29
21857	7
21858	49
21859	15
21860	49
21861	7
21862	25
21863	669
21864	5
21865	199
21866	16
21867	9
21868	1332
21869	123
21870	14
21871	213
21872	10388
21873	1492
21874	23
21875	139
21876	76
21877	19
21878	57
21879	111
21880	13
21881	36
21882	100
21883	881
21884	219
21885	41
21886	72
21887	8
21888	149
21889	202
21890	609
21891	23
21892	12
21893	7
21894	319
21895	39
21896	79
21897	12
21898	11
21899	4
21900	58
21901	31
21902	30
21903	241921
21904	25
21905	18
21906	225
21907	57
21908	273
21909	475
21910	2387
21911	12
21912	59
21913	10
21914	2598
21915	30
21916	21
21917	146
21918	15
21919	23
21920	3
21921	42
21922	11
21923	23
21924	19
21925	2665
21926	40
21927	10424
21928	13
21929	457
21930	42
21931	772
21932	22
21933	122
21934	6
21935	171
21936	2798
21937	698
21938	55484
21939	47
21940	84
21941	4
21942	6
21943	71
21944	124
21945	21
21946	256
21947	121
21948	1091
21949	1531
21950	38
21951	187
21952	42
21953	1357
21954	7
21955	4202
21956	3
21957	4
21958	9
21959	10
21960	14
21961	86
21962	386
21963	188
21964	39
21965	21
21966	63
21967	7
21968	18
21969	5
21970	179
21971	18
21972	27
21973	103
21974	108
21975	118
21976	28
21977	47
21978	77
21979	71
21980	100
21981	24
21982	1273
21983	10
21984	48
21985	121
21986	435
21987	19
21988	7
21989	5
21990	2
21991	330
21992	37
21993	25
21994	6
21995	145
21996	1277
21997	391
21998	28
21999	1452
22000	2439
22001	9
22002	26
22003	53
22004	18
22005	65
22006	674
22007	2437
22008	1125
22009	16
22010	8
22011	17
22012	13
22013	26
22014	41
22015	515
22016	7
22017	1429
22018	19
22019	15
22020	17
22021	2088
22022	135
22023	127
22024	1273
22025	7898
22026	145
22027	67
22028	1577
22029	104
22030	59
22031	2120
22032	21
22033	149
22034	2684
22035	59676
22036	24
22037	232
22038	194
22039	19
22040	426
22041	199
22042	23
22043	40
22044	20
22045	16
22046	1936
22047	7
22048	87
22049	81
22050	30
22051	144
22052	6
22053	732
22054	122
22055	4
22056	56
22057	47
22058	324
22059	5
22060	3
22061	53
22062	510
22063	69
22064	287
22065	63
22066	68
22067	118
22068	17
22069	1430
22070	151
22071	391
22072	7
22073	50
22074	39
22075	19
22076	56
22077	29
22078	108
22079	48
22080	208
22081	979
22082	9
22083	32
22084	62
22085	9
22086	63
22087	233
22088	44
22089	5354
22090	367
22091	95
22092	7
22093	1263
22094	8
22095	32
22096	5
22097	27
22098	74
22099	53
22100	2
22101	16
22102	17
22103	6
22104	53
22105	1843
22106	641
22107	18
22108	1298
22109	20
22110	7
22111	81
22112	129
22113	3258
22114	306
22115	4297
22116	10
22117	91
22118	5
22119	18
22120	918
22121	3
22122	726
22123	1193
22124	12153
22125	55
22126	44
22127	15
22128	1295
22129	433
22130	18
22131	28
22132	102
22133	27
22134	29
22135	118
22136	129
22137	89
22138	43
22139	134
22140	171
22141	1433
22142	8478
22143	33
22144	782
22145	138
22146	6
22147	7
22148	22
22149	743
22150	141
22151	5934
22152	8
22153	243
22154	41
22155	33
22156	29
22157	49
22158	5
22159	1295
22160	51
22161	64
22162	17
22163	98
22164	2754
22165	33
22166	885
22167	20
22168	101
22169	1199
22170	2678
22171	12
22172	28
22173	93
22174	98
22175	281
22176	546
22177	7
22178	1382
22179	106
22180	208
22181	73
22182	74
22183	117
22184	34
22185	121
22186	335
22187	210
22188	45
22189	13
22190	29
22191	18
22192	3
22193	19
22194	15
22195	449
22196	92
22197	129
22198	1229
22199	15
22200	5
22201	5
22202	11
22203	79
22204	376
22205	5
22206	1254
22207	76
22208	142
22209	20
22210	2669
22211	388
22212	72
22213	13
22214	41
22215	44
22216	8
22217	168
22218	1779
22219	11
22220	4058
22221	12
22222	71
22223	101
22224	1783
22225	91
22226	3
22227	4685
22228	1981
22229	2
22230	4
22231	14
22232	4
22233	79
22234	1297
22235	129
22236	402
22237	170
22238	1030
22239	23
22240	788
22241	543
22242	580
22243	104
22244	53
22245	184
22246	120
22247	4771
22248	5
22249	328
22250	32
22251	28
22252	94
22253	22
22254	5
22255	2430
22256	562
22257	52
22258	10
22259	19
22260	6380
22261	44
22262	78
22263	78
22264	5
22265	9
22266	14
22267	65
22268	319
22269	25
22270	433
22271	61
22272	69
22273	72
22274	141
22275	3537
22276	1810
22277	188
22278	211
22279	17
22280	98
22281	4196
22282	1113
22283	37
22284	23
22285	276
22286	478
22287	6
22288	93
22289	303
22290	1827
22291	8
22292	266
22293	238
22294	49
22295	209
22296	35
22297	46
22298	4572
22299	140
22300	7
22301	18
22302	45
22303	100
22304	72
22305	12
22306	52
22307	1154
22308	909
22309	1327
22310	85
22311	49
22312	4701
22313	179
22314	45
22315	201
22316	192
22317	463
22318	205
22319	8
22320	17
22321	37
22322	357
22323	19
22324	46
22325	13
22326	715
22327	13
22328	2595
22329	131
22330	166
22331	7
22332	22
22333	62
22334	45
22335	13
22336	50
22337	244
22338	39
22339	53
22340	688
22341	5
22342	44
22343	810
22344	5
22345	30
22346	36
22347	51
22348	153
22349	30
22350	118
22351	4
22352	7
22353	473
22354	19
22355	13
22356	100
22357	9
22358	362
22359	1525
22360	54
22361	46
22362	4179
22363	77
22364	16
22365	668
22366	45
22367	3013
22368	215
22369	645
22370	48
22371	9
22372	1306
22373	53
22374	58
22375	224
22376	39
22377	19
22378	27
22379	6
22380	88
22381	37
22382	46
22383	3
22384	557
22385	41
22386	15
22387	185
22388	5
22389	59
22390	91
22391	3
22392	30
22393	12
22394	55
22395	12906
22396	37
22397	49
22398	16
22399	35
22400	1437
22401	17
22402	34
22403	26
22404	8
22405	53
22406	157
22407	4
22408	26
22409	95
22410	83
22411	9
22412	88
22413	26
22414	530
22415	36
22416	1031
22417	366
22418	175
22419	490
22420	18
22421	88
22422	402
22423	185
22424	28
22425	1567
22426	13
22427	21
22428	463
22429	200
22430	40
22431	267
22432	238
22433	36
22434	50
22435	60
22436	170
22437	79
22438	500
22439	38
22440	11
22441	24
22442	166
22443	160
22444	48
22445	52
22446	122
22447	837
22448	40
22449	54
22450	27
22451	3694
22452	152
22453	157
22454	603
22455	109
22456	34
22457	94
22458	4
22459	17
22460	18
22461	5
22462	10
22463	397
22464	5
22465	133
22466	22
22467	46
22468	113
22469	297
22470	277
22471	32
22472	984
22473	7
22474	10557
22475	2766
22476	1482
22477	62
22478	50
22479	41
22480	14
22481	543
22482	122
22483	14
22484	10
22485	184
22486	14
22487	724
22488	7
22489	361
22490	226
22491	1012
22492	45
22493	6
22494	58
22495	10
22496	44
22497	865
22498	55
22499	22
22500	73
22501	107
22502	11
22503	8
22504	7358
22505	26
22506	21
22507	2182
22508	234
22509	1254
22510	11
22511	189
22512	882
22513	32
22514	48
22515	17
22516	4
22517	98
22518	113
22519	3
22520	796
22521	51
22522	113
22523	48
22524	645
22525	531
22526	377
22527	23
22528	259
22529	29
22530	104
22531	17
22532	3
22533	610
22534	642
22535	197
22536	12
22537	894
22538	17
22539	122
22540	7
22541	82
22542	214
22543	12
22544	23
22545	73
22546	55
22547	20
22548	1255
22549	3
22550	30
22551	111
22552	30
22553	678
22554	11
22555	16
22556	5497
22557	126
22558	12
22559	4446
22560	50
22561	74
22562	27
22563	25
22564	213
22565	1351
22566	26
22567	12
22568	175
22569	379
22570	10
22571	450
22572	43
22573	21
22574	64
22575	5
22576	167
22577	15
22578	44
22579	74
22580	69
22581	393
22582	447
22583	708
22584	14
22585	176
22586	80
22587	607
22588	171
22589	25
22590	14
22591	623
22592	4
22593	173
22594	2586
22595	10
22596	5
22597	565
22598	758
22599	274
22600	377
22601	5
22602	4
22603	25
22604	57
22605	10
22606	10
22607	70
22608	74
22609	179
22610	3050
22611	8
22612	65
22613	314
22614	82
22615	45
22616	13
22617	788
22618	5
22619	844
22620	3514
22621	10
22622	256
22623	42
22624	606
22625	41
22626	14
22627	1172
22628	11
22629	16
22630	50
22631	92
22632	67
22633	36
22634	80
22635	42
22636	13
22637	7
22638	228
22639	125
22640	1023
22641	55
22642	24
22643	37
22644	36
22645	6
22646	309
22647	22
22648	15
22649	40
22650	87
22651	14
22652	59
22653	24
22654	191
22655	368
22656	1417
22657	130
22658	542
22659	22
22660	61
22661	25
22662	152
22663	98
22664	15
22665	20
22666	330
22667	1371
22668	10
22669	85
22670	7
22671	427
22672	390
22673	159
22674	11
22675	307
22676	63
22677	1697
22678	80
22679	59
22680	21
22681	19
22682	7
22683	353
22684	149
22685	68
22686	127
22687	105
22688	16
22689	59
22690	316
22691	13
22692	27
22693	61
22694	24
22695	2092
22696	35
22697	6
22698	25
22699	2902
22700	43
22701	35
22702	8
22703	60
22704	2
22705	19
22706	23
22707	60
22708	252
22709	3
22710	10
22711	9
22712	41
22713	3115
22714	20
22715	62
22716	377
22717	213
22718	223
22719	226
22720	848
22721	2646
22722	19
22723	13
22724	482
22725	3
22726	113
22727	108
22728	3
22729	27
22730	67
22731	59
22732	68
22733	77
22734	4
22735	40
22736	1861
22737	18
22738	24
22739	944
22740	287
22741	112
22742	77
22743	46
22744	338
22745	235
22746	54
22747	1
22748	18
22749	21
22750	1321
22751	234
22752	227
22753	46
22754	1560
22755	98
22756	21
22757	149
22758	10
22759	798
22760	1249
22761	133
22762	47
22763	96
22764	80
22765	127
22766	40
22767	1408
22768	16
22769	20
22770	15
22771	72
22772	32
22773	8
22774	19
22775	46
22776	4
22777	3
22778	50
22779	21
22780	57
22781	34
22782	918
22783	10
22784	45
22785	16
22786	11
22787	126
22788	4306
22789	12
22790	488
22791	36
22792	106
22793	409
22794	9
22795	757
22796	175
22797	39
22798	40
22799	77
22800	9
22801	208
22802	5936
22803	72
22804	5
22805	205
22806	3
22807	70
22808	266
22809	520
22810	8
22811	11
22812	27
22813	20
22814	427
22815	19
22816	5
22817	27
22818	4
22819	1817
22820	3
22821	15
22822	19
22823	547
22824	61
22825	48915
22826	151
22827	2793
22828	1388
22829	1186
22830	36
22831	1278
22832	1304
22833	276
22834	19
22835	60
22836	7
22837	8
22838	22
22839	190
22840	8
22841	9
22842	161
22843	255
22844	110
22845	17
22846	11
22847	6
22848	41
22849	10347
22850	11
22851	92
22852	57
22853	130
22854	10
22855	89
22856	174
22857	227
22858	32
22859	18
22860	41
22861	7
22862	182
22863	27
22864	286
22865	64
22866	1741
22867	199
22868	38
22869	14
22870	142
22871	5
22872	207
22873	70
22874	2
22875	143
22876	109
22877	6
22878	37
22879	3
22880	102
22881	3
22882	4257
22883	832
22884	19
22885	168
22886	565
22887	36
22888	6784
22889	15
22890	3963
22891	11
22892	75
22893	531
22894	39
22895	13
22896	5
22897	81
22898	24
22899	528
22900	650
22901	132
22902	17
22903	9
22904	7
22905	3
22906	11
22907	7
22908	1738
22909	123
22910	15
22911	49
22912	186
22913	54
22914	13
22915	2025
22916	22
22917	105
22918	18
22919	5
22920	1878
22921	167
22922	4534
22923	363
22924	66
22925	124
22926	7
22927	72
22928	93
22929	402
22930	11
22931	6
22932	18
22933	865
22934	67
22935	113426
22936	27
22937	3
22938	181
22939	69
22940	9
22941	123
22942	8
22943	785
22944	157
22945	8
22946	17
22947	1314
22948	114
22949	4
22950	3382
22951	20
22952	4097
22953	9
22954	12
22955	75
22956	9
22957	402
22958	80
22959	10130
22960	4
22961	311
22962	23
22963	28384
22964	7
22965	239
22966	35
22967	263
22968	78
22969	3448
22970	102
22971	266
22972	41
22973	78
22974	429
22975	28
22976	19
22977	14
22978	78
22979	198
22980	22
22981	119
22982	62
22983	11
22984	195
22985	19
22986	57
22987	145
22988	25
22989	765
22990	1091
22991	12
22992	64
22993	4034
22994	11
22995	96
22996	6
22997	12
22998	246
22999	323
23000	72
23001	2144
23002	74
23003	10
23004	39
23005	995
23006	24
23007	26
23008	280
23009	83
23010	192
23011	798
23012	157
23013	185
23014	7
23015	537
23016	475
23017	172
23018	6
23019	8
23020	1928
23021	101
23022	32
23023	197
23024	99
23025	3715
23026	1584
23027	3
23028	134
23029	11747
23030	4
23031	237
23032	4189
23033	8
23034	19
23035	24
23036	152
23037	368
23038	499
23039	691
23040	83
23041	9
23042	49
23043	311
23044	6045
23045	25
23046	445
23047	2899
23048	96
23049	289
23050	23
23051	34
23052	188
23053	47
23054	1893
23055	84
23056	52
23057	31
23058	68
23059	323
23060	1453
23061	29
23062	50
23063	115
23064	190
23065	44
23066	32
23067	478
23068	5
23069	117
23070	435
23071	35
23072	27
23073	5
23074	542
23075	313
23076	286
23077	11
23078	19
23079	703
23080	33
23081	873
23082	1939
23083	4
23084	6
23085	1412
23086	86
23087	344
23088	795
23089	46
23090	41
23091	6
23092	4
23093	43
23094	3991
23095	79
23096	4
23097	7
23098	95
23099	787
23100	124
23101	43
23102	4887
23103	426
23104	5
23105	9
23106	2102
23107	32
23108	4
23109	156
23110	59
23111	6
23112	13
23113	29
23114	37
23115	1539
23116	104
23117	538
23118	12
23119	8
23120	20
23121	26
23122	24
23123	34
23124	16
23125	205
23126	157
23127	26
23128	31
23129	18
23130	142
23131	14
23132	8
23133	66
23134	138
23135	55
23136	11
23137	73
23138	12
23139	924
23140	470
23141	11
23142	360
23143	34
23144	143
23145	40
23146	32
23147	392
23148	859
23149	9
23150	159
23151	7
23152	10
23153	54
23154	9
23155	197
23156	61
23157	121
23158	68
23159	44
23160	7
23161	277
23162	16
23163	11
23164	19
23165	19671
23166	72
23167	5
23168	49
23169	70
23170	402
23171	89
23172	38
23173	27
23174	34
23175	184
23176	11
23177	477
23178	4372
23179	29
23180	603
23181	783
23182	206
23183	186
23184	13
23185	198
23186	29
23187	6
23188	39
23189	17
23190	114
23191	502
23192	2098
23193	69
23194	358
23195	90
23196	64
23197	10
23198	1378
23199	81
23200	218
23201	44
23202	24
23203	131
23204	1002
23205	114
23206	127
23207	13
23208	77
23209	119
23210	106
23211	219
23212	10
23213	29
23214	129
23215	310
23216	1118
23217	352
23218	13
23219	3042
23220	38
23221	5
23222	15
23223	34
23224	55
23225	10
23226	203
23227	4
23228	302
23229	313
23230	872
23231	36
23232	171
23233	7177
23234	965
23235	6
23236	8559
23237	429
23238	25
23239	21
23240	34
23241	284
23242	32
23243	82
23244	104
23245	16
23246	12
23247	9
23248	579
23249	216
23250	172
23251	12
23252	306
23253	90
23254	137
23255	13
23256	178
23257	109
23258	256
23259	175
23260	27
23261	6
23262	255
23263	274
23264	54
23265	2771
23266	69
23267	16
23268	45
23269	4
23270	454
23271	635
23272	18
23273	543
23274	12
23275	14
23276	44
23277	38
23278	14
23279	23
23280	54
23281	52
23282	1639
23283	16
23284	31
23285	82
23286	103
23287	39
23288	15871
23289	47
23290	87
23291	4657
23292	117
23293	320
23294	63
23295	12
23296	6374
23297	102
23298	8
23299	6
23300	37
23301	5
23302	229
23303	22
23304	1165
23305	39
23306	39
23307	21
23308	186
23309	13
23310	19
23311	28
23312	4
23313	1166
23314	74
23315	783
23316	31
23317	2
23318	7
23319	110
23320	80
23321	168
23322	5175
23323	854
23324	50
23325	25
23326	24
23327	20
23328	41
23329	647
23330	15
23331	36
23332	6
23333	788
23334	887
23335	5
23336	64
23337	86
23338	1054
23339	5355
23340	18
23341	6796
23342	124
23343	6
23344	7
23345	12
23346	4
23347	767
23348	1569
23349	16
23350	4
23351	183
23352	459
23353	30
23354	230
23355	12
23356	93
23357	711
23358	50
23359	61
23360	975
23361	90
23362	1477
23363	913
23364	5
23365	7
23366	2
23367	40
23368	497
23369	359
23370	176
23371	101
23372	40
23373	584
23374	622
23375	19998
23376	133
23377	405
23378	27
23379	25
23380	44
23381	6
23382	16
23383	2179
23384	10
23385	891
23386	11
23387	21
23388	208
23389	65
23390	15
23391	20
23392	34
23393	154
23394	11
23395	163
23396	12
23397	69
23398	31
23399	53
23400	4091
23401	104
23402	8
23403	15
23404	21
23405	7952
23406	27
23407	762
23408	4
23409	136
23410	1872
23411	28
23412	56
23413	583
23414	302
23415	11
23416	375
23417	1052
23418	530
23419	5
23420	212
23421	29
23422	11
23423	2415
23424	63
23425	91
23426	29
23427	1062
23428	106
23429	3
23430	1237
23431	917
23432	274
23433	78
23434	20
23435	8
23436	60
23437	194
23438	35
23439	96
23440	290
23441	227
23442	6
23443	66
23444	52
23445	177
23446	128
23447	68
23448	13
23449	66
23450	88
23451	295
23452	1479
23453	102
23454	5
23455	29
23456	104
23457	1187
23458	67
23459	119
23460	140
23461	164
23462	25
23463	8
23464	14
23465	58
23466	105
23467	6
23468	6
23469	8
23470	624
23471	9
23472	874
23473	153
23474	68
23475	10
23476	8
23477	34
23478	132
23479	45
23480	214
23481	11
23482	8
23483	126
23484	1945
23485	280
23486	139
23487	152
23488	76
23489	88
23490	49
23491	155
23492	139
23493	70
23494	16
23495	612
23496	43
23497	16
23498	10
23499	544
23500	30
23501	10
23502	16
23503	15
23504	490
23505	233
23506	67
23507	13
23508	213
23509	61
23510	5
23511	118
23512	4
23513	151
23514	14
23515	8
23516	9292
23517	809
23518	21
23519	33
23520	77
23521	6
23522	13
23523	8
23524	31
23525	40
23526	26
23527	710
23528	7
23529	88
23530	11
23531	116
23532	425
23533	16
23534	171
23535	413
23536	11
23537	13354
23538	44
23539	61
23540	1504
23541	3040
23542	8
23543	9564
23544	414
23545	299
23546	13
23547	17
23548	12
23549	715
23550	11
23551	32
23552	6
23553	10
23554	5892
23555	39
23556	123
23557	33
23558	4
23559	4
23560	334
23561	31
23562	20
23563	544
23564	9
23565	874
23566	62
23567	9
23568	16
23569	174
23570	139
23571	93
23572	157
23573	25
23574	83
23575	31
23576	2111
23577	25
23578	10
23579	7642
23580	758
23581	9
23582	15
23583	48
23584	125
23585	600
23586	1078
23587	10
23588	110
23589	4
23590	7
23591	6
23592	497
23593	156
23594	4161
23595	10
23596	5
23597	22
23598	10
23599	7
23600	85
23601	891
23602	206
23603	203
23604	42
23605	99
23606	33
23607	57
23608	59
23609	65
23610	7
23611	46
23612	343
23613	29
23614	87
23615	14
23616	179
23617	64
23618	11
23619	203
23620	12
23621	268
23622	7548
23623	642
23624	1
23625	576
23626	44
23627	47
23628	45
23629	4
23630	3594
23631	377
23632	10
23633	74
23634	4748
23635	25
23636	143
23637	458
23638	23
23639	25
23640	5
23641	40
23642	20
23643	1119
23644	5022
23645	6220
23646	541
23647	24
23648	14
23649	735
23650	3164
23651	14
23652	17
23653	1
23654	11
23655	14
23656	28
23657	5
23658	25
23659	160
23660	12
23661	50
23662	1605
23663	27
23664	16
23665	105
23666	106
23667	26
23668	18
23669	64
23670	236
23671	220
23672	360
23673	210
23674	3
23675	26
23676	11
23677	7
23678	34
23679	427
23680	34
23681	123
23682	30
23683	14
23684	5
23685	575
23686	85
23687	1824
23688	43
23689	38
23690	7
23691	90
23692	8
23693	397
23694	13
23695	2154
23696	109
23697	177
23698	52
23699	25
23700	176
23701	47
23702	6
23703	28
23704	143
23705	63
23706	16
23707	18
23708	8
23709	424
23710	347
23711	24
23712	913
23713	67
23714	118
23715	592
23716	1498
23717	25
23718	11
23719	2747
23720	70
23721	6
23722	303
23723	252
23724	60
23725	25
23726	870
23727	12
23728	17
23729	564
23730	145
23731	38
23732	107
23733	50
23734	21540
23735	31
23736	113
23737	1875
23738	97
23739	7
23740	677
23741	1
23742	35
23743	27
23744	1964
23745	136
23746	47
23747	78
23748	293
23749	88
23750	20
23751	35
23752	177
23753	502
23754	14
23755	19
23756	90
23757	25
23758	208
23759	14
23760	686
23761	591
23762	58
23763	3425
23764	246
23765	7314
23766	9
23767	224
23768	96
23769	474
23770	42
23771	8
23772	10
23773	7
23774	436
23775	11
23776	97
23777	397
23778	49
23779	47
23780	60
23781	4
23782	574
23783	1568
23784	18
23785	1290
23786	57
23787	38
23788	8
23789	233
23790	26
23791	86
23792	39
23793	80
23794	618
23795	139
23796	13
23797	11
23798	30
23799	335
23800	705
23801	6773
23802	56
23803	1788
23804	307
23805	1430
23806	228
23807	66
23808	58
23809	709
23810	78
23811	238
23812	44
23813	7
23814	50
23815	664
23816	4
23817	367
23818	36
23819	731
23820	28
23821	734
23822	1412
23823	47
23824	140
23825	28
23826	466
23827	32
23828	8
23829	325
23830	11
23831	79
23832	97
23833	30
23834	13
23835	1432
23836	1376
23837	30
23838	26
23839	26
23840	684
23841	61
23842	124
23843	6
23844	12
23845	7
23846	65
23847	76
23848	1366
23849	8
23850	85
23851	16
23852	217
23853	11
23854	2246
23855	3
23856	32
23857	13
23858	2
23859	124
23860	6
23861	22
23862	282
23863	27
23864	309
23865	17
23866	209
23867	10
23868	84
23869	81
23870	52
23871	30
23872	8
23873	108
23874	208
23875	8
23876	66
23877	16
23878	56
23879	3732
23880	47
23881	698
23882	5
23883	3
23884	22
23885	3
23886	190
23887	94
23888	4832
23889	109
23890	2
23891	28
23892	1960
23893	6
23894	29
23895	31
23896	38
23897	25
23898	2157
23899	7
23900	45
23901	16
23902	60
23903	86
23904	127
23905	39
23906	62
23907	86
23908	162
23909	37091
23910	667
23911	35
23912	5
23913	66
23914	32
23915	1665
23916	637
23917	249
23918	31
23919	1108
23920	11
23921	3
23922	140
23923	43
23924	25
23925	24
23926	485
23927	212
23928	114
23929	950
23930	5
23931	344
23932	210
23933	110
23934	55
23935	39
23936	42
23937	39
23938	643
23939	24
23940	11
23941	11
23942	8
23943	142
23944	33
23945	159
23946	2
23947	17
23948	13
23949	91
23950	10
23951	523
23952	1224
23953	1111
23954	8
23955	2268
23956	25
23957	578
23958	129
23959	1434
23960	25
23961	10
23962	315
23963	7
23964	19
23965	682
23966	41
23967	18
23968	47
23969	18
23970	237
23971	3
23972	6
23973	17
23974	6
23975	36
23976	6
23977	744
23978	9
23979	27
23980	78
23981	62
23982	14
23983	9
23984	27
23985	858
23986	2732
23987	70
23988	17
23989	183
23990	142
23991	669
23992	10
23993	9
23994	10
23995	456
23996	36
23997	16
23998	52
23999	15
24000	48
24001	31
24002	345
24003	408
24004	1187
24005	73
24006	5
24007	12
24008	24
24009	8598
24010	6562
24011	266
24012	350
24013	63
24014	17
24015	48
24016	78
24017	54
24018	132
24019	100
24020	256
24021	4
24022	58
24023	4
24024	14231
24025	147
24026	352
24027	12
24028	54
24029	17
24030	20
24031	97
24032	35
24033	64
24034	310
24035	3045
24036	12
24037	197
24038	107
24039	44
24040	91
24041	670
24042	6
24043	301
24044	100
24045	20
24046	8
24047	9
24048	27
24049	147
24050	24
24051	36
24052	18
24053	2178
24054	14
24055	26
24056	96
24057	15
24058	482
24059	727
24060	6
24061	9
24062	2982
24063	3
24064	183
24065	9
24066	32
24067	20
24068	55
24069	8
24070	82
24071	8
24072	19
24073	19
24074	6
24075	38
24076	9
24077	42
24078	15
24079	190
24080	21
24081	22
24082	7040
24083	82
24084	94
24085	8
24086	625
24087	12
24088	10
24089	16
24090	4
24091	14
24092	211
24093	417
24094	72
24095	3
24096	130
24097	4847
24098	41
24099	507
24100	43
24101	346
24102	135
24103	10
24104	15
24105	63
24106	2
24107	889
24108	4
24109	264
24110	6
24111	15
24112	10
24113	33
24114	717
24115	634
24116	106
24117	857
24118	759
24119	2
24120	1390
24121	7
24122	206
24123	395
24124	147
24125	2914
24126	79
24127	4
24128	11
24129	1426
24130	47
24131	516
24132	55
24133	39
24134	6
24135	3210
24136	79
24137	41
24138	65
24139	297
24140	116
24141	16
24142	1632
24143	2
24144	25
24145	45
24146	9
24147	135
24148	9
24149	92
24150	127
24151	5
24152	120
24153	101
24154	144
24155	5
24156	809
24157	725
24158	8
24159	375
24160	3268
24161	20
24162	74
24163	48
24164	6
24165	152
24166	92
24167	13
24168	148
24169	7
24170	167
24171	12
24172	11
24173	8
24174	72
24175	100
24176	8
24177	2520
24178	31
24179	1513
24180	102
24181	56
24182	16
24183	29
24184	55280
24185	241
24186	4796
24187	13
24188	47
24189	3
24190	77
24191	21
24192	7
24193	16
24194	21
24195	2017
24196	25
24197	764
24198	170
24199	337
24200	7
24201	5
24202	24
24203	433
24204	474
24205	85
24206	47
24207	160
24208	36
24209	77
24210	120
24211	148
24212	14
24213	428
24214	581
24215	35
24216	122
24217	138
24218	309
24219	62
24220	24
24221	9284
24222	101
24223	127
24224	189
24225	11
24226	76
24227	61
24228	9
24229	21
24230	14
24231	5140
24232	238
24233	3
24234	174
24235	4774
24236	2423
24237	8
24238	238
24239	1130
24240	8
24241	616
24242	914
24243	207
24244	5
24245	11
24246	7
24247	16
24248	282
24249	374
24250	12
24251	28
24252	18
24253	4718
24254	145
24255	183
24256	78
24257	25
24258	7
24259	11
24260	122
24261	55
24262	21
24263	2193
24264	12
24265	48
24266	8
24267	779
24268	43
24269	1114
24270	70
24271	215
24272	8
24273	1178
24274	41
24275	105
24276	483
24277	9
24278	11
24279	931
24280	8
24281	464
24282	28
24283	209
24284	13
24285	15
24286	57
24287	11
24288	1633
24289	251
24290	17
24291	401
24292	58
24293	5
24294	589
24295	216
24296	58
24297	338
24298	2
24299	20
24300	9
24301	10
24302	23
24303	234
24304	64
24305	18
24306	84
24307	353
24308	10
24309	10
24310	29
24311	186
24312	117
24313	130
24314	6
24315	51
24316	110
24317	15
24318	64
24319	21
24320	1726
24321	110
24322	51
24323	193
24324	35
24325	122
24326	170
24327	15
24328	67
24329	26
24330	10
24331	60
24332	23
24333	826
24334	21
24335	9
24336	581
24337	57
24338	277
24339	498
24340	62
24341	78
24342	69
24343	160
24344	8
24345	85
24346	46
24347	475
24348	1
24349	13
24350	8
24351	6
24352	75
24353	13
24354	24
24355	19
24356	83
24357	47
24358	48
24359	242
24360	195
24361	784
24362	787
24363	2823
24364	169
24365	54
24366	51
24367	6
24368	314
24369	352
24370	10
24371	11
24372	1478
24373	2883
24374	52
24375	36
24376	147
24377	64
24378	29
24379	75
24380	20
24381	4
24382	6719
24383	2
24384	26
24385	2105
24386	395
24387	38
24388	23
24389	548
24390	6287
24391	291
24392	101
24393	33
24394	23
24395	3
24396	51
24397	448
24398	177
24399	13
24400	323
24401	116
24402	1
24403	22
24404	88
24405	5
24406	10
24407	377
24408	23
24409	6
24410	95
24411	21
24412	23
24413	3483
24414	47
24415	147
24416	4
24417	21
24418	25
24419	436
24420	264
24421	26
24422	21
24423	8
24424	6
24425	1260
24426	5
24427	3899
24428	4
24429	65
24430	27
24431	136
24432	64
24433	14
24434	134
24435	15
24436	47
24437	36
24438	287
24439	22
24440	32
24441	515
24442	314
24443	66
24444	14
24445	6
24446	90
24447	411
24448	24
24449	19
24450	36
24451	26
24452	5
24453	3
24454	610
24455	10
24456	110
24457	51
24458	758
24459	50
24460	13
24461	12
24462	10
24463	10
24464	20
24465	47
24466	31
24467	142
24468	8
24469	24
24470	6
24471	64
24472	36
24473	34
24474	36
24475	232
24476	366
24477	35
24478	60
24479	13
24480	5
24481	13
24482	394
24483	17
24484	22
24485	23
24486	97
24487	311
24488	12
24489	31445
24490	30
24491	23
24492	1312
24493	3
24494	7
24495	104
24496	124
24497	2045
24498	7
24499	1687
24500	25
24501	4
24502	11
24503	5
24504	168
24505	5
24506	1495
24507	748
24508	536
24509	22
24510	19
24511	67
24512	35
24513	12
24514	288
24515	30
24516	579
24517	116
24518	3587
24519	52
24520	46
24521	1159
24522	14
24523	28
24524	228
24525	63
24526	108
24527	259
24528	174
24529	26
24530	33
24531	356
24532	749
24533	141
24534	570
24535	7338
24536	51
24537	9
24538	68
24539	36
24540	2
24541	123
24542	178
24543	89
24544	307
24545	41
24546	7
24547	16
24548	56
24549	786
24550	15
24551	175
24552	796
24553	298
24554	16
24555	293
24556	23
24557	55
24558	75
24559	5
24560	27
24561	14313
24562	59
24563	547
24564	16
24565	12
24566	52
24567	19
24568	32
24569	14
24570	39
24571	1148
24572	18
24573	189
24574	56
24575	329
24576	12
24577	105
24578	116
24579	14
24580	58
24581	3
24582	382
24583	1270
24584	106
24585	4
24586	96
24587	29
24588	10
24589	66
24590	9
24591	10
24592	6
24593	10
24594	9
24595	168
24596	48
24597	183
24598	32
24599	59
24600	124
24601	20
24602	17
24603	37
24604	471
24605	94
24606	22
24607	21
24608	22
24609	120
24610	115
24611	25
24612	56
24613	207
24614	66
24615	698
24616	297
24617	116
24618	16
24619	119
24620	31
24621	21
24622	4996
24623	98
24624	17
24625	6
24626	6
24627	25
24628	29
24629	415
24630	182
24631	3812
24632	207
24633	111
24634	26
24635	35
24636	7
24637	59
24638	9
24639	233
24640	14
24641	5
24642	5
24643	754
24644	181
24645	163
24646	12
24647	5
24648	15
24649	545
24650	2
24651	30
24652	9
24653	19
24654	3615
24655	23
24656	38
24657	60
24658	979
24659	10
24660	690
24661	8
24662	160
24663	4
24664	320
24665	30
24666	13
24667	7
24668	657
24669	268
24670	564
24671	272
24672	92
24673	448
24674	174
24675	14
24676	20
24677	126
24678	54
24679	15
24680	973
24681	5
24682	9
24683	31
24684	10
24685	428
24686	67
24687	4
24688	32
24689	43
24690	42
24691	111
24692	61
24693	15
24694	34
24695	332
24696	59
24697	10
24698	166
24699	694
24700	7
24701	1135
24702	11
24703	1386
24704	159
24705	6
24706	854
24707	510
24708	184
24709	22
24710	222
24711	116
24712	62
24713	850
24714	10
24715	18
24716	314
24717	13
24718	8
24719	138
24720	535
24721	986
24722	7
24723	13
24724	100
24725	233
24726	243
24727	354
24728	9
24729	4
24730	355
24731	104
24732	26
24733	7
24734	59
24735	227
24736	6
24737	767
24738	10
24739	466
24740	513
24741	42
24742	28
24743	5
24744	184
24745	6
24746	178
24747	353
24748	42
24749	1391
24750	575
24751	21
24752	17
24753	66
24754	17
24755	11
24756	13
24757	21
24758	33
24759	7528
24760	39
24761	48
24762	58
24763	17
24764	2584
24765	260
24766	41
24767	5
24768	1367
24769	51
24770	22
24771	80
24772	102
24773	82
24774	121
24775	4
24776	24
24777	142
24778	110
24779	5
24780	351
24781	60
24782	49
24783	20
24784	4
24785	122
24786	106
24787	478
24788	24
24789	305
24790	6
24791	133
24792	9
24793	7
24794	11
24795	280
24796	8
24797	95
24798	52
24799	18142
24800	16
24801	24
24802	4
24803	28
24804	134
24805	50
24806	17
24807	196
24808	197
24809	161
24810	8357
24811	106
24812	11
24813	9
24814	45
24815	21
24816	835
24817	4
24818	188
24819	13
24820	4
24821	20
24822	42
24823	15
24824	57
24825	139
24826	679
24827	50
24828	65
24829	78
24830	23642
24831	244
24832	235
24833	18
24834	2847
24835	122
24836	5
24837	108
24838	49569
24839	11
24840	23
24841	10978
24842	123
24843	68
24844	67
24845	11
24846	711
24847	20
24848	221
24849	4
24850	5743
24851	9
24852	472565
24853	19
24854	213
24855	73
24856	6
24857	1064
24858	85
24859	406
24860	220
24861	71
24862	47
24863	55
24864	288
24865	57
24866	50
24867	183
24868	14
24869	3
24870	34
24871	3
24872	31
24873	4
24874	91
24875	4
24876	158
24877	16
24878	45
24879	6
24880	61
24881	270
24882	18
24883	58
24884	929
24885	10
24886	34
24887	54
24888	11
24889	184
24890	1142
24891	3228
24892	13
24893	131
24894	32
24895	14
24896	22
24897	26
24898	6
24899	167
24900	15
24901	27
24902	24
24903	290
24904	21
24905	10
24906	365
24907	169
24908	631
24909	144
24910	36
24911	25
24912	5
24913	10
24914	85
24915	233
24916	31
24917	35
24918	24
24919	42
24920	611
24921	84
24922	22
24923	89
24924	206
24925	2237
24926	8
24927	70
24928	1030
24929	157
24930	28
24931	4
24932	22
24933	3453
24934	8
24935	27
24936	11
24937	426
24938	19
24939	19
24940	462
24941	204
24942	40
24943	165
24944	67
24945	24
24946	1056
24947	4
24948	162
24949	37
24950	97
24951	54
24952	2486
24953	2
24954	11234
24955	1425
24956	403
24957	486
24958	42
24959	469
24960	132
24961	83
24962	24
24963	27
24964	109778
24965	127
24966	27
24967	140
24968	243
24969	4
24970	150
24971	111
24972	7
24973	1178
24974	14
24975	45
24976	64
24977	53
24978	90
24979	45
24980	33
24981	294
24982	12
24983	577
24984	29
24985	1471
24986	80
24987	12
24988	10
24989	70
24990	42
24991	19
24992	9
24993	442
24994	36
24995	180
24996	120
24997	28
24998	20
24999	9
25000	330
25001	95
25002	33
25003	14
25004	18
25005	7299
25006	4
25007	12
25008	30
25009	5
25010	1544
25011	5
25012	110
25013	1387
25014	17
25015	64
25016	24
25017	1326
25018	26
25019	6
25020	1223
25021	94
25022	11
25023	132
25024	64
25025	401
25026	30
25027	18
25028	31
25029	222
25030	117
25031	232
25032	271
25033	7
25034	161
25035	195
25036	51
25037	73
25038	15
25039	6
25040	7
25041	12
25042	8
25043	4927
25044	9
25045	63
25046	9
25047	7
25048	355
25049	21
25050	306
25051	6
25052	236
25053	39
25054	5
25055	332
25056	20
25057	68
25058	11
25059	272
25060	67
25061	54
25062	11
25063	9
25064	212
25065	201
25066	23
25067	22
25068	4
25069	1344
25070	79
25071	34
25072	4761
25073	9
25074	126
25075	120
25076	8
25077	45
25078	26
25079	3
25080	61
25081	272
25082	44
25083	64
25084	567
25085	138
25086	170
25087	2700
25088	352
25089	649
25090	217
25091	30
25092	39
25093	4712
25094	114
25095	402
25096	18
25097	125
25098	5
25099	27
25100	108
25101	298
25102	54
25103	74
25104	184
25105	39
25106	52
25107	69
25108	1015
25109	20
25110	301
25111	36
25112	43
25113	9
25114	8
25115	127
25116	48
25117	5
25118	5
25119	40
25120	21
25121	9
25122	1082
25123	203
25124	632
25125	49
25126	331
25127	35
25128	42
25129	45
25130	99
25131	3
25132	1287
25133	6196
25134	540
25135	17
25136	263
25137	8
25138	11552
25139	6
25140	13
25141	26
25142	113
25143	39
25144	1177
25145	2
25146	24918
25147	197
25148	48
25149	7
25150	34
25151	8
25152	378
25153	220
25154	434
25155	24
25156	37
25157	742
25158	13
25159	88
25160	165
25161	3
25162	169
25163	14
25164	13
25165	171
25166	36
25167	552
25168	51
25169	182
25170	2279
25171	503
25172	34
25173	7
25174	8
25175	8
25176	56
25177	24
25178	25
25179	69
25180	29
25181	225
25182	9
25183	22
25184	6
25185	8
25186	152
25187	333
25188	33
25189	28
25190	273
25191	304
25192	17
25193	33
25194	803
25195	756
25196	114
25197	5641
25198	45
25199	5029
25200	16
25201	8
25202	14
25203	102
25204	385
25205	173
25206	94
25207	38
25208	104
25209	150
25210	142
25211	472
25212	35
25213	33
25214	3
25215	143
25216	27
25217	454
25218	12
25219	187
25220	11
25221	211
25222	10
25223	453
25224	4
25225	822
25226	17
25227	495
25228	50
25229	31
25230	3656
25231	178
25232	2159
25233	18
25234	242
25235	13
25236	52
25237	933
25238	19
25239	36
25240	249
25241	57
25242	394
25243	33
25244	60
25245	47
25246	869
25247	352
25248	1
25249	102
25250	5
25251	8
25252	137
25253	7
25254	19
25255	20
25256	5504
25257	127
25258	9
25259	28
25260	12
25261	14
25262	11
25263	45
25264	8
25265	333
25266	885
25267	11
25268	9
25269	95
25270	61
25271	15
25272	5034
25273	215
25274	23
25275	35
25276	3
25277	4
25278	21
25279	250
25280	315
25281	52
25282	3
25283	744
25284	66
25285	80
25286	650
25287	9
25288	103
25289	3
25290	15
25291	32
25292	12
25293	24
25294	134
25295	516
25296	62
25297	7
25298	165
25299	135
25300	985
25301	569
25302	200
25303	28
25304	229
25305	1995
25306	12
25307	234
25308	23
25309	405
25310	46
25311	107
25312	14
25313	10
25314	294
25315	37
25316	200
25317	5
25318	31
25319	54
25320	75
25321	16
25322	17
25323	29
25324	63
25325	22
25326	38
25327	5
25328	97
25329	207
25330	2639
25331	258
25332	2247
25333	10
25334	14
25335	204
25336	30
25337	15
25338	97
25339	58
25340	15301
25341	380
25342	45
25343	8
25344	299
25345	47
25346	3191
25347	493
25348	11
25349	127
25350	204
25351	6
25352	115
25353	13
25354	203
25355	525
25356	102
25357	113
25358	7
25359	24
25360	22
25361	5
25362	1010
25363	233
25364	27
25365	75
25366	4
25367	284
25368	499
25369	6
25370	374
25371	2886
25372	16
25373	7
25374	24
25375	53
25376	39
25377	3
25378	29
25379	580
25380	230
25381	49
25382	4
25384	76
25385	113
25386	38
25387	771
25388	81
25389	22
25390	6
25391	56
25392	141
25393	374
25394	4
25395	9
25396	876
25397	201
25398	26
25399	21
25400	65
25401	6
25402	8
25403	66
25404	116
25405	370
25406	123
25407	1856
25408	665
25409	12
25410	21
25411	35
25412	13
25413	43
25414	31
25415	40
25416	114
25417	24
25418	116
25419	112
25420	22
25421	185
25422	560
25423	10
25424	904
25425	374
25426	7
25427	78
25428	4
25429	18
25430	16
25431	40
25432	6
25433	167
25434	25
25435	1457
25436	14
25437	293
25438	627
25439	216
25440	137
25441	1
25442	556
25443	1357
25444	45
25445	9
25446	31
25447	456
25448	14
25449	75
25450	237
25451	94
25452	41
25453	44
25454	5
25455	129
25456	172
25457	238
25458	33
25459	101
25460	33
25461	647
25462	57
25463	14
25464	557
25465	16
25466	13494
25467	10
25468	16
25469	612
25470	91
25471	712
25472	1440
25473	3
25474	14
25475	54
25476	669
25477	480
25478	194
25479	6
25480	177
25481	45
25482	1
25483	137
25484	67
25485	45
25486	38
25487	356
25488	13
25489	1417
25490	141
25491	85
25492	80
25493	655
25494	675
25495	3074
25496	8
25497	17
25498	6
25499	583
25500	172
25501	6
25502	39
25503	365
25504	707
25505	6
25506	1511
25507	4
25508	33
25509	311
25510	44
25511	13
25512	14
25513	9938
25514	6
25515	57
25516	5
25517	112
25518	427
25519	43
25520	74
25521	109
25522	497
25523	12
25524	43
25525	267
25526	13
25527	1394
25528	75
25529	13
25530	495
25531	15
25532	8
25533	3981
25534	13
25535	535
25536	36
25537	212
25538	14
25539	118
25540	23
25541	14
25542	503
25543	20
25544	6002
25545	112
25546	445
25547	426
25548	49
25549	57
25550	136
25551	814
25552	1628
25553	97
25554	522
25555	151
25556	526
25557	33
25558	62
25559	28
25560	26
25561	37
25562	876
25563	4
25564	3
25565	27
25566	60
25567	209
25568	8
25569	781
25570	683
25571	20
25572	26
25573	25
25574	49
25575	109
25576	44
25577	191
25578	17
25579	385
25580	33
25581	560
25582	67
25583	85
25584	1469
25585	10
25586	70
25587	302
25588	13996
25589	152
25590	135
25591	414
25592	40
25593	101
25594	25
25595	36
25596	81
25597	11
25598	1273
25599	50
25600	53
25601	346
25602	210
25603	12
25604	46
25605	42
25606	14
25607	6
25608	122
25609	245
25610	972
25611	14
25612	43
25613	685
25614	8
25615	126
25616	19
25617	3
25618	73
25619	30
25620	6
25621	2
25622	8
25623	3527
25624	13
25625	104
25626	15
25627	312
25628	5
25629	110
25630	4568
25631	35
25632	44
25633	102
25634	468
25635	7
25636	147
25637	324
25638	313
25639	13
25640	8856
25641	29
25642	389
25643	8
25644	39
25645	72
25646	7
25647	5158
25648	243
25649	13
25650	23
25651	117
25652	48
25653	2546
25654	57
25655	34
25656	7
25657	27
25658	9
25659	27255
25660	8
25661	11
25662	32
25663	8
25664	166
25665	25
25666	702
25667	35
25668	35
25669	54
25670	2003
25671	104
25672	29
25673	12
25674	25
25675	98
25676	207
25677	11
25678	4
25679	269
25680	36
25681	236
25682	116
25683	420
25684	13
25685	241
25686	1994
25687	34
25688	15
25689	19
25690	8
25691	2930
25692	40
25693	201
25694	35
25695	389
25696	144
25697	4
25698	23
25699	19
25700	2
25701	29
25702	10
25703	75
25704	721
25705	5943
25706	3779
25707	191
25708	35
25709	19
25710	28
25711	4
25712	19
25713	122
25714	27
25715	1259
25716	6
25717	100
25718	8971
25719	2
25720	329
25721	76
25722	50
25723	98
25724	12
25725	5
25726	47
25727	324
25728	16
25729	50
25730	50
25731	23
25732	121
25733	105
25734	15
25735	10
25736	70
25737	6
25738	37
25739	19
25740	719
25741	268
25742	93
25743	263
25744	47
25745	1912
25746	349
25747	318
25748	80
25749	6
25750	28
25751	180
25752	12
25753	8653
25754	4
25755	113
25756	26
25757	132
25758	320
25759	20
25760	387
25761	37
25762	1826
25763	259
25764	166
25765	85
25766	31
25767	3776
25768	100
25769	169
25770	19
25771	68
25772	10
25773	777
25774	11
25775	30
25776	28
25777	47
25778	16
25779	547
25780	26
25781	24
25782	359
25783	2773
25784	5
25785	94
25786	10
25787	105
25788	5
25789	6
25790	2
25791	24
25792	25
25793	105
25794	13
25795	3
25796	243
25797	59
25798	114
25799	6
25800	16
25801	84
25802	469
25803	20
25804	4459
25805	168
25806	400
25807	123
25808	279
25809	60
25810	109
25811	499
25812	8
25813	159
25814	608
25815	5
25816	13
25817	1625
25818	14
25819	15
25820	24
25821	770
25822	62
25823	80
25824	11178
25825	1050
25826	212
25827	47
25828	24
25829	10
25830	2228
25831	67
25832	1919
25833	24
25834	48
25835	38
25836	513
25837	6638
25838	193
25839	627
25840	29
25841	40
25842	645
25843	497
25844	1683
25845	3
25846	7
25847	16
25848	64
25849	453
25850	49
25851	33
25852	1823
25853	49
25854	977
25855	5
25856	4
25857	21
25858	72
25859	25
25860	216
25861	1330
25862	19
25863	15
25864	28
25865	171
25866	12
25867	52
25868	26
25869	773
25870	13
25871	9
25872	1061
25873	2
25874	6
25875	15
25876	379
25877	384
25878	366
25879	972
25880	13
25881	10
25882	130
25883	25
25884	271
25885	1031
25886	1857
25887	105
25888	1
25889	53
25890	50281
25891	4
25892	22
25893	905
25894	48
25895	16
25896	933
25897	52
25898	290
25899	44
25900	66
25901	365
25902	35
25903	548
25904	305
25905	11
25906	240
25907	39
25908	144
25909	9
25910	215
25911	2
25912	15
25913	21
25914	29
25915	207
25916	76
25917	69
25918	153
25919	4053
25920	406
25921	55
25922	10
25923	88
25924	7
25925	12
25926	658
25927	171
25928	15
25929	21
25930	1205
25931	17672
25932	24
25933	25
25934	139
25935	26
25936	2875
25937	185
25938	433
25939	25
25940	13
25941	112
25942	12
25943	41
25944	39
25945	150
25946	183
25947	1054
25948	1191
25949	5020
25950	20
25951	49
25952	3900
25953	8
25954	9
25955	3
25956	57
25957	9
25958	41
25959	41
25960	10
25961	11
25962	208
25963	100
25964	7
25965	2373
25966	6
25967	75
25968	9
25969	12
25970	405
25971	30
25972	28
25973	11
25974	269
25975	34
25976	648
25977	19
25978	133
25979	15
25980	667
25981	291
25982	11
25983	3
25984	23
25985	4572
25986	1182
25987	210
25988	65
25989	34
25990	40
25991	37
25992	4
25993	6
25994	56
25995	84
25996	4
25997	152
25998	149
25999	309
26000	3
26001	31
26002	753
26003	26
26004	6
26005	44
26006	466
26007	20
26008	7
26009	24
26010	1105
26011	20
26012	45
26013	175
26014	73
26015	48
26016	14
26017	94
26018	39
26019	6
26020	7
26021	918
26022	10
26023	435
26024	16
26025	76
26026	94
26027	17
26028	341
26029	413
26030	1029
26031	368
26032	5274
26033	38
26034	164
26035	49
26036	580
26037	15
26038	383
26039	9
26040	3329
26041	32
26042	31
26043	40
26044	5
26045	20
26046	28
26047	6044
26048	44
26049	51
26050	171
26051	6
26052	254
26053	29
26054	83
26055	1171
26056	146
26057	6
26058	14
26059	10
26060	262
26061	185
26062	408
26063	51
26064	10
26065	43
26066	21
26067	4
26068	55
26069	19
26070	50
26071	181
26072	6
26073	66
26074	6
26075	60
26076	68
26077	4
26078	67
26079	406
26080	204
26081	13
26082	132
26083	755
26084	327
26085	22
26086	5
26087	5
26088	2523
26089	19
26090	243
26091	131
26092	58
26093	66
26094	764
26095	109
26096	3306
26097	30
26098	187
26099	16
26100	394
26101	50
26102	18
26103	12
26104	1867
26105	246
26106	29
26107	7
26108	11
26109	8
26110	23
26111	169
26112	8
26113	401
26114	53
26115	576
26116	10
26117	1
26118	1315
26119	520
26120	76
26121	6
26122	312
26123	7
26124	416
26125	17
26126	56
26127	2
26128	7477
26129	48
26130	3
26131	7223
26132	57
26133	1773
26134	319
26135	299
26136	36
26137	9
26138	745
26139	425
26140	27
26141	7
26142	264
26143	170
26144	39
26145	154
26146	16
26147	30
26148	618
26149	222
26150	66
26151	20
26152	1261
26153	7
26154	16
26155	102
26156	5
26157	429
26158	63
26159	37
26160	6
26161	12
26162	56
26163	115
26164	35
26165	20735
26166	30
26167	45
26168	1354
26169	19
26170	147
26171	231
26172	5528
26173	37
26174	271
26175	7
26176	46
26177	5216
26178	114
26179	9
26180	70
26181	27
26182	97
26183	152
26184	823
26185	193
26186	57
26187	433
26188	134
26189	51
26190	9
26191	93
26192	23
26193	273
26194	653
26195	20
26196	155
26197	30
26198	36
26199	118
26200	103
26201	4124
26202	4
26203	24
26204	21
26205	33
26206	20
26207	54
26208	100
26209	140627
26210	10
26211	131
26212	6
26213	13
26214	49
26215	9
26216	823
26217	524
26218	16
26219	140
26220	124
26221	1254
26222	18
26223	741
26224	197
26225	7
26226	103
26227	484
26228	29
26229	27
26230	56
26231	174
26232	107
26233	30
26234	52
26235	17
26236	18
26237	8
26238	22
26239	3
26240	5
26241	67
26242	2887
26243	173
26244	9
26245	15
26246	651
26247	65
26248	582
26249	15
26250	977
26251	366
26252	1175
26253	20
26254	328
26255	168
26256	50
26257	184
26258	18
26259	4
26260	24
26261	14
26262	26
26263	3
26264	25
26265	202
26266	71
26267	13
26268	1
26269	17
26270	135
26271	8
26272	170
26273	303
26274	168
26275	8
26276	9
26277	51
26278	1577
26279	88
26280	748
26281	46
26282	3702
26283	18906
26284	231
26285	10
26286	581
26287	184
26288	50
26289	23
26290	9
26291	71
26292	572
26293	379
26294	352
26295	7
26296	51
26297	11
26298	4276
26299	21
26300	753
26301	886
26302	35
26303	4
26304	74
26305	42
26306	15
26307	1591
26308	204
26309	1113
26310	30
26311	7
26312	2021
26313	188
26314	1187
26315	4263
26316	148
26317	8869
26318	881
26319	409
26320	17
26321	557
26322	372
26323	105
26324	4721
26325	50
26326	33
26327	37
26328	64
26329	255
26330	48
26331	8
26332	9
26333	11
26334	12
26335	7
26336	33
26337	44
26338	131
26339	115
26340	19
26341	12
26342	80
26343	349
26344	442
26345	15
26346	4889
26347	601
26348	9955
26349	483
26350	433
26351	3208
26352	613
26353	113
26354	153
26355	84
26356	36
26357	14
26358	22
26359	73
26360	291
26361	12
26362	204
26363	69
26364	2047
26365	18
26366	95
26367	551
26368	64
26369	29296
26370	92
26371	11
26372	825
26373	1721
26374	178
26375	300
26376	842
26377	39
26378	4
26379	30
26380	7
26381	241
26382	18
26383	35
26384	11655
26385	23
26386	195
26387	11
26388	169
26389	29
26390	372
26391	57
26392	15
26393	15
26394	77
26395	761
26396	511
26397	326
26398	25
26399	27
26400	39
26401	15
26402	221
26403	116
26404	18
26405	1214
26406	5
26407	138
26408	4
26409	90
26410	1999
26411	4
26412	787
26413	22
26414	6
26415	11
26416	103
26417	4
26418	13
26419	829
26420	16
26421	20
26422	242
26423	13
26424	28
26425	435
26426	9
26427	971
26428	189
26429	731
26430	36
26431	1456
26432	62
26433	74
26434	105
26435	4
26436	247
26437	20
26438	4
26439	13
26440	23
26441	3
26442	93
26443	596
26444	500
26445	60
26446	8
26447	47
26448	10
26449	22
26450	14
26451	69
26452	2199
26453	921
26454	451
26455	7
26456	624
26457	10
26458	117
26459	890
26460	143
26461	11
26462	117
26463	3
26464	49
26465	42
26466	108
26467	21
26468	15
26469	51
26470	44
26471	119
26472	319
26473	46
26474	37
26475	738
26476	589
26477	637
26478	6
26479	38
26480	865
26481	30
26482	173
26483	206
26484	21
26485	35
26486	1288
26487	79
26488	712
26489	254
26490	92
26491	101
26492	10
26493	354
26494	32
26495	384
26496	42
26497	10281
26498	4
26499	490
26500	60
26501	47
26502	8
26503	478
26504	541
26505	1906
26506	122
26507	8
26508	32
26509	549
26510	683
26511	26
26512	80
26513	130
26514	24
26515	21
26516	14
26517	45
26518	246
26519	51
26520	562
26521	1660
26522	104
26523	7
26524	131
26525	118
26526	57
26527	16
26528	321
26529	55
26530	597
26531	27
26532	35
26533	30
26534	56
26535	18
26536	17
26537	8
26538	16
26539	91
26540	955
26541	8
26542	43
26543	7
26544	40
26545	6
26546	98
26547	138
26548	63
26549	9
26550	4
26551	3
26552	144
26553	1467
26554	181
26555	38
26556	9
26557	114
26558	608
26559	512
26560	24
26561	29
26562	64
26563	36
26564	117
26565	4
26566	451
26567	49
26568	152
26569	391
26570	9
26571	526
26572	98
26573	81
26574	51
26575	366
26576	1323
26577	94
26578	24
26579	197
26580	8
26581	21
26582	14
26583	162
26584	15
26585	10
26586	1217
26587	998
26588	61
26589	275
26590	7
26591	25
26592	113
26593	124
26594	23
26595	41
26596	122
26597	9
26598	11
26599	408
26600	79
26601	6
26602	128
26603	14
26604	61746
26605	4
26606	1724
26607	147
26608	32
26609	80
26610	26
26611	16
26612	170
26613	19
26614	21
26615	18
26616	93
26617	30
26618	23
26619	64
26620	21233
26621	11
26622	9
26623	24
26624	63
26625	11
26626	34
26627	1
26628	98
26629	5541
26630	26
26631	17
26632	3
26633	495
26634	3698
26635	312
26636	31
26637	16
26638	492
26639	255
26640	11
26641	105
26642	35
26643	208
26644	173
26645	32
26646	446
26647	31
26648	5569
26649	125
26650	28
26651	366
26652	55
26653	8
26654	97
26655	6
26656	19
26657	24
26658	40
26659	96
26660	324
26661	291
26662	63
26663	4
26664	285
26665	1376
26666	678
26667	62
26668	4943
26669	153
26670	125
26671	76
26672	5
26673	13
26674	4
26675	77
26676	42
26677	13
26678	6
26679	1206
26680	22
26681	8
26682	15
26683	2990
26684	140
26685	8
26686	51
26687	47
26688	17
26689	946
26690	53
26691	128
26692	116
26693	47
26694	17
26695	756
26696	9
26697	78
26698	1842
26699	13
26700	217
26701	898
26702	50
26703	36
26704	18
26705	9
26706	2427
26707	5
26708	5
26709	3182
26710	72
26711	458
26712	165
26713	20
26714	2039
26715	64
26716	119
26717	2153
26718	38
26719	11
26720	116
26721	125
26722	6
26723	4056
26724	6
26725	12
26726	63
26727	205
26728	892
26729	8
26730	230
26731	3
26732	15
26733	31
26734	2
26735	320
26736	706
26737	24
26738	1781
26739	291
26740	35
26741	80
26742	15
26743	170
26744	7
26745	9
26746	232
26747	17
26748	31
26749	150
26750	36
26751	4973
26752	22
26753	148
26754	355
26755	21
26756	1536
26757	43
26758	39
26759	592
26760	38
26761	48
26762	12
26763	224
26764	720
26765	347
26766	5
26767	2735
26768	2206
26769	1450
26770	6
26771	160
26772	4
26773	16
26774	6
26775	5
26776	65
26777	88
26778	10
26779	147
26780	278
26781	77
26782	8
26783	101
26784	28
26785	163
26786	54
26787	5
26788	71
26789	34
26790	16129
26791	74
26792	58
26793	13
26794	7
26795	552
26796	16
26797	10
26798	254
26799	113
26800	10725
26801	113
26802	59
26803	23
26804	13
26805	362
26806	204
26807	50
26808	14
26809	3
26810	584
26811	27
26812	28
26813	12
26814	15
26815	6
26816	14
26817	32
26818	37
26819	11
26820	20
26821	13
26822	15
26823	81
26824	100
26825	5
26826	330
26827	16
26828	142
26829	12
26830	50
26831	290
26832	13
26833	52
26834	235
26835	65
26836	294
26837	96
26838	58
26839	648
26840	14
26841	5
26842	3067
26843	17
26844	12
26845	150
26846	10
26847	7
26848	1597
26849	5
26850	20
26851	30
26852	44
26853	29
26854	38
26855	45
26856	5379
26857	305
26858	4
26859	64
26860	200
26861	1293
26862	158
26863	884
26864	28
26865	34
26866	36
26867	13
26868	8
26869	84
26870	308
26871	23
26872	377
26873	318
26874	4
26875	104
26876	479
26877	32
26878	217
26879	5
26880	3
26881	201
26882	5853
26883	162
26884	4
26885	603
26886	6
26887	30
26888	28
26889	1021
26890	31
26891	10
26892	12
26893	68
26894	784
26895	51
26896	16
26897	512
26898	261
26899	620
26900	2231
26901	512
26902	44
26903	85
26904	258
26905	633
26906	10
26907	183
26908	35
26909	467
26910	463
26911	2143
26912	6
26913	8
26914	6045
26915	4429
26916	344
26917	266
26918	11
26919	311
26920	16
26921	140
26922	930
26923	151
26924	382
26925	296
26926	48
26927	99
26928	111
26929	61
26930	9
26931	41
26932	723
26933	4
26934	26
26935	111
26936	2
26937	673
26938	64
26939	856
26940	19286
26941	28
26942	21
26943	11
26944	26
26945	19
26946	27
26947	3
26948	15
26949	2950
26950	4
26951	34
26952	29
26953	3
26954	19
26955	237
26956	86
26957	62
26958	2
26959	430
26960	74
26961	5
26962	16
26963	4
26964	73
26965	27
26966	22
26967	6
26968	305
26969	27
26970	17
26971	188
26972	210
26973	27
26974	142
26975	11
26976	189
26977	31
26978	117
26979	29
26980	15
26981	1990
26982	14
26983	125
26984	64
26985	1324
26986	12
26987	54
26988	26
26989	44
26990	77
26991	7
26992	2
26993	168
26994	127
26995	95
26996	18
26997	71
26998	19
26999	9
27000	484
27001	428
27002	44
27003	71
27004	27
27005	13
27006	23
27007	127
27008	103
27009	15
27010	221
27011	231
27012	4471
27013	11
27014	100
27015	12
27016	81
27017	14
27018	53
27019	557
27020	5445
27021	7
27022	678
27023	282
27024	315
27025	33
27026	4
27027	340
27028	306
27029	66
27030	379
27031	11
27032	7
27033	723
27034	8
27035	112
27036	172
27037	418
27038	589
27039	12
27040	220
27041	113
27042	21
27043	44
27044	2898
27045	788
27046	38
27047	4
27048	29
27049	9
27050	44
27051	89
27052	189
27053	43
27054	19
27055	1097
27056	77
27057	147
27058	6
27059	10
27060	61
27061	1420
27062	430
27063	3
27064	51
27065	809
27066	91
27067	66
27068	51
27069	157
27070	296
27071	58
27072	125
27073	60
27074	8
27075	33
27076	29
27077	480
27078	165
27079	10
27080	220
27081	63
27082	38
27083	16
27084	23
27085	36
27086	69217
27087	3
27088	3
27089	47
27090	815
27091	4
27092	150
27093	1564
27094	9
27095	8
27096	384
27097	8
27098	301
27099	25
27100	74
27101	28
27102	1464
27103	22
27104	71584
27105	1720
27106	8
27107	16
27108	20
27109	3
27110	23
27111	6
27112	49
27113	263
27114	7
27115	386
27116	282
27117	2227
27118	39
27119	32
27120	47
27121	5
27122	1365
27123	14
27124	72
27125	244
27126	173
27127	5
27128	33
27129	32
27130	7
27131	23
27132	18
27133	486
27134	9
27135	5
27136	8
27137	52
27138	73
27139	22
27140	81
27141	25
27142	2298
27143	331
27144	82
27145	194
27146	71
27147	1554
27148	177
27149	5
27150	61
27151	19
27152	9
27153	21
27154	44
27155	19
27156	38001
27157	26
27158	47
27159	19
27160	23
27161	38
27162	79
27163	558
27164	12
27165	3
27166	4
27167	67
27168	33
27169	12
27170	105
27171	2030
27172	1174
27173	29
27174	44
27175	15
27176	5
27177	619
27178	544
27179	3648
27180	32
27181	11
27182	155
27183	21
27184	22
27185	11
27186	154
27187	13
27188	26
27189	798
27190	30
27191	402
27192	17
27193	24
27194	11
27195	7
27196	4096
27197	251
27198	16
27199	169
27200	23
27201	54
27202	127
27203	211
27204	408
27205	33
27206	4
27207	54
27208	15
27209	264
27210	14
27211	15
27212	34
27213	28
27214	20
27215	8
27216	703
27217	21
27218	18
27219	38
27220	26
27221	12
27222	8
27223	3
27224	174
27225	41
27226	86
27227	310
27228	41
27229	613
27230	4
27231	620
27232	6
27233	52
27234	31
27235	646
27236	36
27237	600
27238	484
27239	701
27240	1307
27241	4105
27242	411
27243	7640
27244	310
27245	15
27246	1269
27247	4569
27248	142
27249	206
27250	443
27251	15
27252	13
27253	54
27254	95
27255	6
27256	17
27257	26
27258	89
27259	14
27260	107
27261	31
27262	57
27263	2
27264	12
27265	37
27266	75
27267	263
27268	85
27269	141
27270	3
27271	223
27272	37
27273	9
27274	67
27275	2472
27276	145
27277	1333
27278	453
27279	101
27280	21
27281	143
27282	16
27283	277
27284	812
27285	26
27286	756
27287	64
27288	4149
27289	325
27290	8
27291	32
27292	1246
27293	146
27294	1224
27295	28
27296	7
27297	217
27298	14
27299	881
27300	19
27301	4
27302	27
27303	19
27304	631
27305	47
27306	9
27307	6351
27308	87
27309	51
27310	26
27311	113
27312	22
27313	1577
27314	15
27315	412
27316	3219
27317	20
27318	5
27319	40
27320	17
27321	127
27322	5
27323	10483
27324	58
27325	10603
27326	176
27327	11
27328	283
27329	4
27330	327
27331	307
27332	61
27333	124
27334	56
27335	682
27336	14687
27337	30
27338	7
27339	80
27340	19
27341	8
27342	22
27343	13
27344	41473
27345	41
27346	107
27347	15
27348	48
27349	97
27350	2
27351	21
27352	52
27353	275
27354	84
27355	2863
27356	3344
27357	4
27358	67
27359	15
27360	6572
27361	485
27362	583
27363	2041
27364	166
27365	191
27366	93
27367	13
27368	15
27369	62
27370	473
27371	129
27372	73
27373	24
27374	300
27375	3
27376	3
27377	100
27378	197
27379	39
27380	137
27381	27
27382	10
27383	75
27384	7
27385	6
27386	19
27387	52
27388	1001
27389	16
27390	188
27391	9
27392	3700
27393	7
27394	9
27395	1008
27396	56
27397	7
27398	2148
27399	32
27400	295
27401	699
27402	382
27403	77
27404	21
27405	288
27406	23
27407	976
27408	12
27409	6
27410	32
27411	48
27412	5
27413	2659
27414	19
27415	748
27416	9
27417	8
27418	913
27419	123
27420	46
27421	18
27422	28
27423	3262
27424	68
27425	21
27426	5
27427	13
27428	754
27429	2289
27430	17
27431	23
27432	128
27433	1310
27434	14
27435	480
27436	4
27437	1034
27438	5
27439	103
27440	402
27441	31
27442	220
27443	78
27444	22
27445	33
27446	7
27447	3
27448	100
27449	10
27450	78
27451	4651
27452	24
27453	20
27454	4659
27455	17
27456	232
27457	14
27458	268
27459	12
27460	71
27461	158
27462	230
27463	120
27464	1853
27465	111
27466	134
27467	14
27468	23
27469	15
27470	1152
27471	2387
27472	219
27473	13
27474	214
27475	606
27476	537
27477	547
27478	148
27479	169
27480	3
27481	32
27482	151
27483	19
27484	26
27485	100
27486	140
27487	5
27488	12
27489	83
27490	9
27491	9
27492	9
27493	6
27494	67
27495	160
27496	8
27497	18
27498	12
27500	153
27501	10
27502	330
27503	169
27504	15
27505	194
27506	27
27507	30
27508	9
27509	5413
27510	1177
27511	2615
27512	1
27513	12
27514	1228
27515	23
27516	13
27517	24
27518	9
27519	12
27520	8
27521	43067
27522	839
27523	8
27524	68
27525	20
27526	57
27527	91
27528	109
27529	21
27530	233
27531	3663
27532	50
27533	16
27534	27
27535	12
27536	49
27537	9
27538	9
27539	23
27540	166
27541	747
27542	120
27543	40
27544	4951
27545	8
27546	92
27547	44
27548	10990
27549	22
27550	43
27551	359
27552	15
27553	755
27554	3323
27555	1829
27556	20
27557	22
27558	107
27559	5
27560	5
27561	109
27562	50
27563	33
27564	103
27565	201
27566	8
27567	273
27568	40
27569	261
27570	929
27571	106
27572	17
27573	2000
27574	27
27575	193
27576	431
27577	82
27578	117
27579	19
27580	4
27581	109
27582	286
27583	5
27584	228
27585	26
27586	26
27587	9
27588	16
27589	39
27590	35
27591	37
27592	689
27593	7
27594	5
27595	38
27596	2615
27597	16
27598	80
27599	205
27600	44
27601	49
27602	21
27603	12
27604	6
27605	26
27606	12
27607	21
27608	1390
27609	11
27610	108
27611	3
27612	89
27613	62
27614	14
27615	7
27616	69
27617	52
27618	111
27619	2
27620	442
27621	186
27622	226
27623	79
27624	10
27625	1437
27626	830
27627	353
27628	21
27629	1654
27630	8
27631	86
27632	16
27633	6
27634	3
27635	65
27636	74
27637	63
27638	150
27639	1937
27640	139
27641	2
27642	680
27643	142
27644	412
27645	38
27646	198
27647	311
27648	4
27649	217
27650	94
27651	110
27652	1129
27653	31
27654	38
27655	667
27656	62
27657	134
27658	120
27659	19
27660	32
27661	9
27662	3684
27663	5158
27664	514
27665	553
27666	4
27667	46
27668	453
27669	69
27670	34
27671	346
27672	4
27673	149
27674	4
27675	63
27676	2415
27677	134
27678	143
27679	14
27680	52
27681	1953
27682	7
27683	5740
27684	339
27685	70
27686	166
27687	94
27688	84
27689	18
27690	8839
27691	17
27692	143
27693	51
27694	268
27695	14577
27696	906
27697	453
27698	98
27699	20
27700	46
27701	618
27702	75
27703	54
27704	4
27705	3067
27706	907
27707	4
27708	44
27709	32
27710	285
27711	125
27712	3
27713	108
27714	1394
27715	845
27716	40
27717	16
27718	4
27719	174
27720	62
27721	21
27722	74
27723	15
27724	63
27725	21
27726	437
27727	14
27728	11
27729	2371
27730	10950
27731	71
27732	10
27733	41
27734	8
27735	835
27736	10
27737	2272
27738	8
27739	44
27740	101
27741	1446
27742	43
27743	9
27744	10687
27745	43
27746	132
27747	186
27748	271
27749	79
27750	2629
27751	463
27752	19
27753	55
27754	119
27755	8
27756	58
27757	554
27758	9
27759	608
27760	276
27761	2177
27762	57
27763	45
27764	4
27765	7
27766	39
27767	318
27768	26
27769	108
27770	437
27771	138
27772	876
27773	4
27774	9
27775	54
27776	43
27777	16
27778	1105
27779	4
27780	175
27781	158
27782	65
27783	1381
27784	15
27785	5
27786	9
27787	27
27788	16
27789	25
27790	2397
27791	17
27792	13
27793	84
27794	406
27795	3
27796	10630
27797	69
27798	8
27799	54
27800	41
27801	5115
27802	33
27803	13
27804	61
27805	10
27806	22
27807	5
27808	11
27809	27
27810	5
27811	1294
27812	4
27813	6
27814	24
27815	116
27816	108
27817	1291
27818	19
27819	13
27820	11
27821	13
27822	12
27823	17
27824	151
27825	13
27826	134
27827	81
27828	64
27829	1033
27830	182
27831	11
27832	77
27833	16
27834	10
27835	15
27836	115
27837	15
27838	30
27839	1597
27840	115
27841	1465
27842	18
27843	136
27844	14
27845	137905
27846	4
27847	899
27848	405
27849	8
27850	1093
27851	12
27852	68
27853	40
27854	68
27855	46
27856	5
27857	71
27858	54
27859	27
27860	12
27861	25
27862	46
27863	6
27864	739
27865	382
27866	64
27867	14
27868	261
27869	14
27870	5
27871	117
27872	442
27873	12
27874	496
27875	65
27876	107
27877	199
27878	18
27879	85
27880	126
27881	4000
27882	5
27883	16
27884	9
27885	2451
27886	242
27887	69
27888	981
27889	11
27890	353
27891	170
27892	133
27893	95
27894	6
27895	28
27896	16
27897	167
27898	102
27899	18
27900	2437
27901	82
27902	52
27903	2486
27904	152
27905	24
27906	6
27907	33
27908	5
27909	51
27910	313
27911	2
27912	9
27913	341
27914	33
27915	45
27916	132
27917	23
27918	35
27919	6
27920	222
27921	290
27922	4
27923	12
27924	203
27925	4638
27926	69
27927	4
27928	148
27929	40
27930	307
27931	181
27932	77
27933	613
27934	4
27935	9
27936	136
27937	211
27938	290
27939	497
27940	9
27941	823
27942	8
27943	5
27944	49
27945	661
27946	9
27947	7
27948	9
27949	1196
27950	4
27951	868
27952	71
27953	426
27954	227
27955	6
27956	37
27957	77
27958	2055
27959	1690
27960	490
27961	159
27962	79
27963	475
27964	603
27965	36
27966	137057
27967	97
27968	439
27969	6
27970	31
27971	14
27972	5
27973	464
27974	38
27975	50
27976	13
27977	411
27978	574
27979	572
27980	146
27981	108
27982	50
27983	7
27984	448
27985	5084
27986	9
27987	18
27988	44
27989	32
27990	76
27991	34
27992	765
27993	36
27994	119
27995	9
27996	100
27997	21
27998	27
27999	2905
28000	46
28001	50
28002	119
28003	34
28004	329
28005	9
28006	103
28007	171
28008	1086
28009	62
28010	6
28011	15
28012	336
28013	9
28014	275
28015	220
28016	955
28017	79
28018	8
28019	14
28020	683
28021	2137
28022	122
28023	129
28024	116
28025	23
28026	73
28027	2
28028	43
28029	5
28030	18
28031	1196
28032	8
28033	9
28034	16
28035	17
28036	9
28037	36
28038	882
28039	161
28040	18
28041	12
28042	5
28043	21
28044	221
28045	33
28046	72
28047	8
28048	107
28049	5
28050	987
28051	659
28052	332
28053	30
28054	863
28055	10
28056	176
28057	8
28058	4651
28059	76
28060	265
28061	162
28062	25
28063	6
28064	215
28065	66
28066	820
28067	79
28068	56
28069	6
28070	5
28071	2119
28072	26
28073	202
28074	40
28075	78
28076	297
28077	38
28078	30
28079	1868
28080	952
28081	16
28082	16
28083	1474
28084	12
28085	130
28086	34
28087	15
28088	67
28089	24
28090	33
28091	32
28092	1606
28093	45
28094	38
28095	13
28096	27
28097	42
28098	29
28099	77
28100	949
28101	52
28102	20
28103	116
28104	126
28105	37
28106	379
28107	5
28108	78
28109	133
28110	388
28111	21
28112	22
28113	100
28114	11
28115	11
28116	52
28117	34
28118	255
28119	15
28120	12
28121	5
28122	1146
28123	7144
28124	6
28125	22
28126	11
28127	615
28128	32
28129	139
28130	86
28131	26
28132	3179
28133	9
28134	504
28135	55
28136	43
28137	743
28138	56
28139	48
28140	45
28141	7
28142	37
28143	19
28144	20
28145	149
28146	151
28147	339
28148	317
28149	152
28150	8
28151	99
28152	14
28153	61
28154	271
28155	1211
28156	14549
28157	2016
28158	377
28159	35
28160	14
28161	40
28162	5
28163	9
28164	23
28165	146
28166	2
28167	3
28168	37
28169	241
28170	46
28171	1637
28172	90
28173	14
28174	566
28175	491
28176	25
28177	141
28178	9
28179	80
28180	118
28181	4
28182	8
28183	8
28184	4
28185	49
28186	18
28187	10
28188	127
28189	14
28190	21
28191	272
28192	14
28193	28
28194	22
28195	62
28196	255
28197	12
28198	235
28199	39825
28200	25
28201	37
28202	462
28203	18
28204	89632
28205	11
28206	3
28207	671
28208	27
28209	67
28210	11
28211	134
28212	6
28213	47
28214	394
28215	556
28216	131
28217	162
28218	259
28219	51
28220	146
28221	1268
28222	59
28223	11
28224	27
28225	19
28226	4036
28227	142
28228	1050
28229	9
28230	135
28231	5
28232	292
28233	116
28234	364
28235	32
28236	34
28237	50
28238	376
28239	79
28240	408
28241	487
28242	608
28243	31
28244	368
28245	23
28246	79
28247	7
28248	893
28249	199
28250	308
28251	7
28252	350
28253	7
28254	9
28255	311
28256	82
28257	90
28258	38
28259	4
28260	5
28261	121
28262	67
28263	45
28264	194
28265	7
28266	82
28267	54
28268	8
28269	119
28270	26
28271	6
28272	107
28273	21
28274	39
28275	61
28276	34
28277	678
28278	7545
28279	30
28280	98
28281	604
28282	6
28283	12
28284	130
28285	716
28286	989
28287	48
28288	9
28289	20211
28290	233
28291	3
28292	8
28293	4
28294	39
28295	59
28296	350
28297	7
28298	3
28299	3293
28300	11
28301	53
28302	32
28303	305
28304	139
28305	9
28306	110
28307	212
28308	2
28309	2181
28310	12
28311	364
28312	88
28313	86
28314	10
28315	12
28316	114
28317	8
28318	78
28319	55
28320	37
28321	293
28322	469
28323	84
28324	22
28325	306
28326	1138
28327	4
28328	150
28329	105
28330	1006
28331	353
28332	31
28333	22
28334	63
28335	65
28336	8
28337	105
28338	41
28339	133
28340	85
28341	4
28342	1070
28343	47
28344	119
28345	51
28346	36
28347	18
28348	697
28349	308
28350	536
28351	9
28352	11
28353	789
28354	8
28355	72
28356	145
28357	274
28358	1113
28359	228
28360	262
28361	109
28362	14
28363	27
28364	140
28365	11
28366	197
28367	85
28368	79
28369	251
28370	107
28371	1548
28372	88
28373	7335
28374	25
28375	72
28376	148
28377	275
28378	2808
28379	616
28380	1357
28381	139
28382	103
28383	101
28384	1446
28385	68
28386	215
28387	120
28388	8
28389	32
28390	416
28391	38
28392	31
28393	9
28394	58
28395	31
28396	14
28397	109
28398	1030
28399	308
28400	44
28401	24
28402	23
28403	13
28404	80
28405	4
28406	11
28407	515
28408	62
28409	4
28410	82
28411	274
28412	462
28413	3515
28414	8
28415	110
28416	19
28417	6
28418	16
28419	316
28420	2153
28421	153
28422	8
28423	40
28424	118
28425	317
28426	13
28427	8996
28428	2
28429	12
28430	126
28431	879
28432	1427
28433	308
28434	74
28435	81
28436	552
28437	1177
28438	370
28439	844
28440	7
28441	1443
28442	194
28443	400
28444	14
28445	13
28446	49
28447	7
28448	636
28449	1364
28450	1202
28451	142
28452	5
28453	151
28454	975
28455	47
28456	110
28457	25
28458	2170
28459	1043
28460	10
28461	4
28462	38
28463	9
28464	1151
28465	19257
28466	413
28467	76
28468	98
28469	73
28470	19
28471	7
28472	322
28473	1479
28474	4
28475	13
28476	11570
28477	3
28478	4
28479	10
28480	147
28481	579
28482	22
28483	125
28484	6
28485	13
28486	1
28487	61
28488	19
28489	140
28490	83
28491	55
28492	111
28493	352
28494	355
28495	26
28496	54
28497	6
28498	340
28499	8
28500	30
28501	10
28502	6
28503	74
28504	1
28505	56
28506	78
28507	64
28508	64
28509	85
28510	42
28511	692
28512	11
28513	11
28514	76
28515	1798
28516	194
28517	385
28518	422
28519	48
28520	103
28521	810
28522	434
28523	246
28524	6
28525	22
28526	8
28527	1242
28528	226
28529	123
28530	30
28531	39
28532	8
28533	28
28534	38
28535	7112
28536	24
28537	768
28538	10
28539	11
28540	16
28541	75
28542	9
28543	39
28544	171
28545	217
28546	84
28547	353
28548	164
28549	27
28550	400
28551	35
28552	36
28553	8822
28554	101
28555	369
28556	32
28557	14
28558	27
28559	4
28560	659
28561	8
28562	8
28563	13
28564	123
28565	16
28566	274
28567	91
28568	429
28569	33
28570	813
28571	3435
28572	2771
28573	285
28574	434
28575	57
28576	2202
28577	1905
28578	477
28579	79
28580	21
28581	107
28582	358
28583	23
28584	22
28585	32
28586	6
28587	25
28588	25
28589	25
28590	2775
28591	19
28592	12
28593	3243
28594	348
28595	29
28596	20
28597	5880
28598	148
28599	1740
28600	186
28601	10455
28602	41
28603	63
28604	219
28605	72
28606	249
28607	10
28608	3
28609	462
28610	284
28611	62
28612	17
28613	1749
28614	72
28615	25
28616	32
28617	81
28618	68
28619	22
28620	9
28621	148
28622	616
28623	89
28624	4
28625	218
28626	318
28627	89
28628	612
28629	23
28630	162
28631	123
28632	2104
28633	115
28634	2518
28635	1150
28636	32
28637	13
28638	47
28639	3
28640	7
28641	7
28642	161
28643	276
28644	5
28645	46
28646	292
28647	3268
28648	12
28649	31
28650	7
28651	3
28652	14
28653	221
28654	14
28655	38
28656	1680
28657	143
28658	11
28659	86
28660	10
28661	4
28662	4
28663	3
28664	11
28665	8
28666	293
28667	3
28668	4
28669	3
28670	889
28671	16
28672	12
28673	9
28674	83
28675	137
28676	415
28677	5
28678	19
28679	6
28680	51
28681	14
28682	4324
28683	32
28684	16
28685	61
28686	4
28687	318
28688	322
28689	19
28690	55
28691	242
28692	431
28693	48
28694	78
28695	106
28696	185
28697	94
28698	1047
28699	1284
28700	7
28701	8
28702	6
28703	483
28704	143
28705	5
28706	35
28707	19
28708	10
28709	17
28710	191
28711	9
28712	10
28713	169
28714	5
28715	2056
28716	17
28717	3
28718	3
28719	26
28720	413
28721	143
28722	19
28723	18
28724	5
28725	430
28726	17
28727	104
28728	20
28729	101
28730	451
28731	53
28732	162
28733	2408
28734	46
28735	15
28736	14
28737	12
28738	301
28739	6
28740	127
28741	454
28742	30
28743	16
28744	2
28745	11684
28746	18
28747	6
28748	688
28749	614
28750	8
28751	19
28752	243
28753	23
28754	435
28755	91
28756	973
28757	348
28758	31
28759	37
28760	122
28761	246
28762	288
28763	11
28764	719
28765	178
28766	87
28767	648
28768	12
28769	3224
28770	137
28771	144
28772	15
28773	126
28774	30
28775	13
28776	36
28777	50
28778	95
28779	13
28780	52
28781	379
28782	918
28783	13
28784	74
28785	6344
28786	88
28787	22
28788	4
28789	84
28790	1087
28791	9
28792	96
28793	63
28794	30
28795	21
28796	106
28797	367
28798	394
28799	174
28800	810
28801	53
28802	8
28803	87
28804	133
28805	1165
28806	8
28807	6
28808	140
28809	2
28810	12
28811	17
28812	24
28813	29
28814	296
28815	41
28816	89
28817	54
28818	1
28819	72
28820	575
28821	38
28822	6
28823	503
28824	1746
28825	72
28826	1515
28827	70
28828	208
28829	1398
28830	9
28831	40
28832	73
28833	165
28834	525
28835	161
28836	4981
28837	19
28838	10
28839	30
28840	79
28841	117
28842	45530
28843	11
28844	38
28845	41
28846	15
28847	32
28848	194
28849	27924
28850	10
28851	5860
28852	5
28853	132
28854	18
28855	21
28856	50
28857	4
28858	33
28859	538
28860	3
28861	15
28862	2121
28863	16
28864	13
28865	66
28866	87
28867	30
28868	164
28869	12
28870	100
28871	254
28872	142
28873	10
28874	274
28875	27
28876	79
28877	106
28878	11
28879	922
28880	31
28881	465
28882	20
28883	637
28884	133
28885	217
28886	51
28887	29
28888	137
28889	196
28890	17
28891	16
28892	298
28893	12
28894	11
28895	50
28896	116
28897	25
28898	80
28899	105
28900	319
28901	118
28902	258
28903	44
28904	87
28905	14
28906	833
28907	74
28908	17
28909	195
28910	42
28911	1822
28912	350
28913	2131
28914	490
28915	777
28916	461
28917	78
28918	3139
28919	13
28920	1183
28921	413
28922	245
28923	103
28924	74
28925	17
28926	29
28927	23
28928	8370
28929	11
28930	823
28931	3470
28932	117
28933	20
28934	15458
28935	21
28936	40
28937	180
28938	73
28939	559
28940	25
28941	386
28942	151
28943	29
28944	36
28945	189
28946	2626
28947	19
28948	24
28949	45
28950	14
28951	49
28952	83
28953	147
28954	125
28955	62
28956	118
28957	58
28958	87
28959	151
28960	12
28961	100
28962	40
28963	960
28964	2
28965	61
28966	136
28967	214
28968	791
28969	33
28970	95
28971	78
28972	14
28973	4
28974	166
28975	13
28976	568
28977	256
28978	12
28979	104
28980	50
28981	39
28982	36
28983	728
28984	50
28985	67449
28986	5813
28987	385
28988	9
28989	170
28990	2880
28991	43
28992	11
28993	12698
28994	49
28995	8
28996	10
28997	193
28998	27
28999	2209
29000	28
29001	31
29002	10
29003	41
29004	102
29005	65
29006	230
29007	386
29008	34
29009	451
29010	185
29011	122
29012	127
29013	587
29014	24
29015	1018
29016	8
29017	32
29018	18
29019	125
29020	763
29021	34
29022	26
29023	71
29024	22
29025	220
29026	36
29027	984
29028	117
29029	3
29030	58
29031	64
29032	21
29033	57
29034	913
29035	211
29036	262
29037	4
29038	9
29039	5
29040	48
29041	73
29042	8
29043	10
29044	201
29045	1129
29046	52
29047	138
29048	13
29049	12
29050	7
29051	295
29052	10
29053	99
29054	10
29055	123
29056	16
29057	59
29058	37
29059	95
29060	37
29061	519
29062	116
29063	26
29064	165
29065	11
29066	1033
29067	46
29068	6
29069	57
29070	21
29071	875
29072	30
29073	97
29074	50
29075	249
29076	230
29077	5038
29078	1233
29079	1681
29080	157
29081	73
29082	316
29083	8
29084	169
29085	181
29086	12
29087	17
29088	949
29089	60
29090	46
29091	948
29092	530
29093	49
29094	686
29095	3805
29096	23
29097	41
29098	123
29099	11
29100	5
29101	69
29102	12
29103	2108
29104	509
29105	178
29106	28
29107	156
29108	9
29109	12
29110	89
29111	3
29112	1382
29113	18
29114	6
29115	105
29116	1033
29117	1970
29118	3650
29119	7
29120	5
29121	169
29122	42
29123	9
29124	543
29125	268
29126	1168
29127	8076
29128	6
29129	240
29130	181
29131	12
29132	4
29133	547
29134	26
29135	50
29136	248
29137	99
29138	276
29139	996
29140	117
29141	315
29142	1923
29143	63
29144	21
29145	744
29146	7
29147	8
29148	6
29149	104
29150	72
29151	30
29152	14
29153	1041
29154	10
29155	20
29156	732
29157	13
29158	925
29159	45
29160	65
29161	87
29162	42
29163	224
29164	14
29165	107
29166	260
29167	36
29168	14
29169	47
29170	71
29171	22
29172	90
29173	5
29174	13
29175	16
29176	884
29177	7
29178	124
29179	18
29180	2527
29181	19
29182	396
29183	9
29184	243
29185	21
29186	16
29187	7
29188	9
29189	196
29190	5
29191	287
29192	89
29193	902
29194	38
29195	1952
29196	118
29197	4
29198	316
29199	473
29200	8
29201	16
29202	10
29203	16
29204	1060
29205	218
29206	39
29207	7
29208	12
29209	49
29210	65
29211	175
29212	81
29213	173
29214	97
29215	9
29216	2
29217	440
29218	8
29219	5
29220	33
29221	217
29222	18
29223	5188
29224	79
29225	240
29226	152
29227	40
29228	547
29229	552
29230	68
29231	67
29232	3
29233	13
29234	94
29235	16
29236	54
29237	47
29238	77
29239	142
29240	234
29241	15
29242	106
29243	78
29244	1214
29245	31
29246	26
29247	8
29248	59
29249	49
29250	53
29251	418
29252	786
29253	6
29254	69
29255	142
29256	1325
29257	70
29258	63
29259	448
29260	11
29261	39
29262	506
29263	306
29264	102
29265	1279
29266	53
29267	59
29268	291
29269	46
29270	4190
29271	8
29272	143
29273	40
29274	1028
29275	14
29276	16
29277	550
29278	40
29279	22
29280	3
29281	90
29282	9
29283	7
29284	436
29285	1096
29286	11
29287	305
29288	17
29289	93
29290	2
29291	58
29292	32
29293	4
29294	7
29295	495
29296	7
29297	16
29298	543
29299	559
29300	5
29301	72
29302	456
29303	13
29304	22
29305	36
29306	20
29307	10893
29308	11
29309	1578
29310	255
29311	3240
29312	624
29313	76
29314	69
29315	1435
29316	42
29317	8
29318	14
29319	105
29320	6
29321	12
29322	6
29323	55
29324	41
29325	67
29326	1295
29327	947
29328	2660
29329	107
29330	70
29331	12
29332	6
29333	214
29334	3416
29335	14
29336	234
29337	151
29338	6
29339	2
29340	126
29341	201
29342	18
29343	3
29344	1300
29345	2676
29346	1694
29347	10
29348	24
29349	12
29350	115
29351	6
29352	207
29353	53
29354	7
29355	3
29356	89
29357	24
29358	8
29359	35
29360	145
29361	15
29362	88
29363	3109
29364	5
29365	21
29366	130
29367	29
29368	221
29369	112
29370	7517
29371	23
29372	65
29373	2594
29374	434
29375	6
29376	13
29377	60
29378	58
29379	7
29380	316
29381	20
29382	1906
29383	11
29384	5
29385	47
29386	6
29387	2588
29388	2367
29389	41
29390	23
29391	35
29392	1265
29393	424
29394	32
29395	52
29396	8
29397	793
29398	3637
29399	96
29400	26
29401	72
29402	11
29403	145
29404	58
29405	2049
29406	283
29407	28
29408	141
29409	380
29410	106
29411	31
29412	28
29413	212
29414	3
29415	43
29416	174
29417	10
29418	3443
29419	268
29420	3
29421	23
29422	20
29423	32
29424	63
29425	7
29426	109
29427	4
29428	88
29429	1553
29430	4
29431	6
29432	1415
29433	69
29434	31
29435	40
29436	130
29437	531
29438	67
29439	3771
29440	26
29441	20
29442	746
29443	215
29444	12
29445	13
29446	130
29447	20198
29448	76
29449	494
29450	385
29451	14
29452	80
29453	300
29454	509
29455	58
29456	30
29457	143
29458	22
29459	9
29460	1151
29461	147
29462	107
29463	422
29464	18
29465	16
29466	248
29467	221
29468	5
29469	36
29470	162
29471	989
29472	30
29473	1210
29474	1088
29475	29
29476	21
29477	65
29478	159
29479	1003
29480	174
29481	5
29482	105
29483	49
29484	294
29485	12
29486	43
29487	40212
29488	21
29489	10
29490	28
29491	143
29492	4
29493	31
29494	55
29495	12
29496	16
29497	6
29498	44
29499	432
29500	750
29501	86
29502	290
29503	2456
29504	5
29505	20
29506	1907
29507	46
29508	129
29509	1411
29510	33
29511	27
29512	62
29513	6
29514	38
29515	67
29516	249
29517	74
29518	81
29519	20
29520	677
29521	47
29522	2
29523	239
29524	10
29525	86
29526	347
29527	372
29528	40
29529	1710
29530	13
29531	9
29532	46
29533	5
29534	7
29535	29
29536	30
29537	208
29538	12
29539	7
29540	40
29541	105
29542	3
29543	16
29544	1749
29545	921
29546	168
29547	75
29548	132
29549	34
29550	5
29551	19
29552	71
29553	7063
29554	44
29555	12
29556	44
29557	1629
29558	207
29559	5
29560	14
29561	15
29562	47
29563	2
29564	298
29565	742
29566	13
29567	102
29568	6
29569	53
29570	6
29571	34
29572	18
29573	19
29574	1903
29575	75
29576	23
29577	554
29578	59
29579	89
29580	12
29581	75
29582	406
29583	3
29584	241
29585	7
29586	307
29587	9
29588	3
29589	1028
29590	19
29591	10
29592	322
29593	62
29594	6739
29595	5
29596	32
29597	50
29598	1197
29599	922
29600	470
29601	71
29602	50
29603	2031
29604	119
29605	9
29606	4
29607	61
29608	69
29609	147
29610	192
29611	227
29612	89
29613	181
29614	26
29615	6337
29616	1516
29617	212
29618	11
29619	22
29620	38
29621	140
29622	1082
29623	1291
29624	3
29625	105
29626	16
29627	1159
29628	2642
29629	116
29630	18
29631	22
29632	45
29633	47
29634	20
29635	376
29636	13
29637	82
29638	8
29639	2
29640	1871
29641	15
29642	439
29643	9
29644	31
29645	31
29646	2300
29647	47
29648	329
29649	54
29650	2481
29651	184
29652	14
29653	5
29654	32
29655	25
29656	33
29657	524
29658	400
29659	375
29660	1252
29661	12
29662	12709
29663	54
29664	525
29665	19
29666	123
29667	29
29668	2418
29669	1149
29670	6
29671	623
29672	2174
29673	61
29674	372
29675	8165
29676	11
29677	11
29678	25
29679	15
29680	3
29681	363
29682	17
29683	14
29684	10
29685	181
29686	748
29687	60
29688	80
29689	731
29690	102
29691	1299
29692	22
29693	11
29694	2682
29695	854
29696	72
29697	258
29698	769
29699	42
29700	534
29701	29
29702	13
29703	38
29704	26
29705	57
29706	136
29707	90
29708	39
29709	8
29710	131
29711	24
29712	29
29713	2
29714	541
29715	21
29716	18
29717	209
29718	55
29719	171
29720	28
29721	62
29722	552
29723	64
29724	7
29725	41
29726	88
29727	108
29728	129
29729	8
29730	9
29731	315
29732	363
29733	9
29734	1517
29735	532
29736	306
29737	45
29738	5
29739	93
29740	1748
29741	3
29742	541
29743	53
29744	1093
29745	80
29746	55
29747	94
29748	271
29749	15
29750	274
29751	56
29752	1536
29753	23
29754	41
29755	235
29756	27
29757	121
29758	635
29759	14
29760	78
29761	98
29762	31
29763	492
29764	42
29765	9
29766	115
29767	370
29768	12
29769	12
29770	24
29771	6
29772	31
29773	5
29774	16
29775	20
29776	8
29777	25
29778	566
29779	12
29780	678
29781	143
29782	67
29783	160
29784	18
29785	151
29786	136
29787	30
29788	5
29789	18
29790	21
29791	238
29792	184
29793	19
29794	1000
29795	25
29796	5
29797	76
29798	1102
29799	43
29800	86
29801	3264
29802	27
29803	41
29804	120
29805	456
29806	65
29807	112
29808	25
29809	4
29810	4
29811	48
29812	81
29813	102
29814	136
29815	98
29816	25
29817	87
29818	228
29819	47
29820	1229
29821	364
29822	10
29823	53
29824	949
29825	81
29826	1415
29827	10
29828	115
29829	11
29830	310
29831	41
29832	12
29833	234
29834	71
29835	131
29836	109
29837	2076
29838	2
29839	9
29840	470
29841	19
29842	28
29843	103
29844	33
29845	121
29846	247
29847	18
29848	2406
29849	188
29850	5
29851	254
29852	498
29853	34
29854	231
29855	54
29856	6
29857	2
29858	102
29859	45
29860	44
29861	121
29862	138
29863	2
29864	520
29865	455
29866	20
29867	766
29868	246
29869	300
29870	204
29871	3552
29872	14
29873	189
29874	732
29875	93
29876	47
29877	51
29878	252
29879	402
29880	173
29881	190
29882	8
29883	107
29884	4
29885	24
29886	169
29887	22
29888	8
29889	25
29890	27
29891	52
29892	32
29893	493
29894	1501
29895	5
29896	8
29897	34
29898	6310
29899	10
29900	273
29901	253
29902	46
29903	15
29904	82
29905	317
29906	8
29907	4
29908	233
29909	6
29910	607
29911	218
29912	302
29913	16
29914	5
29915	16
29916	44
29917	244
29918	7
29919	170
29920	65
29921	1801
29922	183
29923	184
29924	18
29925	1124
29926	8347
29927	70
29928	264
29929	97
29930	253
29931	426
29932	38
29933	38
29934	918
29935	680
29936	8
29937	124
29938	156
29939	497
29940	4
29941	8869
29942	283
29943	99
29944	565
29945	3
29946	6
29947	12
29948	16
29949	22
29950	608
29951	5
29952	544
29953	16
29954	13
29955	18
29956	431
29957	21
29958	16
29959	15
29960	221
29961	10
29962	34
29963	25
29964	113
29965	424
29966	70
29967	245
29968	54
29969	12
29970	315
29971	8
29972	9
29973	15
29974	825
29975	133
29976	16
29977	9
29978	334
29979	6
29980	387
29981	7
29982	57
29983	174
29984	13
29985	9
29986	26
29987	21999
29988	34
29989	216
29990	109
29991	20
29992	23
29993	4895
29994	17
29995	47
29996	1285
29997	7
29998	144
29999	153
30000	209
30001	8
30002	31
30003	15
30004	90
30005	79
30006	164
30007	790
30008	13
30009	15
30010	111
30011	1505
30012	18
30013	174
30014	148
30015	97
30016	1181
30017	127
30018	123
30019	64
30020	415
30021	4255
30022	146
30023	7
30024	1794
30025	14
30026	33
30027	2083
30028	248
30029	4
30030	35
30031	102
30032	23
30033	50
30034	148
30035	569
30036	1267
30037	7
30038	223
30039	12
30040	43
30041	436
30042	77
30043	246
30044	18
30045	43
30046	22
30047	123
30048	13
30049	4
30050	8
30051	20
30052	4
30053	23
30054	36
30055	35
30056	4
30057	1874
30058	125
30059	240
30060	279
30061	45
30062	660
30063	236
30064	1356
30065	11
30066	912
30067	67
30068	1
30069	245
30070	47
30071	195
30072	133
30073	692
30074	6
30075	17
30076	12
30077	18
30078	21
30079	25
30080	8
30081	27
30082	577
30083	6
30084	41
30085	42
30086	149
30087	1
30088	190
30089	224
30090	8
30091	306
30092	6
30093	3
30094	31
30095	512
30096	7
30097	16
30098	130
30099	10
30100	7
30101	11
30102	3
30103	235
30104	10
30105	48
30106	1338
30107	73
30108	111
30109	129
30110	69
30111	217
30112	125
30113	184
30114	152
30115	7
30116	9
30117	3103
30118	11
30119	133
30120	25
30121	1158
30122	1255
30123	203
30124	15
30125	19
30126	28
30127	83
30128	7
30129	105
30130	14
30131	8
30132	125
30133	528
30134	19
30135	3699
30136	21
30137	378
30138	166
30139	2
30140	35
30141	5
30142	1711
30143	18
30144	234
30145	36
30146	711
30147	67
30148	921
30149	1
30150	11
30151	366
30152	28
30153	10
30154	303
30155	152
30156	9
30157	195
30158	7
30159	97
30160	242
30161	169
30162	1700
30163	18
30164	96
30165	147
30166	5
30167	42
30168	3
30169	16636
30170	1595
30171	10
30172	16
30173	5
30174	61
30175	220
30176	61
30177	17
30178	20
30179	32
30180	14
30181	2
30182	100
30183	4579
30184	7
30185	16
30186	49
30187	201
30188	128
30189	19
30190	175
30191	803
30192	3238
30193	9
30194	286
30195	76
30196	181
30197	159
30198	27
30199	63
30200	9
30201	105
30202	38
30203	3
30204	494
30205	95
30206	23
30207	11
30208	25
30209	5
30210	36
30211	36
30212	129
30213	8
30214	688
30215	25
30216	16
30217	76
30218	139
30219	1280
30220	300
30221	13
30222	457
30223	430
30224	24
30225	18
30226	307
30227	740
30228	131
30229	263
30230	318
30231	4
30232	32
30233	32105
30234	8
30235	475
30236	11
30237	306
30238	62
30239	6
30240	153
30241	86
30242	34
30243	5
30244	29
30245	482
30246	107
30247	577
30248	5
30249	15
30250	57
30251	56
30252	5109
30253	2
30254	59
30255	19
30256	35
30257	1695
30258	50
30259	20
30260	180
30261	6
30262	11
30263	13
30264	8
30265	427
30266	117
30267	89
30268	34
30269	9
30270	46
30271	68
30272	37
30273	65
30274	844
30275	33
30276	143
30277	371
30278	611
30279	106
30280	240
30281	6
30282	7
30283	4
30284	562
30285	120
30286	72
30287	990
30288	61
30289	2
30290	4930
30291	976
30292	186
30293	13
30294	253
30295	99
30296	3
30297	61
30298	33
30299	14
30300	6
30301	7
30302	6
30303	16
30304	307
30305	7805
30306	18
30307	1148
30308	4
30309	673
30310	19
30311	34
30312	181
30313	5
30314	118
30315	263
30316	322
30317	26
30318	9
30319	394
30320	1234
30321	26
30322	21
30323	770
30324	4
30325	351
30326	412
30327	882
30328	314
30329	40
30330	24
30331	7
30332	11
30333	6
30334	295
30335	9
30336	1628
30337	330
30338	969
30339	339
30340	3967
30341	107
30342	159
30343	1
30344	20
30345	39
30346	20
30347	127
30348	130
30349	14
30350	9
30351	8
30352	1544
30353	8974
30354	50
30355	53
30356	79
30357	93
30358	44
30359	4
30360	12
30361	50
30362	41
30363	276
30364	14
30365	711
30366	156
30367	2
30368	27
30369	36
30370	56
30371	171
30372	36
30373	30
30374	24
30375	134
30376	81
30377	5
30378	12
30379	107
30380	9
30381	10
30382	2660
30383	173
30384	120
30385	2808
30386	22
30387	380
30388	650
30389	69
30390	54
30391	80392
30392	3
30393	132
30394	198
30395	16
30396	92
30397	71
30398	78
30399	57
30400	145
30401	11
30402	20
30403	80
30404	77
30405	96
30406	9458
30407	1018
30408	23
30409	34
30410	14
30411	693
30412	119
30413	4
30414	23
30415	70
30416	5
30417	5
30418	80
30419	92
30420	1469
30421	7
30422	208
30423	16
30424	65
30425	531
30426	42
30427	352
30428	482
30429	23
30430	346
30431	7
30432	7
30433	93
30434	98
30435	104
30436	5
30437	36
30438	5
30439	141
30440	2054
30441	243
30442	7259
30443	5
30444	26
30445	12
30446	46
30447	103
30448	5
30449	130
30450	21490
30451	1
30452	6
30453	9
30454	36
30455	15
30456	650
30457	13
30458	5
30459	290
30460	11
30461	1239
30462	6
30463	3804
30464	332
30465	3
30466	2
30467	60
30468	6
30469	48
30470	9
30471	949
30472	8
30473	28
30474	12
30475	15
30476	19
30477	64
30478	75
30479	61
30480	6213
30481	19
30482	1453
30483	202
30484	28
30485	33
30486	1086
30487	10
30488	27
30489	71314
30490	138
30491	37
30492	1317
30493	2
30494	2777
30495	85
30496	41
30497	62
30498	39
30499	56
30500	422
30501	44
30502	109
30503	40
30504	53
30505	793
30506	572
30507	96
30508	15
30509	94
30510	78
30511	949
30512	233
30513	14
30514	75
30515	79
30516	116
30517	259
30518	220
30519	14
30520	132
30521	7
30522	80
30523	14
30524	87
30525	241
30526	9
30527	13
30528	13
30529	1097
30530	11
30531	79
30532	589
30533	73
30534	271
30535	263
30536	297
30537	2
30538	15
30539	31
30540	42
30541	18
30542	146
30543	116
30544	50
30545	88
30546	77
30547	36
30548	273
30549	350
30550	4
30551	450
30552	108
30553	548
30554	59
30555	34
30556	30
30557	282
30558	863
30559	536
30560	31
30561	5439
30562	48
30563	750
30564	12
30565	46
30566	60
30567	355
30568	62
30569	205
30570	593
30571	1033
30572	51
30573	267
30574	729
30575	41
30576	39
30577	111
30578	71
30579	50
30580	26
30581	144
30582	4
30583	474
30584	1243
30585	146
30586	61
30587	12
30588	621
30589	577
30590	33
30591	3505
30592	619
30593	323
30594	15
30595	67
30596	69
30597	2990
30598	35
30599	1860
30600	17
30601	22
30602	7
30603	8
30604	944
30605	31
30606	44
30607	304
30608	6
30609	14
30610	474
30611	155
30612	31
30613	7
30614	120
30615	15
30616	11
30617	546
30618	681
30619	67
30620	1301
30621	83
30622	137
30623	934
30624	25
30625	14
30626	12
30627	284
30628	7
30629	24
30630	966
30631	5
30632	22
30633	2188
30634	9
30635	2704
30636	22
30637	7
30638	1933
30639	9403
30640	51
30641	58
30642	5
30643	263
30644	8
30645	421
30646	30
30647	78
30648	146
30649	57
30650	11
30651	163
30652	11
30653	23
30654	3
30655	12
30656	59
30657	243
30658	681
30659	983
30660	4
30661	1395
30662	539
30663	42
30664	856
30665	42
30666	40
30667	7
30668	2844
30669	466
30670	3
30671	39
30672	146
30673	71
30674	48
30675	984
30676	129
30677	118
30678	791
30679	9
30680	289
30681	48
30682	280
30683	618
30684	7
30685	20
30686	47
30687	5
30688	38
30689	7
30690	77
30691	7
30692	14
30693	60
30694	25
30695	1627
30696	8880
30697	29
30698	35
30699	86
30700	1078
30701	78
30702	397
30703	216
30704	147
30705	84
30706	96
30707	1499
30708	16
30709	830
30710	120
30711	2
30712	22
30713	16
30714	19
30715	8
30716	44
30717	212
30718	1531
30719	255
30720	14120
30721	894
30722	22
30723	115
30724	6
30725	40
30726	607
30727	2740
30728	19
30729	150
30730	138
30731	2422
30732	33
30733	10
30734	21
30735	52
30736	111
30737	112
30738	31
30739	6
30740	71
30741	17
30742	289
30743	16
30744	629
30745	699
30746	445
30747	19
30748	33
30749	62
30750	108
30751	626
30752	466
30753	1206
30754	332
30755	195
30756	3309
30757	5
30758	11
30759	1429
30760	6
30761	14
30762	15
30763	346
30764	1422
30765	201
30766	29
30767	40
30768	10
30769	19
30770	11
30771	246
30772	33
30773	59
30774	2074
30775	8
30776	20707
30777	1273
30778	385
30779	89
30780	17
30781	28
30782	34
30783	30
30784	1301
30785	12
30786	9
30787	329
30788	84
30789	50
30790	42
30791	15
30792	14
30793	8
30794	32
30795	3565
30796	315
30797	14
30798	21
30799	150
30800	5
30801	191
30802	11
30803	11
30804	9
30805	84
30806	729
30807	25
30808	467
30809	66
30810	9
30811	111
30812	174
30813	19
30814	519
30815	4
30816	172
30817	469
30818	15
30819	39
30820	567
30821	63
30822	82
30823	114
30824	389
30825	202
30826	12
30827	13571
30828	23
30829	31
30830	682
30831	387
30832	9
30833	22
30834	120
30835	9
30836	84
30837	6
30838	4
30839	2014
30840	145
30841	125
30842	189
30843	42
30844	24
30845	193
30846	11
30847	4
30848	125
30849	4529
30850	5116
30851	28
30852	38
30853	23
30854	22
30855	2077
30856	28
30857	91
30858	22
30859	51
30860	98
30861	12
30862	6
30863	91
30864	5
30865	32
30866	39
30867	30
30868	17
30869	18
30870	23
30871	69
30872	254
30873	166
30874	53
30875	125
30876	23
30877	261
30878	546
30879	41
30880	65
30881	828
30882	132
30883	82
30884	1349
30885	357
30886	46
30887	28
30888	6
30889	62
30890	36
30891	5
30892	17
30893	18
30894	10
30895	5
30896	12
30897	4
30898	516
30899	95
30900	11
30901	644
30902	76
30903	115
30904	104
30905	83
30906	73
30907	25
30908	667
30909	974
30910	591
30911	65
30912	40
30913	154
30914	38
30915	10
30916	43
30917	4
30918	1476
30919	446
30920	7
30921	537
30922	14
30923	272
30924	62
30925	155
30926	27
30927	26
30928	470
30929	7
30930	6
30931	34
30932	8
30933	103
30934	138
30935	20
30936	240
30937	5
30938	24
30939	4
30940	13
30941	153
30942	21
30943	4
30944	33
30945	77
30946	384
30947	44
30948	12
30949	7273
30950	428
30951	10
30952	20
30953	2326
30954	164
30955	433
30956	83
30957	123
30958	1613
30959	28
30960	2166
30961	22
30962	3079
30963	17
30964	58
30965	172
30966	212
30967	2950
30968	128
30969	7
30970	18
30971	22
30972	40
30973	69
30974	285
30975	1091
30976	31
30977	103
30978	279
30979	4
30980	4
30981	24
30982	94
30983	30
30984	140
30985	610
30986	3
30987	43
30988	35
30989	428
30990	104
30991	70
30992	178
30993	3
30994	3427
30995	1720
30996	362
30997	15
30998	6
30999	518
31000	58
31001	130
31002	167
31003	188
31004	115
31005	71
31006	62
31007	119
31008	35
31009	9
31010	11
31011	9
31012	23
31013	3
31014	7
31015	1963
31016	60
31017	32
31018	233
31019	16
31020	1036
31021	11
31022	1062
31023	14
31024	6
31025	11
31026	10
31027	205
31028	42
31029	75
31030	74
31031	21
31032	37
31033	58
31034	22
31035	234
31036	678
31037	5
31038	80
31039	116
31040	16626
31041	1598
31042	1006
31043	279
31044	102
31045	40
31046	39
31047	5
31048	46
31049	101
31050	4
31051	68
31052	18
31053	8
31054	11
31055	175
31056	37
31057	2
31058	23
31059	189
31060	781
31061	23
31062	16
31063	7
31064	26
31065	16
31066	10774
31067	153
31068	11
31069	4
31070	69
31071	10
31072	7
31073	1142
31074	395
31075	1453
31076	652
31077	26
31078	155
31079	49
31080	3
31081	535
31082	10
31083	43
31084	4
31085	142
31086	607
31087	1066
31088	5
31089	68
31090	40
31091	30
31092	124
31093	224
31094	31
31095	107
31096	470
31097	11
31098	6
31099	140
31100	2733
31101	75
31102	4095
31103	733
31104	6
31105	39
31106	13
31107	8
31108	9
31109	10
31110	22
31111	14
31112	181
31113	382
31114	272
31115	10
31116	363
31117	71
31118	9
31119	45
31120	103
31121	44
31122	45
31123	53
31124	263
31125	68
31126	712
31127	2234
31128	13
31129	65
31130	2264
31131	4
31132	6
31133	3
31134	944
31135	23
31136	412
31137	7
31138	7
31139	328
31140	228
31141	349
31142	67
31143	24
31144	30
31145	88
31146	11
31147	73
31148	330
31149	15
31150	387
31151	77
31152	51
31153	23
31154	1127
31155	15
31156	111
31157	18
31158	90
31159	240
31160	189
31161	30
31162	179
31163	139
31164	290
31165	36
31166	41
31167	50
31168	7
31169	6
31170	5
31171	4
31172	13
31173	461
31174	92
31175	5
31176	9
31177	97
31178	16
31179	45
31180	51
31181	933
31182	61
31183	398
31184	82
31185	49
31186	10
31187	84
31188	504
31189	17
31190	187
31191	3
31192	3
31193	83
31194	200
31195	65
31196	1044
31197	10
31198	10
31199	44
31200	21
31201	15
31202	6
31203	8
31204	18
31205	193
31206	20
31207	16
31208	159
31209	7
31210	518
31211	7
31212	11
31213	128
31214	76
31215	8941
31216	162
31217	303
31218	284
31219	15
31220	44
31221	65
31222	494
31223	7
31224	190
31225	1448
31226	6
31227	5
31228	785
31229	73
31230	6
31231	4356
31232	51
31233	245
31234	8
31235	283
31236	644
31237	23
31238	1544
31239	93
31240	5
31241	15
31242	2380
31243	14
31244	134
31245	4
31246	3
31247	193
31248	1177
31249	64
31250	25
31251	49
31252	154
31253	168
31254	1
31255	32
31256	171
31257	1640
31258	770
31259	72
31260	11
31261	65
31262	157
31263	2145
31264	592
31265	143
31266	72
31267	258
31268	3773
31269	246
31270	29
31271	149
31272	28
31273	546
31274	16
31275	1515
31276	18
31277	560
31278	194
31279	301
31280	89
31281	96
31282	844
31283	134
31284	16
31285	248
31286	21
31287	1076
31288	3916
31289	97
31290	16
31291	42
31292	1671
31293	168
31294	30
31295	136
31296	246
31297	48
31298	12
31299	1606
31300	6
31301	4
31302	196
31303	43
31304	47
31305	487
31306	40
31307	562
31308	12
31309	15
31310	18
31311	101
31312	46
31313	7
31314	41
31315	912
31316	25
31317	494
31318	17
31319	38
31320	12
31321	20
31322	10
31323	63
31324	8
31325	17
31326	288
31327	40
31328	594
31329	148
31330	51
31331	10
31332	12
31333	1
31334	1806
31335	133
31336	45
31337	354
31338	6470
31339	9
31340	75
31341	30
31342	4123
31343	26777
31344	9
31345	61
31346	12
31347	64
31348	5
31349	23
31350	470
31351	16
31352	109
31353	11
31354	477
31355	1190
31356	18
31357	30
31358	26
31359	33
31360	35
31361	4
31362	20
31363	228
31364	6
31365	185
31366	73
31367	5
31368	6
31369	9
31370	13
31371	6527
31372	2230
31373	969
31374	1138
31375	13
31376	58
31377	181
31378	1589
31379	6
31380	277
31381	90
31382	453
31383	26
31384	419
31385	9
31386	169
31387	1037
31388	556
31389	20
31390	8
31391	1263
31392	512
31393	7
31394	1425
31395	985
31396	83
31397	48
31398	30
31399	129
31400	29
31401	26
31402	24
31403	58
31404	3313
31405	52
31406	276
31407	6
31408	18
31409	17
31410	244
31411	78
31412	142
31413	7
31414	128
31415	8
31416	249
31417	72
31418	60
31419	9
31420	171
31421	13
31422	2337
31423	1019
31424	26
31425	322
31426	407
31427	28
31428	5
31429	201
31430	4
31431	24
31432	42
31433	8073
31434	43
31435	85
31436	11
31437	239
31438	27
31439	698
31440	51
31441	118
31442	26
31443	75
31444	1442
31445	666
31446	142
31447	52
31448	17
31449	134
31450	208
31451	14
31452	17
31453	136
31454	289
31455	60
31456	8
31457	17
31458	89
31459	608
31460	22
31461	1498
31462	18
31463	32
31464	43
31465	1
31466	9
31467	1404
31468	14
31469	1042
31470	3
31471	2765
31472	16
31473	13
31474	607
31475	3
31476	6
31477	2879
31478	932
31479	45
31480	42
31481	510
31482	35
31483	25
31484	12
31485	29
31486	2148
31487	3049
31488	11
31489	3
31490	60
31491	9
31492	121
31493	93
31494	7
31495	816
31496	17
31497	77
31498	43
31499	134
31500	99
31501	131
31502	359
31503	7
31504	3379
31505	186
31506	50255
31507	10
31508	29
31509	245
31510	296
31511	160
31512	3
31513	1530
31514	38
31515	37
31516	16
31517	289
31518	36
31519	189
31520	7
31521	27
31522	4
31523	738
31524	52
31525	250
31526	453
31527	22
31528	1929
31529	167
31530	4
31531	160
31532	30
31533	1371
31534	16
31535	166
31536	70
31537	17
31538	9
31539	925
31540	7
31541	146
31542	110
31543	24
31544	2
31545	30
31546	56
31547	52
31548	6
31549	52
31550	20
31551	249
31552	41
31553	24130
31554	11
31555	2838
31556	16
31557	4111
31558	181
31559	86
31560	12
31561	16
31562	7024
31563	598
31564	4149
31565	27
31566	16
31567	264
31568	13
31569	100
31570	21
31571	254
31572	313
31573	1847
31574	19
31575	461
31576	19
31577	2674
31578	128
31579	29
31580	12
31581	13
31582	34
31583	10
31584	56
31585	206
31586	20
31587	27
31588	5
31589	1345
31590	5
31591	24
31592	12
31593	8
31594	33
31595	16
31596	1381
31597	39
31598	7
31599	102
31600	6
31601	147
31602	90
31603	17
31604	94
31605	1358
31606	19
31607	28
31608	1035
31609	106
31610	1314
31611	415
31612	2819
31613	213
31614	191
31615	151
31616	199
31617	95
31618	4521
31619	115
31620	7
31621	21
31622	79
31623	900
31624	21
31625	24
31626	29
31627	10
31628	22
31629	65
31630	251
31631	32
31632	197
31633	18
31634	2060
31635	5444
31636	197
31637	28
31638	54
31639	104
31640	5636
31641	110
31642	268
31643	74
31644	137
31645	103
31646	3
31647	419
31648	119
31649	42
31650	32
31651	9709
31652	19
31653	692
31654	1124
31655	46
31656	13
31657	658
31658	6
31659	51
31660	1001
31661	127
31662	1121
31663	6122
31664	29
31665	5
31666	6
31667	188
31668	14
31669	41
31670	561
31671	27
31672	187
31673	16
31674	106
31675	13
31676	570
31677	22
31678	2629
31679	123
31680	49
31681	609
31682	92
31683	19345
31684	14
31685	30
31686	54
31687	14
31688	76
31689	146
31690	6
31691	255
31692	357
31693	570
31694	349
31695	23
31696	138
31697	59
31698	94
31699	3
31700	96
31701	1823
31702	189
31703	7
31704	13
31705	11
31706	381
31707	232
31708	13
31709	142
31710	41
31711	9
31712	269
31713	255
31714	1411
31715	66
31716	136
31717	69524
31718	14
31719	18
31720	9842
31721	152
31722	16
31723	38
31724	528
31725	1586
31726	192
31727	4063
31728	97
31729	31
31730	1796
31731	89
31732	134
31733	28
31734	121
31735	21
31736	162
31737	3269
31738	13
31739	106
31740	11
31741	267
31742	14
31743	12
31744	203
31745	43
31746	19
31747	305
31748	335
31749	41
31750	6
31751	48
31752	8
31753	2
31754	144
31755	116
31756	3
31757	2
31758	85
31759	7452
31760	22
31761	13
31762	152
31763	57
31764	1091
31765	12
31766	8483
31767	100
31768	18
31769	350
31770	473
31771	93
31772	912
31773	73
31774	52
31775	8
31776	18
31777	95
31778	1896
31779	79
31780	3
31781	14
31782	101
31783	12
31784	27
31785	133
31786	5
31787	17
31788	46
31789	1352
31790	76
31791	3
31792	428
31793	314
31794	43
31795	34
31796	18
31797	20
31798	33
31799	23
31800	86
31801	3094
31802	483
31803	160
31804	23
31805	6961
31806	12
31807	44
31808	3053
31809	15
31810	17
31811	2
31812	58
31813	17
31814	14
31815	55
31816	5
31817	122
31818	307
31819	31
31820	40
31821	481
31822	26
31823	269
31824	533
31825	80
31826	142
31827	34
31828	33
31829	408
31830	26
31831	10
31832	23
31833	44
31834	71
31835	16
31836	182
31837	199
31838	82
31839	23
31840	239
31841	8
31842	30
31843	26
31844	73
31845	52
31846	971
31847	1763
31848	2420
31849	8
31850	196
31851	32
31852	10
31853	1177
31854	19
31855	40
31856	7
31857	56
31858	46
31859	22
31860	406
31861	12
31862	22
31863	7
31864	36
31865	1151
31866	114
31867	22
31868	54
31869	7595
31870	20
31871	536
31872	752
31873	17
31874	22
31875	8
31876	63
31877	10
31878	209
31879	70
31880	233
31881	64
31882	73
31883	3085
31884	28
31885	18
31886	1838
31887	44
31888	751
31889	241
31890	184
31891	18
31892	30
31893	2151
31894	81
31895	31
31896	6
31897	133
31898	4
31899	33
31900	235
31901	3
31902	5
31903	26
31904	23
31905	6
31906	6
31907	122
31908	42
31909	74
31910	9
31911	49
31912	1805
31913	5
31914	15
31915	13833
31916	22
31917	28
31918	64
31919	19
31920	5
31921	221
31922	37
31923	32
31924	9
31925	20
31926	108
31927	5866
31928	34
31929	7
31930	141
31931	90
31932	539
31933	602
31934	17
31935	18
31936	20
31937	16
31938	11
31939	8
31940	92
31941	8
31942	270
31943	6
31944	51
31945	790
31946	10
31947	37
31948	165
31949	37
31950	81
31951	349
31952	266
31953	208
31954	658
31955	1726
31956	207
31957	12
31958	1702
31959	22
31960	2809
31961	1120
31962	8
31963	216
31964	7518
31965	6
31966	361
31967	39
31968	5
31969	97
31970	1241
31971	3
31972	127
31973	633
31974	139
31975	156
31976	35
31977	86
31978	40
31979	71
31980	12
31981	8621
31982	53
31983	10
31984	7
31985	2312
31986	53
31987	349
31988	176
31989	74
31990	524
31991	312
31992	1208
31993	30
31994	8
31995	564
31996	11
31997	1027
31998	34
31999	14
32000	555
32001	172
32002	70
32003	109
32004	188
32005	179
32006	25
32007	55
32008	48
32009	12
32010	5
32011	17
32012	25
32013	248
32014	18
32015	97
32016	930
32017	472
32018	2785
32019	564
32020	1125
32021	1
32022	45
32023	27
32024	132
32025	6
32026	12
32027	14
32028	64
32029	1228
32030	4484
32031	138
32032	96
32033	1287
32034	7
32035	1809
32036	42
32037	17
32038	11
32039	23
32040	7
32041	307
32042	32
32043	822
32044	208
32045	42
32046	6
32047	2447
32048	8
32049	5
32050	7
32051	652
32052	4346
32053	205
32054	6
32055	21
32056	93
32057	30
32058	32
32059	680
32060	36
32061	7
32062	31
32063	21
32064	50
32065	16
32066	2
32067	5
32068	166
32069	396
32070	23
32071	171
32072	238
32073	6
32074	5
32075	37
32076	26
32077	7
32078	359
32079	2424
32080	181
32081	226
32082	18
32083	52
32084	22
32085	1380
32086	268
32087	6
32088	19
32089	8
32090	63
32091	16
32092	6
32093	244
32094	29
32095	61
32096	2522
32097	3
32098	18
32099	1887
32100	219
32101	48
32102	264
32103	60
32104	145
32105	66
32106	397
32107	18
32108	372
32109	856
32110	351
32111	10
32112	322
32113	4
32114	12
32115	1307
32116	128
32117	3
32118	6
32119	15
32120	31
32121	47
32122	23
32123	41
32124	370
32125	14
32126	1
32127	37
32128	33
32129	9
32130	656
32131	128
32132	6
32133	1257
32134	3313
32135	15
32136	8
32137	46
32138	230
32139	4712
32140	255
32141	2690
32142	4
32143	19
32144	4
32145	20
32146	7
32147	5
32148	5
32149	65
32150	30
32151	871
32152	122
32153	494
32154	22
32155	153
32156	4735
32157	5
32158	29
32159	65
32160	369
32161	39
32162	7
32163	1443
32164	4
32165	53
32166	6
32167	299
32168	16
32169	20
32170	576
32171	115
32172	99
32173	24
32174	28
32175	886
32176	2
32177	10421
32178	97
32179	16
32180	6
32181	111
32182	4
32183	7
32184	687
32185	15
32186	6
32187	13
32188	4
32189	172
32190	237
32191	43
32192	417
32193	4
32194	123
32195	40
32196	8
32197	1716
32198	41
32199	9
32200	529
32201	1666
32202	95
32203	132
32204	697
32205	488
32206	13
32207	9
32208	15
32209	21
32210	28
32211	4700
32212	55
32213	7
32214	50
32215	14
32216	19
32217	4
32218	161
32219	27
32220	109
32221	92
32222	107
32223	7
32224	552
32225	298
32226	295
32227	1753
32228	3
32229	143
32230	2370
32231	96
32232	36
32233	39
32234	8
32235	564
32236	22
32237	406
32238	436
32239	1242
32240	466
32241	56
32242	53
32243	17
32244	140
32245	46
32246	74
32247	14
32248	15
32249	425
32250	16
32251	169
32252	8
32253	166
32254	418
32255	369
32256	506
32257	22
32258	4
32259	466
32260	12
32261	127
32262	29
32263	972
32264	37
32265	1094
32266	5
32267	945
32268	21
32269	17
32270	58
32271	2000
32272	389
32273	18
32274	29
32275	152
32276	246
32277	857
32278	7
32279	42
32280	21
32281	488
32282	58
32283	47
32284	187
32285	1167
32286	41
32287	20
32288	374
32289	199
32290	103
32291	36
32292	5
32293	4311
32294	46
32295	42
32296	9
32297	112
32298	5
32299	5046
32300	285
32301	76
32302	15
32303	9182
32304	486
32305	4
32306	48
32307	66
32308	18
32309	69
32310	66
32311	44
32312	88
32313	84
32314	9
32315	473
32316	394
32317	8
32318	26
32319	47
32320	440
32321	12
32322	12
32323	7
32324	31
32325	194
32326	50
32327	159
32328	5
32329	364
32330	486
32331	3976
32332	6
32333	220
32334	71
32335	107
32336	71
32337	24
32338	3514
32339	23
32340	23
32341	36
32342	4
32343	54
32344	18
32345	41
32346	141
32347	2604
32348	42
32349	16
32350	24
32351	2
32352	294
32353	226
32354	18
32355	189
32356	15
32357	69
32358	21
32359	32
32360	4890
32361	15
32362	7
32363	13
32364	38
32365	154
32366	57
32367	11
32368	88
32369	3025
32370	8
32371	12
32372	11
32373	194
32374	303
32375	13
32376	69
32377	3
32378	13
32379	15
32380	270
32381	13
32382	38
32383	10
32384	11
32385	71
32386	20
32387	1004
32388	39
32389	10
32390	485
32391	100
32392	26
32393	29
32394	284
32395	204
32396	378
32397	98
32398	547
32399	102
32400	100
32401	29
32402	2056
32403	9130
32404	314
32405	75
32406	72
32407	309
32408	5
32409	5
32410	28
32411	10
32412	1902
32413	232
32414	55
32415	48
32416	15
32417	26
32418	23
32419	179
32420	611
32421	5
32422	269
32423	669
32424	131
32425	6
32426	147
32427	32
32428	1416
32429	8259
32430	46
32431	41
32432	28
32433	11253
32434	24
32435	152
32436	208
32437	118
32438	250
32439	294
32440	190
32441	380
32442	1058
32443	67
32444	5
32445	26
32446	3931
32447	16
32448	347
32449	185
32450	7
32451	70
32452	28
32453	219
32454	58
32455	7321
32456	27
32457	11
32458	15
32459	37
32460	314
32461	17
32462	9
32463	2009
32464	1
32465	8361
32466	280
32467	3658
32468	14
32469	30
32470	74
32471	80
32472	429
32473	15
32474	29
32475	12
32476	234
32477	142
32478	17320
32479	15
32480	281
32481	5
32482	3
32483	45
32484	8
32485	23
32486	3011
32487	24
32488	15
32489	75
32490	121
32491	6
32492	820
32493	19
32494	38
32495	17
32496	3
32497	505
32498	188
32499	100
32500	203
32501	15
32502	464
32503	14
32504	7
32505	582
32506	55
32507	60
32508	164
32509	13
32510	5
32511	452
32512	56
32513	106
32514	7
32515	1094
32516	40
32517	50
32518	48
32519	1004
32520	293
32521	90
32522	5
32523	875
32524	199
32525	241
32526	47
32527	14
32528	38
32529	24
32530	3
32531	8
32532	31
32533	51
32534	396
32535	111
32536	9
32537	5362
32538	1926
32539	307
32540	38
32541	24
32542	80
32543	23
32544	227
32545	380
32546	23
32547	23
32548	711
32549	186
32550	381
32551	25
32552	5
32553	3956
32554	5
32555	17
32556	94
32557	1304
32558	8
32559	6
32560	150
32561	10
32562	573
32563	281
32564	33
32565	32
32566	7751
32567	2
32568	88
32569	626
32570	1214
32571	18
32572	283
32573	3319
32574	16
32575	82
32576	65
32577	77
32578	5518
32579	3466
32580	413
32581	8
32582	12
32583	27
32584	33
32585	1989
32586	19
32587	38
32588	610
32589	47
32590	6
32591	86
32592	63
32593	41
32594	4
32595	13
32596	36
32597	364
32598	43
32599	150
32600	28
32601	63
32602	117
32603	114
32604	15
32605	3134
32606	29
32607	309
32608	51
32609	17
32610	198
32611	1586
32612	14
32613	68
32614	59
32615	48
32616	203
32617	13
32618	53
32619	347
32620	5
32621	183
32622	472
32623	30
32624	2520
32625	74
32626	101
32627	62
32628	112
32629	21
32630	17
32631	4
32632	98
32633	13
32634	19
32635	515
32636	328
32637	408
32638	1641
32639	346
32640	171
32641	342
32642	2024
32643	40
32644	272
32645	1040
32646	9
32647	1614
32648	2425
32649	4
32650	5878
32651	232
32652	2396
32653	330
32654	19
32655	25523
32656	143
32657	215
32658	304
32659	12
32660	25
32661	6
32662	18
32663	43
32664	146
32665	4964
32666	1103
32667	174
32668	33
32669	40
32670	13
32671	35
32672	20
32673	9
32674	23
32675	28
32676	245
32677	555
32678	5
32679	558
32680	38
32681	66
32682	89
32683	69
32684	2244
32685	609
32686	54
32687	18
32688	77
32689	25974
32690	91
32691	12117
32692	6
32693	9
32694	25
32695	41
32696	11
32697	16
32698	6
32699	72
32700	3158
32701	763
32702	42
32703	206
32704	19
32705	90
32706	147
32707	1199
32708	10
32709	3
32710	1085
32711	131
32712	753
32713	10
32714	380
32715	20
32716	69
32717	4693
32718	185
32719	3
32720	5
32721	2
32722	32
32723	186
32724	134
32725	18
32726	173
32727	1350
32728	6
32729	59
32730	352
32731	23
32732	1039
32733	22
32734	15813
32735	12
32736	50
32737	7
32738	152
32739	313
32740	5701
32741	140
32742	253
32743	567
32744	300
32745	200
32746	54
32747	8731
32748	276
32749	29
32750	3
32751	134
32752	244
32753	583
32754	16
32755	442
32756	68
32757	2062
32758	7
32759	6
32760	434
32761	8
32762	601
32763	4
32764	2
32765	3
32766	72
32767	24
32768	502
32769	7
32770	14
32771	485
32772	110
32773	587
32774	5
32775	263
32776	232
32777	63
32778	11
32779	90
32780	128
32781	1663
32782	1030
32783	11
32784	2300
32785	55
32786	437
32787	20
32788	88
32789	20
32790	65
32791	21
32792	1370
32793	95
32794	48
32795	2
32796	45
32797	6
32798	38
32799	384
32800	5
32801	13
32802	4
32803	40
32804	219
32805	17
32806	33
32807	152
32808	5
32809	40
32810	396
32811	14
32812	112
32813	339
32814	8
32815	11
32816	128
32817	4
32818	530
32819	343
32820	419
32821	10
32822	111
32823	101
32824	30
32825	77
32826	279
32827	275
32828	2886
32829	256
32830	10
32831	1807
32832	242
32833	744
32834	16
32835	189
32836	56
32837	255
32838	109
32839	3385
32840	18
32841	66
32842	1631
32843	1269
32844	33
32845	9
32846	350
32847	5
32848	29
32849	6
32850	3036
32851	1800
32852	287
32853	31
32854	1420
32855	140
32856	19
32857	2213
32858	117
32859	526
32860	10
32861	223
32862	105
32863	60
32864	19639
32865	10
32866	12
32867	21
32868	82
32869	1050
32870	130
32871	24
32872	9
32873	241
32874	180
32875	104
32876	101
32877	945
32878	56
32879	24
32880	105
32881	11
32882	6
32883	84
32884	30
32885	98
32886	189
32887	96
32888	582
32889	15
32890	59
32891	4
32892	50
32893	15
32894	3
32895	82
32896	18
32897	8
32898	85
32899	5
32900	91
32901	56
32902	305
32903	76
32904	296
32905	203
32906	672
32907	11
32908	10
32909	153
32910	7
32911	778
32912	520
32913	66
32914	6
32915	1535
32916	106
32917	148
32918	14
32919	151
32920	28
32921	300
32922	6
32923	1719
32924	70
32925	34
32926	49
32927	1056
32928	6
32929	11
32930	20
32931	919
32932	56
32933	206
32934	60
32935	2079
32936	9
32937	48
32938	162
32939	1809
32940	229
32941	8
32942	567
32943	601
32944	17
32945	8
32946	367
32947	76
32948	24
32949	68
32950	1979
32951	884
32952	272
32953	237
32954	42
32955	1278
32956	8
32957	9
32958	189
32959	1772
32960	8
32961	164
32962	49
32963	90
32964	323
32965	35
32966	88
32967	10
32968	65
32969	5
32970	7
32971	1317
32972	108
32973	63
32974	92
32975	58
32976	163
32977	31
32978	491
32979	196
32980	432
32981	3340
32982	613
32983	50
32984	30
32985	167
32986	54
32987	136
32988	183
32989	1959
32990	21
32991	42
32992	3
32993	47
32994	48
32995	27
32996	31
32997	12
32998	43
32999	96
33000	33908
33001	15
33002	255
33003	147
33004	60
33005	50
33006	17
33007	927
33008	28
33009	183
33010	201
33011	9
33012	46
33013	50
33014	2
33015	853
33016	542
33017	101
33018	350
33019	11
33020	95
33021	927
33022	97
33023	181
33024	50
33025	308
33026	1306
33027	305
33028	153
33029	507
33030	4
33031	635
33032	14
33033	37
33034	4
33035	10
33036	22
33037	4199
33038	12
33039	13
33040	25
33041	1902
33042	26
33043	8150
33044	316
33045	368
33046	27
33047	10
33048	11
33049	22
33050	612
33051	3
33052	32
33053	178
33054	11
33055	9929
33056	932
33057	18
33058	125
33059	324
33060	189
33061	14
33062	18
33063	31
33064	21
33065	6115
33066	7
33067	48
33068	86
33069	5
33070	16
33071	587
33072	179
33073	246
33074	79
33075	176
33076	15
33077	6
33078	22
33079	99
33080	587
33081	3517
33082	55
33083	83
33084	95
33085	18
33086	105
33087	462
33088	80
33089	1277
33090	2312
33091	230
33092	20
33093	51
33094	5
33095	2286
33096	11
33097	1
33098	1441
33099	19
33100	1240
33101	37
33102	228
33103	49
33104	695
33105	27
33106	942
33107	50
33108	71
33109	540
33110	9
33111	10
33112	86
33113	572
33114	83
33115	26
33116	275
33117	361
33118	62
33119	225
33120	19400
33121	9
33122	1795
33123	259
33124	704
33125	1679
33126	24
33127	298
33128	18
33129	12196
33130	18
33131	55
33132	203
33133	16
33134	84
33135	1575
33136	411
33137	6
33138	264
33139	62
33140	56
33141	16
33142	14
33143	119
33144	219
33145	32
33146	8
33147	3879
33148	129
33149	6
33150	4
33151	423
33152	160
33153	1204
33154	8
33155	6
33156	685
33157	11
33158	252
33159	24
33160	100
33161	103
33162	78
33163	21
33164	34
33165	5
33166	41
33167	24
33168	1224
33169	5
33170	9
33171	8
33172	97
33173	9
33174	77
33175	40
33176	644
33177	19
33178	956
33179	5
33180	64
33181	21
33182	37
33183	5
33184	2420
33185	130
33186	12
33187	10
33188	6
33189	243
33190	35
33191	5
33192	54
33193	74
33194	128
33195	2222
33196	51
33197	5
33198	42934
33199	271
33200	483
33201	3
33202	25
33203	7
33204	136
33205	115
33206	1847
33207	25
33208	27
33209	236
33210	247
33211	55
33212	101
33213	4
33214	1333
33215	299
33216	976
33217	109
33218	15
33219	633
33220	104
33221	6
33222	569
33223	104
33224	121
33225	394
33226	9
33227	9
33228	232
33229	29
33230	339
33231	859
33232	3922
33233	14
33234	767
33235	8
33236	287
33237	348
33238	177
33239	29
33240	316
33241	118
33242	10
33243	141
33244	44
33245	1278
33246	15
33247	63
33248	284
33249	1199
33250	37
33251	352
33252	173
33253	13
33254	27
33255	26
33256	73
33257	1143
33258	190
33259	86
33260	14
33261	133
33262	19
33263	2
33264	77
33265	11
33266	2
33267	22
33268	102
33269	34
33270	129
33271	14
33272	90
33273	339
33274	309
33275	3
33276	198
33277	26
33278	11
33279	5116
33280	152
33281	43
33282	29
33283	9
33284	176
33285	35
33286	86
33287	52
33288	221
33289	3
33290	6471
33291	100
33292	4
33293	6
33294	3314
33295	262
33296	9
33297	14
33298	90
33299	9
33300	27
33301	725
33302	12
33303	4236
33304	22
33305	171
33306	5
33307	23
33308	61
33309	106
33310	23
33311	37
33312	147
33313	324
33314	535
33315	345
33316	2853
33317	71
33318	414
33319	62
33320	1019
33321	18
33322	154
33323	74
33324	90
33325	316
33326	499
33327	43
33328	77
33329	9
33330	163
33331	515
33332	7
33333	134
33334	52
33335	123
33336	85
33337	328
33338	32
33339	83
33340	33
33341	6
33342	1574
33343	503
33344	100
33345	23
33346	32
33347	3
33348	12
33349	14
33350	38
33351	4809
33352	6942
33353	138
33354	297
33355	27
33356	130
33357	1721
33358	236
33359	25
33360	149
33361	107
33362	274
33363	48
33364	1180
33365	9
33366	21
33367	127
33368	1283
33369	6
33370	2157
33371	15
33372	173
33373	1361
33374	11
33375	6
33376	101
33377	2
33378	286
33379	452
33380	328
33381	701
33382	124
33383	11
33384	103
33385	446
33386	225
33387	393
33388	882
33389	62
33390	5
33391	164
33392	264
33393	7
33394	901
33395	348
33396	11
33397	81
33398	555
33399	505
33400	21
33401	13450
33402	313
33403	9
33404	18
33405	10
33406	2
33407	3539
33408	17
33409	20
33410	24
33411	70
33412	91
33413	55
33414	14
33415	112
33416	14
33417	12
33418	25
33419	33
33420	50
33421	1
33422	15
33423	9
33424	171
33425	103
33426	8
33427	21
33428	71
33429	37
33430	15
33431	37
33432	34
33433	261
33434	266
33435	4
33436	13
33437	27
33438	3632
33439	1496
33440	1
33441	43
33442	10
33443	1986
33444	16
33445	61
33446	30
33447	2
33448	13
33449	30
33450	11
33451	39
33452	5219
33453	13
33454	1579
33455	6
33456	4
33457	431
33458	245
33459	5
33460	378
33461	20
33462	2031
33463	550
33464	375
33465	1291
33466	342
33467	205
33468	1884
33469	30
33470	16
33471	446
33472	180
33473	76
33474	113
33475	43
33476	206
33477	21
33478	119
33479	147
33480	473
33481	44
33482	6
33483	76
33484	35
33485	9
33486	82
33487	19
33488	121
33489	1316
33490	89
33491	26
33492	102
33493	4197
33494	209
33495	278
33496	33
33497	339
33498	15
33499	100
33500	46
33501	25
33502	121
33503	1196
33504	379
33505	51
33506	42
33507	32
33508	1841
33509	818
33510	20
33511	648
33512	34
33513	311
33514	18
33515	447
33516	79
33517	33
33518	50
33519	172
33520	129
33521	395
33522	21
33523	132
33524	11
33525	212
33526	19
33527	4028
33528	18
33529	440
33530	43
33531	15
33532	8
33533	6
33534	13
33535	163
33536	8
33537	143
33538	19
33539	22
33540	1845
33541	172
33542	5
33543	1236
33544	91
33545	20
33546	5
33547	37
33548	7783
33549	204
33550	89
33551	10
33552	438
33553	46
33554	218
33555	12
33556	37
33557	362
33558	100
33559	353
33560	1204
33561	42
33562	16
33563	32
33564	122
33565	355
33566	17
33567	141
33568	1416
33569	949
33570	5
33571	202
33572	7114
33573	41
33574	118
33575	2471
33576	20
33577	7
33578	22
33579	239
33580	156
33581	5
33582	7
33583	37
33584	35
33585	5
33586	40
33587	404
33588	73
33589	1886
33590	1235
33591	15
33592	386
33593	325
33594	11
33595	48
33596	203
33597	117
33598	38
33599	112
33600	13
33601	49
33602	257
33603	9
33604	8
33605	26
33606	328
33607	19
33608	71
33609	91
33610	9
33611	117
33612	23
33613	459
33614	2826
33615	15
33616	30
33617	23
33618	9
33619	32
33620	40
33621	281
33622	172
33623	1021
33624	309
33625	45
33626	911
33627	109
33628	20
33629	17
33630	137
33631	32
33632	464
33633	37
33634	40
33635	35
33636	6370
33637	381
33638	35
33639	38
33640	581
33641	13
33642	2004
33643	54
33644	8
33645	65
33646	36
33647	5154
33648	40
33649	149
33650	7
33651	3681
33652	16
33653	139
33654	68
33655	227
33656	20
33657	304
33658	153
33659	6
33660	32
33661	27
33662	25
33663	5
33664	698
33665	270
33666	49
33667	4
33668	309
33669	30
33670	14
33671	2599
33672	1144
33673	237
33674	1269
33675	49
33676	43
33677	165
33678	26
33679	17
33680	165
33681	34
33682	2714
33683	44
33684	54
33685	7
33686	411
33687	144
33688	3
33689	12
33690	363
33691	12
33692	81
33693	79
33694	38
33695	42
33696	35
33697	13
33698	289
33699	49
33700	456
33701	410
33702	14
33703	5
33704	116
33705	1863
33706	1137
33707	22
33708	66
33709	1034
33710	2
33711	3
33712	43
33713	11
33714	4
33715	11
33716	7476
33717	3
33718	299
33719	1042
33720	934
33721	4
33722	714
33723	3
33724	451
33725	64
33726	4
33727	8
33728	263
33729	284
33730	80
33731	45238
33732	25
33733	49
33734	24
33735	913
33736	1347
33737	11
33738	111
33739	214
33740	247
33741	2315
33742	11
33743	40
33744	15
33745	948
33746	2047
33747	606
33748	445
33749	61
33750	222
33751	103
33752	284
33753	50
33754	29893
33755	10
33756	1049
33757	323
33758	20
33759	19
33760	40
33761	82
33762	2
33763	26
33764	603
33765	26
33766	18
33767	36
33768	15774
33769	5
33770	48
33771	114
33772	983
33773	3
33774	20
33775	46
33776	287
33777	81
33778	43
33779	28
33780	284
33781	58
33782	993
33783	1823
33784	228
33785	143
33786	265
33787	19908
33788	1794
33789	3
33790	58
33791	5029
33792	347
33793	446
33794	12
33795	18
33796	1083
33797	18
33798	14
33799	74
33800	45
33801	26
33802	127
33803	177
33804	57
33805	59
33806	52
33807	27
33808	168
33809	166
33810	2063
33811	32
33812	102
33813	275
33814	44
33815	134
33816	1572
33817	74
33818	22
33819	2879
33820	6
33821	4
33822	6
33823	17
33824	11
33825	2291
33826	14
33827	2942
33828	11
33829	104
33830	19
33831	16
33832	102
33833	225
33834	71
33835	109
33836	58
33837	81
33838	18
33839	15
33840	121
33841	14
33842	129
33843	12
33844	52
33845	4955
33846	5979
33847	868
33848	70
33849	23
33850	4
33851	6
33852	1860
33853	13
33854	101
33855	779
33856	27
33857	700
33858	29
33859	29
33860	21
33861	101
33862	1084
33863	458
33864	19
33865	3
33866	6
33867	35
33868	198
33869	37
33870	19
33871	563
33872	62
33873	848
33874	7
33875	303
33876	31
33877	9
33878	58
33879	6
33880	38
33881	257
33882	7
33883	10
33884	2898
33885	97
33886	205
33887	48
33888	20
33889	2
33890	41
33891	106
33892	13
33893	18
33894	4825
33895	38
33896	16
33897	872
33898	316
33899	3
33900	48
33901	4
33902	8
33903	209
33904	6
33905	30
33906	5
33907	12
33908	7
33909	2293
33910	304
33911	2132
33912	29
33913	83
33914	139
33915	37
33916	40
33917	17
33918	64
33919	913
33920	55
33921	6
33922	49
33923	12
33924	35
33925	17
33926	36
33927	33
33928	34
33929	2885
33930	44
33931	77
33932	6
33933	5
33934	16
33935	14
33936	67
33937	201
33938	49
33939	25
33940	17
33941	4
33942	661
33943	194
33944	191
33945	311
33946	69
33947	331
33948	215
33949	262
33950	1716
33951	54
33952	10
33953	1264
33954	39
33955	4
33956	2592
33957	3515
33958	51
33959	734
33960	8
33961	29
33962	4
33963	4
33964	87
33965	7
33966	365
33967	54
33968	37
33969	109
33970	152
33971	33
33972	32
33973	415
33974	45
33975	103
33976	36
33977	48
33978	343
33979	115
33980	16
33981	78
33982	4
33983	11
33984	1158
33985	276
33986	366
33987	20
33988	106
33989	200
33990	1229
33991	81
33992	11
33993	6
33994	52
33995	142
33996	136
33997	24
33998	15
33999	24
34000	65
34001	8
34002	516
34003	225
34004	765
34005	3938
34006	13
34007	29
34008	10
34009	56
34010	40
34011	35
34012	2072
34013	1164
34014	37
34015	47
34016	21
34017	6
34018	18
34019	765
34020	6
34021	6
34022	547
34023	515
34024	5687
34025	223
34026	415
34027	2622
34028	87
34029	19
34030	4
34031	76
34032	25
34033	53
34034	2819
34035	48
34036	526
34037	16
34038	6
34039	23
34040	578
34041	68
34042	14
34043	20
34044	1644
34045	358
34046	61
34047	754
34048	210
34049	1798
34050	16987
34051	14
34052	206
34053	53
34054	37
34055	665
34056	109
34057	10
34058	622
34059	4
34060	23
34061	777
34062	75
34063	1795
34064	269
34065	1324
34066	20
34067	2020
34068	37
34069	2367
34070	274
34071	72
34072	47
34073	139
34074	11
34075	140
34076	63
34077	183
34078	23
34079	286
34080	365
34081	3
34082	63
34083	138
34084	7
34085	6
34086	98
34087	8
34088	4
34089	39
34090	11
34091	209
34092	1927
34093	10
34094	325
34095	96
34096	50
34097	4
34098	11
34099	705
34100	8
34101	12
34102	13
34103	239
34104	18
34105	155
34106	459
34107	62
34108	255
34109	35
34110	232
34111	359
34112	381
34113	6
34114	5
34115	105
34116	12
34117	201
34118	10
34119	9
34120	32
34121	190
34122	268
34123	105
34124	2560
34125	31
34126	60621
34127	608
34128	4567
34129	181
34130	47
34131	8
34132	7
34133	14
34134	8035
34135	134
34136	62
34137	4333
34138	5
34139	5
34140	95
34141	193
34142	8
34143	5
34144	328
34145	239
34146	434
34147	2
34148	461
34149	4
34150	19
34151	48
34152	30
34153	5
34154	266
34155	97
34156	127
34157	16
34158	75
34159	26
34160	3163
34161	261
34162	21
34163	1027
34164	178
34165	370
34166	1845
34167	118
34168	33
34169	614
34170	10
34171	4
34172	79
34173	5
34174	159
34175	457
34176	9
34177	4
34178	67
34179	13
34180	41
34181	3
34182	273
34183	153
34184	15
34185	213
34186	54
34187	21
34188	19
34189	21
34190	1776
34191	4
34192	16
34193	23
34194	661
34195	272
34196	44
34197	5185
34198	6
34199	853
34200	26
34201	8
34202	186
34203	800
34204	6
34205	336
34206	6
34207	6
34208	871
34209	744
34210	131
34211	1
34212	15
34213	1075
34214	2451
34215	5
34216	793
34217	8391
34218	14
34219	31
34220	1279
34221	748
34222	956
34223	18
34224	1373
34225	14
34226	12
34227	158
34228	20
34229	1195
34230	1633
34231	8
34232	154
34233	153
34234	6506
34235	3
34236	48
34237	19
34238	35
34239	39
34240	59
34241	4
34242	5
34243	31792
34244	1616
34245	8
34246	52
34247	298
34248	80
34249	2769
34250	2
34251	6
34252	19
34253	50
34254	1830
34255	164
34256	408
34257	120
34258	13
34259	324
34260	26
34261	16
34262	11945
34263	21
34264	572
34265	29
34266	10
34267	18
34268	92
34269	534
34270	4306
34271	29
34272	10
34273	6
34274	124
34275	39
34276	1087
34277	24
34278	505
34279	179
34280	49
34281	1383
34282	1289
34283	1391
34284	608
34285	3
34286	10
34287	2559
34288	62
34289	283
34290	7
34291	22
34292	158
34293	17
34294	13
34295	945
34296	26
34297	15
34298	31
34299	84
34300	984
34301	13
34302	16
34303	200
34304	316
34305	400
34306	29
34307	33
34308	724
34309	22
34310	1262
34311	128
34312	334
34313	17
34314	27
34315	41
34316	15
34317	16
34318	116
34319	5
34320	1241
34321	2157
34322	8
34323	20
34324	26
34325	536
34326	85
34327	177
34328	173
34329	1471
34330	34
34331	1
34332	8
34333	63
34334	29
34335	4477
34336	61
34337	10
34338	4
34339	981
34340	4
34341	4
34342	2
34343	894
34344	11
34345	4
34346	23
34347	176
34348	4
34349	115
34350	902
34351	88
34352	2
34353	173
34354	6
34355	1441
34356	772
34357	29
34358	36617
34359	21
34360	302
34361	11
34362	875
34363	63
34364	43
34365	42
34366	37
34367	12
34368	588
34369	79
34370	197
34371	158
34372	33
34373	35
34374	106
34375	8
34376	199
34377	190
34378	28
34379	344
34380	1885
34381	25
34382	138
34383	10
34384	16
34385	117
34386	1409
34387	5
34388	3
34389	321
34390	5
34391	63
34392	21
34393	145
34394	447
34395	34
34396	98
34397	30
34398	230
34399	9
34400	66
34401	1880
34402	10
34403	5
34404	47
34405	264
34406	7
34407	1779
34408	33
34409	48
34410	57
34411	4
34412	102
34413	16
34414	14
34415	128
34416	28
34417	16
34418	178
34419	116
34420	4
34421	31
34422	145
34423	2429
34424	60
34425	69
34426	54
34427	534
34428	684
34429	5157
34430	873
34431	63
34432	133
34433	544
34434	172
34435	22
34436	5
34437	12
34438	2
34439	53
34440	4
34441	15
34442	15
34443	18
34444	37
34445	235
34446	492
34447	9
34448	16850
34449	2980
34450	2334
34451	750
34452	35
34453	319
34454	59
34455	8
34456	371
34457	272
34458	2817
34459	628
34460	18
34461	33
34462	7
34463	1
34464	20
34465	220
34466	8229
34467	252
34468	9
34469	199
34470	27
34471	39
34472	28
34473	391
34474	49
34475	64
34476	57
34477	36
34478	6
34479	323
34480	156
34481	5
34482	32
34483	974
34484	3
34485	63
34486	5
34487	4770
34488	10
34489	405
34490	46
34491	6
34492	551
34493	179
34494	398
34495	166
34496	1916
34497	4346
34498	46
34499	101
34500	8
34501	40
34502	497
34503	1998
34504	566
34505	7
34506	17
34507	65
34508	81
34509	245
34510	6
34511	153
34512	42
34513	142
34514	49
34515	51
34516	54
34517	48
34518	34
34519	1032
34520	207
34521	195
34522	11
34523	393
34524	346
34525	2231
34526	139
34527	26
34528	18
34529	18
34530	7917
34531	606
34532	113
34533	532
34534	186
34535	24
34536	68
34537	117
34538	11
34539	54
34540	36
34541	83
34542	20
34543	164
34544	7
34545	14
34546	14
34547	44
34548	17
34549	23
34550	355
34551	6550
34552	104
34553	12
34554	26
34555	42
34556	150
34557	1303
34558	81
34559	68
34560	103
34561	56
34562	137
34563	153
34564	64
34565	4583
34566	38
34567	29
34568	259
34569	13
34570	162
34571	7
34572	2
34573	301
34574	1220
34575	26
34576	25
34577	33
34578	1049
34579	8
34580	12
34581	71
34582	2425
34583	232
34584	9922
34585	11
34586	482
34587	20
34588	59
34589	5
34590	4931
34591	93
34592	579
34593	126
34594	376
34595	81
34596	16
34597	27
34598	129
34599	13
34600	207
34601	555
34602	105
34603	9
34604	275
34605	932
34606	8
34607	115
34608	2687
34609	10
34610	298
34611	8
34612	40
34613	7
34614	218
34615	389
34616	7
34617	39
34618	8
34619	2206
34620	147
34621	4
34622	1203
34623	4
34624	14
34625	389
34626	6
34627	605
34628	56
34629	5
34630	73
34631	314
34632	32
34633	78
34634	7
34635	1833
34636	16
34637	142
34638	254
34639	17
34640	1282
34641	3
34642	116
34643	206
34644	9
34645	6
34646	64
34647	6
34648	566
34649	12
34650	337
34651	16
34652	23
34653	60
34654	252
34655	198
34656	80
34657	71
34658	3708
34659	26
34660	1222
34661	6
34662	16
34663	5
34664	651
34665	7
34666	253
34667	75
34668	8921
34669	24
34670	41
34671	27
34672	10
34673	33
34674	8
34675	245
34676	8
34677	149
34678	754
34679	14
34680	190
34681	7
34682	53
34683	17
34684	160
34685	413
34686	36
34687	102
34688	2336
34689	82
34690	1170
34691	122
34692	15
34693	20
34694	21
34695	5
34696	22
34697	45
34698	7
34699	78
34700	26
34701	11
34702	680
34703	369
34704	22
34705	9
34706	1078
34707	38
34708	7
34709	8
34710	17
34711	20
34712	18
34713	159
34714	142
34715	78
34716	155
34717	376
34718	116
34719	9
34720	848
34721	4
34722	11
34723	48
34724	17
34725	40
34726	159
34727	26
34728	5
34729	31
34730	32
34731	153
34732	55
34733	84
34734	220
34735	498
34736	12
34737	100
34738	18
34739	950
34740	38
34741	5
34742	59
34743	22
34744	67
34745	2781
34746	129
34747	50
34748	209
34749	177
34750	54
34751	12
34752	34
34753	49
34754	114
34755	715
34756	287
34757	17
34758	121
34759	13
34760	21
34761	3
34762	25
34763	409
34764	10
34765	125
34766	543
34767	30
34768	555
34769	32
34770	9
34771	11
34772	63
34773	17
34774	21
34775	85
34776	109
34777	2
34778	202
34779	34
34780	65
34781	130
34782	4
34783	11
34784	23
34785	1
34786	1278
34787	56
34788	42
34789	1850
34790	56
34791	89
34792	75
34793	9
34794	121
34795	112
34796	174
34797	6
34798	9
34799	132
34800	12
34801	12
34802	18
34803	4
34804	48
34805	10
34806	22
34807	56
34808	11
34809	568
34810	9
34811	26
34812	52
34813	21
34814	41
34815	22
34816	342
34817	603
34818	13
34819	219
34820	12
34821	27
34822	44
34823	680
34824	3515
34825	24
34826	13
34827	543
34828	45
34829	467
34830	30
34831	7
34832	33
34833	8
34834	59
34835	52
34836	9
34837	5
34838	174
34839	11
34840	7
34841	337
34842	50
34843	8
34844	792
34845	24
34846	17
34847	28
34848	8
34849	250
34850	454
34851	426
34852	7
34853	38
34854	1193
34855	19
34856	7
34857	12
34858	105
34859	7
34860	8
34861	1277
34862	4460
34863	50
34864	217
34865	40
34866	867
34867	516
34868	31
34869	39
34870	6
34871	350
34872	12
34873	346
34874	112
34875	17
34876	187
34877	7
34878	1315
34879	30
34880	6
34881	431
34882	11
34883	96
34884	65
34885	7
34886	1305
34887	492
34888	21
34889	39
34890	25
34891	34
34892	65
34893	666
34894	312
34895	20
34896	30
34897	12
34898	2150
34899	9
34900	24
34901	14
34902	56
34903	38
34904	30
34905	131
34906	19
34907	33
34908	71
34909	453
34910	15
34911	7
34912	109
34913	207
34914	40
34915	1288
34916	64
34917	6
34918	6
34919	5
34920	65
34921	155
34922	62
34923	4
34924	30
34925	9
34926	24
34927	1244
34928	12
34929	93
34930	72
34931	595
34932	9
34933	20
34934	300
34935	11
34936	6
34937	52
34938	11
34939	580
34940	1515
34941	35
34942	1026
34943	1107
34944	45
34945	122
34946	715
34947	180
34948	52
34949	2381
34950	72
34951	36
34952	38
34953	293
34954	75
34955	520
34956	1690
34957	185
34958	3
34959	14
34960	27
34961	5
34962	2
34963	4
34964	53
34965	11
34966	410
34967	10
34968	662
34969	54409
34970	25
34971	245
34972	7
34973	45
34974	674
34975	361
34976	15
34977	174
34978	25
34979	5
34980	18
34981	323
34982	78
34983	16
34984	10
34985	3
34986	1257
34987	117
34988	131
34989	49
34990	37
34991	1065
34992	103
34993	4032
34994	7
34995	558
34996	63
34997	4
34998	54
34999	67
35000	91
35001	50
35002	129
35003	1054
35004	8200
35005	16
35006	28
35007	10
35008	31
35009	5
35010	23
35011	42
35012	37
35013	22
35014	18
35015	112
35016	7
35017	86
35018	780
35019	76
35020	184
35021	50
35022	95
35023	6
35024	37
35025	38
35026	3
35027	25
35028	17
35029	23
35030	259
35031	148
35032	101
35033	29
35034	876
35035	36
35036	98
35037	7
35038	390
35039	8
35040	21
35041	3
35042	13525
35043	40
35044	248
35045	3350
35046	6
35047	9
35048	104
35049	8
35050	1965
35051	487
35052	10
35053	558
35054	75
35055	1244
35056	169
35057	30
35058	163
35059	34
35060	8
35061	15
35062	6
35063	40
35064	13
35065	2429
35066	9
35067	10
35068	1123
35069	19
35070	829
35071	4
35072	3355
35073	10
35074	152
35075	23
35076	55
35077	398
35078	2452
35079	416
35080	12
35081	37
35082	7
35083	116
35084	584
35085	322
35086	79
35087	8
35088	44
35089	175
35090	572
35091	232
35092	59
35093	159
35094	221
35095	58
35096	130
35097	533
35098	43
35099	43
35100	42
35101	115
35102	640
35103	14
35104	12
35105	551
35106	256
35107	213
35108	19163
35109	84
35110	98
35111	9
35112	607
35113	301
35114	8
35115	11
35116	18
35117	9
35118	4
35119	68
35120	47
35121	3994
35122	105
35123	1797
35124	1950
35125	7
35126	327
35127	314
35128	113
35129	10
35130	9
35131	21
35132	3681
35133	47
35134	314
35135	491
35136	70
35137	15
35138	148
35139	11
35140	12816
35141	7
35142	398
35143	19
35144	433
35145	33
35146	59
35147	1231
35148	95
35149	189
35150	356
35151	171
35152	28
35153	64
35154	45
35155	239
35156	15
35157	68
35158	33
35159	15
35160	35
35161	375
35162	71
35163	8754
35164	238
35165	291
35166	1658
35167	3573
35168	5868
35169	226
35170	4
35171	558
35172	72
35173	378
35174	129
35175	107
35176	3533
35177	16
35178	13
35179	10
35180	46
35181	1960
35182	537
35183	346
35184	480
35185	5
35186	185
35187	4
35188	1448
35189	8
35190	18
35191	21
35192	28
35193	501
35194	119
35195	126
35196	4
35197	7
35198	527
35199	5481
35200	158
35201	146
35202	616
35203	27
35204	9
35205	52
35206	1423
35207	231
35208	402
35209	505
35210	904
35211	113
35212	5
35213	2068
35214	11
35215	5
35216	205
35217	3910
35218	109
35219	111
35220	15
35221	46546
35222	6
35223	1278
35224	313
35225	165
35226	4
35227	268
35228	7
35229	15
35230	49
35231	215
35232	72
35233	6274
35234	1452
35235	136
35236	6
35237	6
35238	4
35239	12
35240	21
35241	17
35242	999
35243	14
35244	11
35245	59
35246	304
35247	251
35248	6
35249	847
35250	16
35251	58
35252	185
35253	7
35254	16
35255	16
35256	25
35257	370
35258	14
35259	16
35260	7
35261	16
35262	100
35263	1368
35264	3204
35265	6
35266	59
35267	1251
35268	5
35269	2752
35270	117
35271	154
35272	64
35273	47
35274	50
35275	173
35276	184
35277	198
35278	32
35279	37
35280	13
35281	10
35282	69
35283	7
35284	534
35285	17
35286	822
35287	409
35288	6
35289	726
35290	56
35291	37
35292	18
35293	198
35294	26
35295	12
35296	9
35297	168
35298	123
35299	8
35300	20
35301	13
35302	213
35303	197
35304	10
35305	124
35306	1078
35307	11
35308	6
35309	23
35310	433
35311	106
35312	162
35313	29
35314	8
35315	321
35316	8
35317	381
35318	37
35319	5
35320	113
35321	3955
35322	24
35323	39
35324	16
35325	8
35326	65
35327	58
35328	682
35329	135
35330	10
35331	20
35332	132
35333	1076
35334	54
35335	18
35336	5874
35337	43
35338	11
35339	197
35340	167
35341	299
35342	510
35343	577
35344	17
35345	126
35346	17
35347	552
35348	20
35349	101
35350	436
35351	9
35352	977
35353	636
35354	4
35355	201
35356	2
35357	120
35358	3
35359	432
35360	555
35361	399
35362	161
35363	1087
35364	1228
35365	584
35366	8
35367	18
35368	74
35369	431
35370	476
35371	144
35372	398
35373	7
35374	14
35375	54
35376	871
35377	11
35378	893
35379	18
35380	36
35381	164
35382	223
35383	6872
35384	183
35385	29
35386	29
35387	11
35388	27
35389	14
35390	214
35391	437
35392	173
35393	15
35394	52
35395	844
35396	14
35397	7
35398	9
35399	10
35400	731
35401	24
35402	3
35403	456
35404	52
35405	29
35406	712
35407	9
35408	154
35409	6
35410	53
35411	17
35412	518
35413	867
35414	16
35415	24
35416	128
35417	2268
35418	534
35419	1244
35420	771
35421	35
35422	16
35423	13
35424	600
35425	1610
35426	17
35427	126
35428	4
35429	300
35430	1913
35431	256
35432	92
35433	10
35434	43
35435	10
35436	151
35437	17
35438	5
35439	87
35440	590
35441	75
35442	3
35443	22
35444	84
35445	52
35446	6
35447	4
35448	19
35449	53
35450	43
35451	381
35452	6
35453	5
35454	8
35455	14
35456	137
35457	105
35458	2448
35459	7
35460	5
35461	2098
35462	11
35463	7
35464	31
35465	50
35466	127
35467	1017
35468	30
35469	2075
35470	2244
35471	7
35472	35
35473	1243
35474	42
35475	145
35476	14
35477	58
35478	21
35479	39
35480	9
35481	10
35482	101
35483	537
35484	14
35485	71
35486	164
35487	32
35488	5
35489	109
35490	33
35491	12
35492	21
35493	123
35494	246
35495	470
35496	451
35497	38
35498	36
35499	243
35500	4
35501	33
35502	38
35503	11621
35504	2947
35505	421
35506	147
35507	2099
35508	27
35509	27
35510	4718
35511	16
35512	1402
35513	18
35514	20
35515	181
35516	9
35517	24
35518	776
35519	38
35520	12
35521	155
35522	1376
35523	614
35524	43
35525	16
35526	7
35527	103
35528	29
35529	87
35530	2433
35531	84
35532	27
35533	10
35534	260
35535	11029
35536	583
35537	506
35538	9
35539	41
35540	53
35541	13
35542	1
35543	38
35544	111
35545	9
35546	442
35547	18358
35548	234
35549	83
35550	108
35551	551
35552	159
35553	8
35554	194
35555	24
35556	147
35557	8
35558	69
35559	87
35560	329
35561	13776
35562	41
35563	149
35564	43
35565	118
35566	40
35567	17
35568	723
35569	74
35570	147
35571	10
35572	26
35573	2
35574	5
35575	20
35576	7
35577	595
35578	266
35579	84
35580	23
35581	61
35582	60
35583	3
35584	768
35585	689
35586	138
35587	13
35588	107
35589	9
35590	18
35591	456
35592	7
35593	70
35594	2497
35595	488
35596	74
35597	77
35598	6
35599	82
35600	627
35601	1115
35602	16
35603	20
35604	100
35605	20
35606	20
35607	173
35608	4
35609	75
35610	198
35611	2
35612	20
35613	623
35614	10
35615	5
35616	382
35617	147
35618	213
35619	868
35620	15
35621	6
35622	960
35623	11
35624	10
35625	36
35626	148
35627	115
35628	11610
35629	3077
35630	64
35631	30
35632	11
35633	4657
35634	19
35635	154
35636	11
35637	32
35638	5
35639	11
35640	363
35641	68
35642	153
35643	18
35644	20
35645	8
35646	53
35647	27
35648	32
35649	582
35650	29
35651	71
35652	4266
35653	90
35654	8
35655	221
35656	12
35657	44
35658	122
35659	13
35660	182
35661	49
35662	29
35663	85
35664	76
35665	787
35666	15
35667	43
35668	33
35669	751
35670	616
35671	67
35672	440
35673	114
35674	16
35675	25
35676	260
35677	12
35678	196
35679	21
35680	89
35681	3
35682	1353
35683	16
35684	135
35685	19
35686	12
35687	499
35688	1498
35689	689
35690	88
35691	117
35692	5
35693	23
35694	37
35695	279
35696	373
35697	435
35698	9
35699	29
35700	13
35701	39
35702	464
35703	23
35704	775
35705	6
35706	29
35707	35
35708	2190
35709	7
35710	13
35711	12
35712	17
35713	47
35714	148
35715	2252
35716	58
35717	7
35718	6
35719	35
35720	57
35721	1172
35722	115
35723	112
35724	274
35725	3123
35726	94
35727	725
35728	22
35729	187
35730	109
35731	1657
35732	53
35733	14
35734	2781
35735	19
35736	141
35737	61
35738	290
35739	10
35740	56
35741	16
35742	360
35743	381
35744	11
35745	31
35746	51
35747	6
35748	180
35749	3515
35750	4645
35751	20
35752	5124
35753	5
35754	25
35755	83
35756	753
35757	3
35758	92
35759	67
35760	5
35761	2444
35762	2851
35763	27
35764	25
35765	352
35766	38
35767	874
35768	27
35769	1133
35770	7
35771	32
35772	166
35773	4
35774	10
35775	16
35776	126
35777	84
35778	82
35779	138
35780	13
35781	24
35782	2349
35783	10
35784	1076
35785	3
35786	484
35787	15
35788	325
35789	8
35790	42
35791	21
35792	187
35793	93
35794	34
35795	300
35796	17
35797	17
35798	63
35799	10
35800	71
35801	20
35802	32
35803	358
35804	81
35805	78
35806	176
35807	5
35808	11
35809	13
35810	37
35811	8
35812	9
35813	98
35814	27
35815	1301
35816	28
35817	87
35818	35
35819	1049
35820	9
35821	724
35822	145
35823	267
35824	2556
35825	261
35826	406
35827	15
35828	34
35829	126
35830	341
35831	11
35832	11
35833	770
35834	12
35835	85
35836	5
35837	12
35838	1009
35839	22
35840	57
35841	57
35842	3868
35843	67
35844	80
35845	1046
35846	133
35847	99
35848	20
35849	117
35850	210
35851	3665
35852	14
35853	117
35854	13
35855	5177
35856	6
35857	162
35858	113
35859	4
35860	15
35861	64
35862	17
35863	28
35864	208
35865	848
35866	654
35867	132
35868	88
35869	10
35870	144
35871	1701
35872	23
35873	18
35874	8
35875	27
35876	6
35877	31
35878	23
35879	46
35880	27
35881	5
35882	18
35883	1377
35884	62
35885	8
35886	2164
35887	9877
35888	9
35889	84
35890	1
35891	60
35892	5
35893	90
35894	710
35895	8
35896	12
35897	9
35898	12048
35899	390
35900	392
35901	14
35902	384
35903	292
35904	19
35905	58
35906	335
35907	444
35908	193
35909	2247
35910	22
35911	422
35912	743
35913	90
35914	10148
35915	357
35916	5
35917	361
35918	280
35919	629
35920	6
35921	13881
35922	27
35923	784
35924	24
35925	16
35926	347
35927	84
35928	42
35929	2
35930	6
35931	23
35932	25
35933	17
35934	35
35935	1762
35936	107
35937	19
35938	29
35939	20262
35940	1005
35941	6
35942	672
35943	393
35944	70
35945	30
35946	2908
35947	90
35948	4231
35949	29
35950	94
35951	57895
35952	1
35953	14
35954	54
35955	44
35956	917
35957	59
35958	1789
35959	5
35960	109
35961	11
35962	34
35963	337
35964	45
35965	24
35966	12
35967	35
35968	1883
35969	60
35970	362
35971	340
35972	98
35973	2837
35974	24
35975	103
35976	854
35977	174
35978	114
35979	28
35980	192
35981	22
35982	468
35983	119
35984	135
35985	310
35986	3792
35987	7
35988	506
35989	2967
35990	42
35991	54
35992	1867
35993	327
35994	25
35995	23
35996	15
35997	737
35998	231
35999	157
36000	30
36001	40
36002	375
36003	17
36004	178
36005	1746
36006	4
36007	4
36008	7
36009	162
36010	222
36011	26591
36012	300
36013	45
36014	80
36015	6
36016	68
36017	5
36018	4
36019	142
36020	189
36021	11
36022	5
36023	363
36024	111
36025	119
36026	47
36027	28
36028	247
36029	686
36030	15
36031	144
36032	59
36033	5
36034	943
36035	42
36036	5436
36037	8
36038	6
36039	744
36040	5
36041	43
36042	44
36043	28
36044	38
36045	27
36046	720
36047	70
36048	44
36049	14
36050	187
36051	1755
36052	15
36053	31
36054	18
36055	20
36056	298
36057	96
36058	1010
36059	3
36060	188
36061	12
36062	123
36063	19
36064	292
36065	112
36066	185
36067	8
36068	23
36069	18
36070	14572
36071	49
36072	6
36073	25
36074	146
36075	4
36076	4892
36077	23
36078	16
36079	1
36080	4
36081	26
36082	9382
36083	8
36084	91
36085	4081
36086	7167
36087	4
36088	41
36089	5
36090	62
36091	20
36092	19
36093	52
36094	16
36095	87
36096	26
36097	108
36098	104
36099	653
36100	10
36101	374
36102	53
36103	763
36104	5
36105	19
36106	841
36107	4883
36108	17
36109	10
36110	31
36111	126
36112	262
36113	5
36114	269
36115	440
36116	157
36117	2611
36118	357
36119	7
36120	3
36121	32
36122	14
36123	81
36124	21
36125	16
36126	1341
36127	6220
36128	42
36129	313
36130	1212
36131	15
36132	44
36133	108
36134	13
36135	740
36136	178
36137	90
36138	194
36139	229
36140	17
36141	10
36142	311
36143	9
36144	2516
36145	87
36146	28
36147	87
36148	183
36149	2171
36150	18
36151	6
36152	29
36153	43
36154	5
36155	14
36156	5
36157	311
36158	9
36159	392
36160	112
36161	141
36162	239
36163	8
36164	3004
36165	1031
36166	42
36167	33
36168	9
36169	8
36170	1511
36171	62
36172	27
36173	254
36174	12
36175	31
36176	221
36177	188
36178	877
36179	124
36180	3139
36181	27
36182	62
36183	935
36184	21
36185	180
36186	3936
36187	83
36188	126
36189	1628
36190	9
36191	6
36192	513
36193	10
36194	269
36195	46
36196	160
36197	15
36198	298
36199	3
36200	66
36201	64
36202	4
36203	11
36204	36
36205	2375
36206	442
36207	463
36208	79
36209	60
36210	190
36211	29
36212	130
36213	89
36214	1331
36215	17
36216	3809
36217	41
36218	16
36219	46
36220	33
36221	134
36222	28
36223	27
36224	70
36225	44
36226	41
36227	1611
36228	11
36229	100
36230	57
36231	64
36232	32
36234	269
36235	32
36236	69
36237	7
36238	59
36239	186
36240	13
36241	36
36242	23
36243	27
36244	130
36245	9
36246	131
36247	191
36248	32
36249	18
36250	60
36251	8
36252	24
36253	1496
36254	92
36255	16
36256	2980
36257	69
36258	891
36259	2184
36260	182
36261	12
36262	47
36263	161
36264	249
36265	5
36266	850
36267	300
36268	359
36269	37
36270	16
36271	44
36272	4
36273	115
36274	1042
36275	158
36276	213
36277	23
36278	263
36279	7
36280	149
36281	15
36282	30
36283	12
36284	279
36285	294
36286	23
36287	2245
36288	13
36289	88
36290	315
36291	270
36292	15
36293	6
36294	456
36295	5
36296	7
36297	2
36298	7
36299	9
36300	23
36301	278
36302	25
36303	10
36304	143
36305	1290
36306	10
36307	1935
36308	4
36309	6
36310	601
36311	92
36312	9
36313	687
36314	18
36315	2475
36316	9496
36317	91
36318	36
36319	39
36320	49
36321	354
36322	2812
36323	330
36324	86
36325	35
36326	713
36327	20
36328	84
36329	35
36330	26
36331	22
36332	1004
36333	749
36334	40
36335	29
36336	27
36337	70
36338	80
36339	546
36340	321
36341	22
36342	1435
36343	17
36344	22
36345	409
36346	58
36347	23
36348	95
36349	75
36350	44
36351	48
36352	40
36353	31
36354	7
36355	5
36356	62
36357	10
36358	36
36359	142
36360	1165
36361	839
36362	234
36363	38
36364	863
36365	110
36366	55
36367	38
36368	34
36369	5
36370	248
36371	31
36372	349
36373	8
36374	27
36375	673
36376	11
36377	107
36378	54
36379	91
36380	4
36381	8
36382	2
36383	135
36384	69
36385	47
36386	1102
36387	5
36388	32
36389	7292
36390	250
36391	11
36392	134
36393	2447
36394	35
36395	147
36396	173
36397	4060
36398	27
36399	290
36400	75
36401	23
36402	13
36403	277
36404	83
36405	8
36406	3365
36407	85
36408	5
36409	30
36410	191
36411	89
36412	1359
36413	53
36414	10
36415	7
36416	4
36417	6
36418	1675
36419	10
36420	82
36421	20
36422	343
36423	55
36424	130
36425	1999
36426	249
36427	50
36428	14
36429	31
36430	28
36431	3970
36432	8
36433	16
36434	336
36435	37
36436	635
36437	149
36438	1275
36439	3
36440	13
36441	1254
36442	144
36443	1300
36444	8
36445	6
36446	295
36447	17
36448	90
36449	19
36450	17
36451	92
36452	21
36453	7
36454	4
36455	10
36456	264
36457	42
36458	17
36459	524
36460	20
36461	23
36462	37
36463	375
36464	41
36465	20
36466	27
36467	35
36468	30
36469	144
36470	28
36471	135
36472	3596
36473	20
36474	30
36475	202
36476	344
36477	6
36478	10
36479	112
36480	290
36481	540
36482	546
36483	82
36484	208
36485	1322
36486	209
36487	146
36488	111
36489	33
36490	199
36491	4
36492	4
36493	773
36494	21
36495	23
36496	613
36497	5
36498	105
36499	22
36500	366
36501	14
36502	8
36503	10
36504	5
36505	24
36506	553
36507	83
36508	20
36509	2
36510	470
36511	79
36512	87
36513	11
36514	69
36515	27
36516	63
36517	416
36518	7
36519	377
36520	9
36521	6
36522	2972
36523	265
36524	107
36525	4
36526	294
36527	163
36528	235
36529	3
36530	8
36531	22
36532	28
36533	734
36534	1791
36535	63
36536	6
36537	680
36538	196
36539	6
36540	11
36541	69
36542	67
36543	67
36544	8
36545	432
36546	6
36547	40
36548	27
36549	338
36550	13587
36551	1024
36552	961
36553	160
36554	1682
36555	173
36556	2
36557	777
36558	4
36559	77
36560	68
36561	408
36562	23
36563	24
36564	14
36565	49
36566	12
36567	5
36568	40
36569	33
36570	89
36571	30
36572	70
36573	4
36574	1306
36575	4
36576	12
36577	4
36578	17
36579	22
36580	16
36581	23
36582	11
36583	189
36584	2
36585	9
36586	217
36587	153
36588	21
36589	37
36590	11
36591	2739
36592	22
36593	40
36594	318
36595	2
36596	173
36597	3
36598	396
36599	95
36600	353
36601	329
36602	35
36603	470
36604	23
36605	172
36606	5358
36607	85
36608	34
36609	514
36610	88
36611	15
36612	176
36613	43
36614	6
36615	257
36616	308
36617	120
36618	1803
36619	542
36620	169
36621	126
36622	18
36623	26
36624	807
36625	58
36626	24
36627	79
36628	29
36629	9
36630	89
36631	4
36632	20
36633	92
36634	72
36635	110
36636	24
36637	19
36638	85
36639	552
36640	2564
36641	64
36642	8
36643	78
36644	116
36645	9
36646	1538
36647	12
36648	101
36649	86
36650	753
36651	2758
36652	10
36653	12
36654	29
36655	61
36656	12
36657	5
36658	555
36659	54
36660	21
36661	7
36662	128
36663	13
36664	1806
36665	87
36666	93
36667	6
36668	201
36669	4
36670	557
36671	5
36672	346
36673	42
36674	64
36675	1060
36676	1506
36677	16
36678	34
36679	250
36680	344
36681	333
36682	3
36683	20
36684	53
36685	3033
36686	56
36687	483
36688	4
36689	804
36690	236
36691	2343
36692	30
36693	132
36694	28
36695	23892
36696	1264
36697	477
36698	615
36699	123
36700	5
36701	3
36702	344
36703	33
36704	7
36705	4
36706	4
36707	419
36708	4
36709	454
36710	29
36711	105
36712	82
36713	16
36714	1726
36715	2
36716	67
36717	3027
36718	12
36719	45
36720	10
36721	28
36722	51
36723	14
36724	10345
36725	460
36726	693
36727	28
36728	105
36729	478
36730	59
36731	22
36732	23
36733	47
36734	11
36735	12056
36736	2607
36737	776
36738	24
36739	4
36740	33
36741	10
36742	84
36743	116
36744	11
36745	32
36746	2023
36747	38
36748	10
36749	18
36750	95
36751	6
36752	78
36753	235
36754	7
36755	44
36756	11
36757	21
36758	1565
36759	414
36760	13
36761	30
36762	79
36763	870
36764	1658
36765	294
36766	1377
36767	6
36768	209
36769	36
36770	32
36771	62
36772	8103
36773	127
36774	10
36775	301
36776	117
36777	142
36778	5
36779	76
36780	386
36781	30
36782	22
36783	76
36784	224
36785	53
36786	12
36787	4
36788	69
36789	180
36790	348
36791	35
36792	3157
36793	504
36794	298
36795	165
36796	307
36797	48
36798	84
36799	95
36800	49
36801	96
36802	333
36803	4
36804	20
36805	10
36806	14
36807	60
36808	390
36809	742
36810	1191
36811	51
36812	27
36813	71
36814	29
36815	53
36816	50
36817	27
36818	323
36819	161
36820	4
36821	86
36822	232
36823	5
36824	13
36825	17
36826	11
36827	9
36828	6
36829	433
36830	516
36831	20
36832	167
36833	262
36834	7
36835	558
36836	15
36837	156
36838	313
36839	390
36840	4
36841	15
36842	18
36843	195
36844	93
36845	8
36846	37
36847	275
36848	2250
36849	1685
36850	67
36851	9
36852	26
36853	108
36854	2560
36855	60
36856	920
36857	1429
36858	59
36859	5
36860	111
36861	150
36862	11
36863	8
36864	36
36865	16377
36866	827
36867	95
36868	25
36869	1445
36870	83
36871	3
36872	1350
36873	30
36874	255
36875	47
36876	18
36877	4
36878	1170
36879	6
36880	55
36881	385
36882	11
36883	15
36884	504
36885	765
36886	2
36887	2
36888	15
36889	6
36890	18
36891	5
36892	37
36893	14
36894	45
36895	12
36896	25
36897	192
36898	31
36899	38
36900	46
36901	206
36902	22
36903	8
36904	67
36905	141
36906	425
36907	12
36908	36
36909	8
36910	138
36911	33
36912	110
36913	1361
36914	1068
36915	6
36916	5
36917	8
36918	207
36919	55
36920	154
36921	9
36922	248
36923	1965
36924	152
36925	7
36926	776
36927	48
36928	65
36929	8732
36930	28
36931	35
36932	61
36933	128
36934	272
36935	68
36936	33
36937	5
36938	67
36939	1102
36940	631
36941	194
36942	21
36943	617
36944	1263
36945	94
36946	14
36947	9
36948	139
36949	38
36950	171
36951	6
36952	34
36953	1461
36954	221
36955	53
36956	5410
36957	99
36958	8
36959	50
36960	23
36961	1365
36962	1838
36963	9
36964	89
36965	13
36966	37
36967	110
36968	1248
36969	121
36970	29
36971	9
36972	143
36973	11
36974	10
36975	178
36976	764
36977	19
36978	280
36979	31
36980	27
36981	165
36982	42
36983	116
36984	33
36985	30
36986	52
36987	18
36988	527
36989	4
36990	29
36991	12
36992	14
36993	80
36994	2952
36995	20
36996	63
36997	16
36998	1
36999	82
37000	3
37001	385
37002	487
37003	2568
37004	701
37005	3
37006	159
37007	139
37008	42
37009	133
37010	6
37011	6536
37012	25
37013	158
37014	1
37015	8
37016	76
37017	229
37018	130
37019	974
37020	29
37021	22
37022	3095
37023	6
37024	9
37025	5
37026	28
37027	86
37028	21
37029	11975
37030	238
37031	15
37032	162
37033	1647
37034	6
37035	29
37036	674
37037	20
37038	30
37039	22
37040	475
37041	33
37042	732
37043	7
37044	235
37045	28
37046	308
37047	1136
37048	5
37049	86
37050	487
37051	78
37052	602
37053	4582
37054	43
37055	1220
37056	4
37057	4
37058	4
37059	562
37060	37
37061	6
37062	5
37063	391
37064	16
37065	7912
37066	1964
37067	18583
37068	415
37069	115
37070	123
37071	41
37072	168
37073	8
37074	300
37075	105
37076	237
37077	9
37078	50
37079	13
37080	477
37081	26
37082	82
37083	13
37084	363
37085	40
37086	373
37087	7
37088	1
37089	189
37090	7
37091	9
37092	236
37093	10
37094	418
37095	8
37096	2234
37097	66
37098	97
37099	79
37100	5
37101	9
37102	18
37103	2339
37104	579
37105	32
37106	24
37107	4486
37108	85
37109	8
37110	142
37111	31
37112	50
37113	645
37114	56
37115	458
37116	9
37117	8
37118	24
37119	8010
37120	925
37121	426
37122	4
37123	142
37124	133
37125	31
37126	12
37127	12
37128	19
37129	5
37130	42
37131	2973
37132	418
37133	25
37134	51
37135	41
37136	12
37137	36
37138	25
37139	6
37140	51
37141	3456
37142	116
37143	25
37144	281
37145	1528
37146	43
37147	2609
37148	689
37149	27
37150	5
37151	13
37152	105
37153	12
37154	3
37155	6
37156	459
37157	15
37158	18602
37159	38
37160	25
37161	30
37162	84
37163	108
37164	331
37165	79
37166	33
37167	271
37168	118
37169	24
37170	120
37171	10
37172	83
37173	1474
37174	43
37175	85
37176	261
37177	8
37178	148
37179	58
37180	28
37181	35
37182	67
37183	25
37184	18
37185	110
37186	13
37187	15
37188	1630
37189	6
37190	144
37191	8
37192	906
37193	2961
37194	253
37195	14
37196	4
37197	556
37198	100
37199	145
37200	26
37201	884
37202	9
37203	1524
37204	325
37205	12
37206	48
37207	53
37208	1294
37209	5
37210	7
37211	59
37212	89
37213	1441
37214	125
37215	4672
37216	22
37217	38
37218	28
37219	11
37220	11238
37221	151
37222	11
37223	47
37224	6
37225	4
37226	22
37227	86
37228	255
37229	3145
37230	16
37231	3
37232	49
37233	114
37234	275
37235	15
37236	8
37237	16
37238	700
37239	70
37240	6
37241	409
37242	48
37243	17
37244	38
37245	42
37246	52
37247	726
37248	24
37249	77
37250	4777
37251	15
37252	15
37253	3
37254	3
37255	204
37256	23
37257	2610
37258	110
37259	19
37260	13
37261	13
37262	990
37263	8
37264	79
37265	354
37266	365
37267	19
37268	20
37269	10
37270	106
37271	6
37272	4
37273	22
37274	261
37275	28
37276	4851
37277	85
37278	43
37279	34
37280	12
37281	4
37282	45
37283	231
37284	294
37285	80
37286	326
37287	55
37288	5341
37289	333
37290	18
37291	289
37292	99
37293	21
37294	141
37295	23
37296	9
37297	110
37298	8
37299	46
37300	14
37301	69
37302	153
37303	39
37304	10
37305	22
37306	109
37307	288
37308	7
37309	46
37310	10
37311	500
37312	50
37313	6
37314	27
37315	12
37316	17
37317	3283
37318	185
37319	59
37320	84
37321	9
37322	310
37323	14
37324	22
37325	16
37326	4
37327	8
37328	11
37329	28
37330	227
37331	18
37332	481
37333	3
37334	252
37335	3000
37336	54
37337	28
37338	35
37339	10
37340	21
37341	23
37342	24
37343	12
37344	13
37345	19
37346	6
37347	259
37348	11
37349	760
37350	69
37351	120
37352	184
37353	79
37354	2609
37355	1442
37356	6
37357	2386
37358	202
37359	558
37360	5
37361	51
37362	10
37363	15
37364	201
37365	18
37366	232
37367	38
37368	18
37369	82
37370	9
37371	330
37372	88
37373	7
37374	1614
37375	17
37376	288
37377	609
37378	84
37379	30
37380	64
37381	12
37382	217
37383	17
37384	75
37385	879
37386	52
37387	63
37388	1676
37389	153
37390	7
37391	43
37392	4
37393	31
37394	43
37395	15
37396	141
37397	26
37398	18
37399	9
37400	396
37401	54
37402	256
37403	9
37404	7
37405	187
37406	16
37407	28
37408	45
37409	161
37410	239
37411	160
37412	11
37413	72
37414	152
37415	17
37416	102
37417	3699
37418	491
37419	49
37420	33
37421	11
37422	144
37423	33
37424	30
37425	61
37426	26
37427	95
37428	157
37429	13
37430	13
37431	599
37432	48
37433	15
37434	146
37435	25
37436	1134
37437	25
37438	8
37439	46
37440	70
37441	13
37442	392
37443	13
37444	18
37445	24
37446	11
37447	53
37448	13
37449	2278
37450	99
37451	12
37452	77
37453	224
37454	169
37455	916
37456	15
37457	18
37458	1014
37459	43
37460	1816
37461	112
37462	1427
37463	11
37464	5615
37465	353
37466	9
37467	97
37468	319
37469	31
37470	12
37471	44
37472	32
37473	64
37474	92
37475	91
37476	10
37477	312
37478	1104
37479	35
37480	10
37481	52
37482	41
37483	43
37484	23
37485	103
37486	428
37487	239
37488	110
37489	1346
37490	329
37491	28
37492	127
37493	72
37494	22
37495	6
37496	4338
37497	84
37498	18
37499	35
37500	92
37501	14
37502	33
37503	106
37504	695
37505	41
37506	328
37507	196
37508	1744
37509	798
37510	70
37511	1656
37512	26
37513	22
37514	136
37515	42
37516	16
37517	51
37518	422
37519	26
37520	1025
37521	121
37522	15
37523	82
37524	10101
37525	13
37526	4
37527	269
37528	505
37529	63
37530	22
37531	462
37532	6
37533	2
37534	11
37535	9
37536	115
37537	25
37538	2303
37539	23
37540	6
37541	17
37542	201
37543	491
37544	16
37545	137
37546	20
37547	145
37548	63
37549	119
37550	14
37551	31
37552	4799
37553	1026
37554	41
37555	16
37556	53
37557	259
37558	22
37559	81
37560	45
37561	129
37562	77
37563	144
37564	563
37565	315
37566	22
37567	8
37568	8
37569	74
37570	912
37571	57
37572	4
37573	172
37574	59
37575	29
37576	527
37577	39
37578	25
37579	41
37580	25
37581	11
37582	59
37583	4
37584	18
37585	15
37586	408
37587	5
37588	178
37589	3
37590	392
37591	79
37592	347
37593	4
37594	1756
37595	3
37596	16
37597	9
37598	28
37599	39
37600	243
37601	7
37602	670
37603	59
37604	77
37605	74
37606	1668
37607	25
37608	36
37609	662
37610	12
37611	990
37612	22
37613	117
37614	19
37615	108
37616	85
37617	10
37618	9
37619	251
37620	55
37621	14
37622	49
37623	17
37624	33
37625	1501
37626	278
37627	7
37628	10
37629	194
37630	1125
37631	16
37632	30
37633	8
37634	940
37635	160
37636	6
37637	1720
37638	98
37639	33
37640	51
37641	12
37642	2632
37643	138
37644	27
37645	442
37646	72846
37647	259
37648	17
37649	38
37650	94
37651	18
37652	4
37653	13
37654	2213
37655	85
37656	290
37657	90
37658	1911
37659	116
37660	1
37661	28
37662	13
37663	103
37664	1982
37665	563
37666	18
37667	8
37668	161
37669	18
37670	5
37671	103
37672	29
37673	63
37674	457
37675	386
37676	24
37677	69
37678	23
37679	5
37680	136
37681	655
37682	57
37683	71
37684	5
37685	47
37686	62
37687	31768
37688	138
37689	42
37690	7
37691	1159
37692	15
37693	474
37694	109
37695	55
37696	156
37697	7
37698	83
37699	12
37700	6
37701	76
37702	24
37704	80
37705	107
37706	11
37707	18
37708	38
37709	676
37710	12068
37711	344
37712	23
37713	55
37714	30
37715	14
37716	31
37717	86
37718	4924
37719	221
37720	190
37721	18
37722	1049
37723	146
37724	666
37725	452
37726	29
37727	243
37728	666
37729	130
37730	12
37731	715
37732	34
37733	1302
37734	175
37735	4
37736	137
37737	55
37738	69
37739	761
37740	14
37741	70
37742	330
37743	38
37744	127
37745	146
37746	28
37747	3
37748	121
37749	359
37750	207
37751	213
37752	806
37753	135
37754	2598
37755	14
37756	31
37757	45
37758	6
37759	7
37760	22
37761	36
37762	13
37763	265
37764	10
37765	347
37766	15740
37767	31
37768	135
37769	83
37770	5
37771	18
37772	7
37773	253
37774	1779
37775	20
37776	868
37777	15
37778	42
37779	19
37780	40
37781	16
37782	99
37783	105
37784	4
37785	13
37786	7
37787	109
37788	689
37789	3
37790	31
37791	18
37792	1458
37793	5
37794	36
37795	600
37796	87
37797	156
37798	46
37799	57
37800	134
37801	6
37802	5
37803	424
37804	29
37805	65
37806	38
37807	1115
37808	6
37809	8
37810	86
37811	45
37812	40
37813	13
37814	6
37815	5
37816	3
37817	284
37818	348
37819	10
37820	154
37821	6
37822	18
37823	8
37824	253
37825	6948
37826	107
37827	12
37828	10
37829	6
37830	10
37831	8
37832	271
37833	169
37834	34
37835	357
37836	852
37837	22
37838	338
37839	135
37840	622
37841	687
37842	63
37843	11
37844	15
37845	68
37846	4
37847	13
37848	290
37849	2109
37850	38
37851	241
37852	128
37853	36
37854	11
37855	30
37856	4
37857	77
37858	37
37859	621
37860	165
37861	22
37862	4
37863	15
37864	4
37865	50
37866	817
37867	727
37868	18
37869	82
37870	20
37871	4
37872	8
37873	72
37874	62
37875	101
37876	1067
37877	139
37878	36
37879	7
37880	5
37881	12
37882	8
37883	15
37884	8
37885	102
37886	1664
37887	4
37888	83
37889	26
37890	679
37891	226
37892	2306
37893	7
37894	8
37895	237
37896	54
37897	221
37898	7
37899	17
37900	66
37901	14
37902	6
37903	136
37904	483
37905	15
37906	14
37907	7
37908	155
37909	7
37910	43
37911	192
37912	475
37913	5
37914	26
37915	217
37916	63
37917	1063
37918	8
37919	3087
37920	47
37921	11
37922	20
37923	1770
37924	16
37925	7
37926	20
37927	358
37928	21
37929	317
37930	73
37931	515
37932	8
37933	495
37934	24
37935	1599
37936	47
37937	106
37938	378
37939	200
37940	4167
37941	19
37942	43
37943	56
37944	5
37945	88
37946	42
37947	4244
37948	197
37949	89
37950	88
37951	510
37952	49
37953	50
37954	30
37955	35
37956	176
37957	10
37958	43
37959	398
37960	28
37961	5
37962	5
37963	14
37964	33
37965	209
37966	2537
37967	5
37968	20
37969	5
37970	19
37971	2286
37972	15
37973	429
37974	5
37975	203
37976	5
37977	166
37978	219
37979	54
37980	653
37981	1
37982	440
37983	72
37984	104
37985	61
37986	31
37987	138
37988	26
37989	22
37990	151
37991	188
37992	113
37993	975
37994	15
37995	400
37996	72
37997	340
37998	27
37999	765
38000	299
38001	66
38002	96
38003	3029
38004	129
38005	9
38006	25
38007	48
38008	51
38009	4
38010	13
38011	18
38012	2581
38013	136
38014	16
38015	1053
38016	294
38017	17
38018	38
38019	13
38020	14
38021	26
38022	16
38023	6
38024	79
38025	50
38026	61
38027	20
38028	7004
38029	52
38030	6
38031	33
38032	30
38033	1327
38034	10
38035	101
38036	24
38037	5
38038	9
38039	549
38040	3
38041	60
38042	32
38043	51
38044	526
38045	1
38046	42
38047	15
38048	58
38049	624
38050	837
38051	2655
38052	87
38053	18
38054	477
38055	7
38056	139
38057	13
38058	62
38059	8
38060	560
38061	541
38062	10
38063	1360
38064	42
38065	31
38066	14
38067	3468
38068	164
38069	51
38070	33
38071	97
38072	272
38073	155
38074	298
38075	19
38076	103
38077	2369
38078	178
38079	78
38080	22
38081	15
38082	5
38083	70
38084	5
38085	8
38086	36
38087	303
38088	110
38089	63
38090	489
38091	108
38092	3
38093	319
38094	89
38095	23
38096	15
38097	74
38098	24
38099	6
38100	272
38101	8
38102	315
38103	8
38104	11
38105	13
38106	38
38107	3
38108	2917
38109	9
38110	92
38111	78
38112	2
38113	722
38114	4
38115	131
38116	58
38117	222
38118	698
38119	179
38120	194
38121	21
38122	29
38123	2
38124	210
38125	263
38126	8
38127	1126
38128	108
38129	581
38130	7
38131	8
38132	16
38133	83
38134	15
38135	297
38136	14
38137	20
38138	12
38139	297
38140	87
38141	2167
38142	5
38143	15
38144	34
38145	178
38146	132
38147	285
38148	16
38149	24
38150	224
38151	102
38152	85
38153	125
38154	2072
38155	17
38156	157
38157	130
38158	104
38159	21301
38160	398
38161	22
38162	5
38163	6
38164	12905
38165	15
38166	18
38167	472
38168	152
38169	10
38170	34
38171	17
38172	168
38173	3
38174	72
38175	165
38176	254
38177	13
38178	19
38179	142
38180	380
38181	7
38182	903
38183	4
38184	33
38185	4990
38186	107
38187	26
38188	64
38189	225
38190	334
38191	27
38192	4021
38193	204
38194	239
38195	7
38196	110
38197	141
38198	48
38199	31
38200	8121
38201	50
38202	52
38203	278
38204	35
38205	1281
38206	8
38207	386
38208	8
38209	43
38210	9
38211	12
38212	80
38213	2
38214	47
38215	50
38216	39
38217	120
38218	1076
38219	42
38220	53
38221	12
38222	559
38223	750
38224	19
38225	10
38226	1999
38227	71
38228	773
38229	10
38230	96
38231	2498
38232	26
38233	531
38234	181
38235	66
38236	777
38237	46
38238	111
38239	62
38240	507
38241	3594
38242	120
38243	126
38244	9
38245	32
38246	37
38247	515
38248	1737
38249	1218
38250	698
38251	111
38252	3
38253	13
38254	16
38255	617
38256	1852
38257	14
38258	22
38259	323
38260	76
38261	4
38262	47
38263	10
38264	1504
38265	8
38266	2494
38267	537
38268	80
38269	58
38270	5
38271	389
38272	66
38273	11066
38274	6394
38275	2419
38276	1
38277	1803
38278	240
38279	394
38280	57
38281	1166
38282	7
38283	26
38284	58
38285	83
38286	333
38287	201
38288	4906
38289	1208
38290	458
38291	1803
38292	10
38293	26721
38294	286
38295	561
38296	22
38297	183
38298	251
38299	719
38300	1640
38301	37
38302	103
38303	938
38304	11
38305	10
38306	8
38307	76
38308	238
38309	11
38310	357
38311	1970
38312	5719
38313	4625
38314	25
38315	28
38316	9
38317	3
38318	1898
38319	22
38320	7
38321	243
38322	1069
38323	5
38324	4
38325	160
38326	22
38327	68
38328	12
38329	23
38330	14
38331	40
38332	29
38333	6
38334	46
38335	3
38336	87
38337	10
38338	7
38339	15
38340	928
38341	1107
38342	408
38343	147
38344	192
38345	31
38346	71
38347	183
38348	12
38349	403
38350	52
38351	20
38352	8
38353	133
38354	23
38355	309
38356	4
38357	1106
38358	22
38359	13
38360	134
38361	10
38362	5
38363	9
38364	14
38365	324
38366	36
38367	6
38368	233
38369	16
38370	131
38371	2747
38372	10
38373	2
38374	5003
38375	6
38376	226
38377	93
38378	13
38379	112
38380	147
38381	296
38382	185
38383	23641
38384	457
38385	8
38386	10
38387	433
38388	68
38389	92
38390	407
38391	60
38392	30
38393	36
38394	44
38395	924
38396	19
38397	237
38398	9
38399	81
38400	16535
38401	35
38402	57
38403	9
38404	16
38405	190
38406	154
38407	264
38408	678
38409	18
38410	13
38411	26
38412	77
38413	25
38414	131
38415	382
38416	642
38417	13
38418	9
38419	3921
38420	14
38421	3
38422	17
38423	5
38424	54
38425	696
38426	1103
38427	598
38428	184
38429	12
38430	663
38431	13
38432	71
38433	1310
38434	85
38435	28
38436	10
38437	19
38438	27
38439	1726
38440	766
38441	2
38442	8
38443	57
38444	6153
38445	55
38446	86
38447	338
38448	422
38449	6
38450	15
38451	38
38452	1391
38453	3480
38454	50
38455	583
38456	21451
38457	209
38458	7
38459	224
38460	33
38461	76
38462	4
38463	46
38464	495
38465	1187
38466	17
38467	131
38468	21
38469	18
38470	393
38471	408
38472	14
38473	1156
38474	2
38475	292
38476	333
38477	16
38478	52
38479	72
38480	1564
38481	45
38482	16
38483	1055
38484	3
38485	79
38486	152
38487	8
38488	154
38489	40
38490	1911
38491	104
38492	31
38493	3
38494	205
38495	290
38496	9
38497	69
38498	34
38499	15
38500	15
38501	6
38502	27
38503	50
38504	1926
38505	5
38506	109
38507	6
38508	2479
38509	31
38510	1645
38511	2707
38512	61
38513	137
38514	219
38515	211
38516	64
38517	5
38518	47
38519	28
38520	48
38521	31
38522	5
38523	25
38524	9
38525	99
38526	321
38527	533
38528	10
38529	41
38530	191
38531	1613
38532	14
38533	2775
38534	28
38535	24
38536	57
38537	89
38538	19
38539	686
38540	247
38541	65
38542	28
38543	46
38544	6281
38545	38
38546	228
38547	362
38548	602
38549	23
38550	18
38551	41
38552	2
38553	1284
38554	57
38555	33
38556	55
38557	4932
38558	3767
38559	49
38560	76
38561	15
38562	3030
38563	3433
38564	15
38565	3
38566	61
38567	862
38568	27
38569	510
38570	48
38571	62
38572	15
38573	348
38574	35
38575	10
38576	267
38577	8
38578	76
38579	2102
38580	193
38581	29
38582	130
38583	304
38584	184
38585	119
38586	96
38587	8
38588	33
38589	3
38590	88
38591	3
38592	6
38593	991
38594	4
38595	86
38596	3948
38597	44
38598	133
38599	3
38600	19
38601	478
38602	156
38603	178
38604	6
38605	9
38606	32
38607	40
38608	1030
38609	1172
38610	241
38611	27
38612	25
38613	171
38614	44
38615	214
38616	50
38617	4
38618	1897
38619	3
38620	586
38621	17
38622	4422
38623	5
38624	19
38625	112
38626	22
38627	6
38628	49
38629	45
38630	14
38631	18
38632	126
38633	9
38634	96
38635	612
38636	278
38637	63
38638	20
38639	95
38640	4
38641	286
38642	192
38643	116
38644	460
38645	7
38646	9
38647	4163
38648	19
38649	172
38650	7836
38651	96
38652	693
38653	137
38654	8
38655	297
38656	6692
38657	322
38658	158
38659	228
38660	26
38661	59
38662	3976
38663	12
38664	812
38665	17
38666	627
38667	14
38668	29
38669	115
38670	19
38671	85
38672	1468
38673	15
38674	222
38675	42
38676	21
38677	15
38678	13
38679	1112
38680	49
38681	91
38682	46
38683	994
38684	1190
38685	45
38686	19
38687	38
38688	79
38689	35663
38690	101
38691	97
38692	33
38693	4529
38694	1384
38695	35
38696	37
38697	249
38698	239
38699	34
38700	5
38701	191
38702	17
38703	223
38704	447
38705	8
38706	130
38707	164
38708	37
38709	24
38710	19
38711	5
38712	16
38713	5
38714	840
38715	4
38716	105
38717	65
38718	4
38719	133
38720	2334
38721	5
38722	65
38723	29
38724	7
38725	18
38726	1231
38727	82
38728	5
38729	653
38730	3022
38731	31
38732	54
38733	22
38734	1816
38735	33
38736	9
38737	159
38738	125
38739	17565
38740	69
38741	69
38742	11
38743	12
38744	2
38745	24
38746	8
38747	2285
38748	146
38749	235
38750	1655
38751	440
38752	17
38753	57
38754	189
38755	457
38756	18
38757	94
38758	122
38759	7
38760	273
38761	6
38762	34
38763	202
38764	93
38765	10
38766	162
38767	23
38768	11362
38769	24
38770	763
38771	7
38772	8337
38773	280
38774	160
38775	2478
38776	6
38777	21745
38778	80
38779	153
38780	20
38781	4
38782	454
38783	13
38784	177
38785	37
38786	23
38787	34
38788	11
38789	733
38790	10
38791	2
38792	6
38793	400
38794	52
38795	46
38796	241
38797	1984
38798	77
38799	590
38800	31
38801	53
38802	690
38803	129
38804	34
38805	84
38806	56
38807	15
38808	3
38809	1026
38810	13
38811	9
38812	64
38813	82
38814	67
38815	75
38816	2
38817	1639
38818	711
38819	716
38820	57
38821	18
38822	53
38823	15
38824	388
38825	12
38826	180
38827	4451
38828	126
38829	65
38830	39
38831	283
38832	54
38833	238
38834	902
38835	60
38836	11
38837	1898
38838	2667
38839	36
38840	311
38841	39
38842	3
38843	12
38844	1915
38845	52
38846	42
38847	1056
38848	81
38849	1068
38850	35
38851	4
38852	293
38853	8
38854	9
38855	20
38856	290
38857	3
38858	40
38859	26
38860	3
38861	116
38862	127
38863	35
38864	6
38865	37
38866	88
38867	39
38868	16
38869	5
38870	41
38871	63
38872	32
38873	98
38874	137
38875	475
38876	94
38877	18
38878	10
38879	35
38880	108
38881	1136
38882	18
38883	794
38884	145
38885	400
38886	534
38887	157
38888	247
38889	2163
38890	7501
38891	4
38892	401
38893	97
38894	6
38895	599
38896	1049
38897	6
38898	20
38899	7
38900	12
38901	15
38902	155
38903	524
38904	6
38905	498
38906	10
38907	7
38908	240
38909	548
38910	29
38911	109
38912	110
38913	21
38914	12
38915	9
38916	50
38917	38
38918	87
38919	207
38920	193
38921	147
38922	24
38923	6
38924	76
38925	305
38926	713
38927	39
38928	13238
38929	514
38930	186
38931	2
38932	9
38933	93
38934	24
38935	194
38936	262
38937	68
38938	253
38939	4
38940	273
38941	304
38942	13
38943	13
38944	7082
38945	37
38946	440
38947	183
38948	1089
38949	1216
38950	6
38951	5
38952	19
38953	91
38954	44
38955	16
38956	12
38957	157
38958	45
38959	480
38960	275
38961	19
38962	29
38963	234
38964	247
38965	40
38966	351
38967	386
38968	118
38969	132
38970	851
38971	8
38972	52
38973	32
38974	501
38975	13
38976	13
38977	1
38978	616
38979	250
38980	4
38981	19
38982	14
38983	24
38984	3423
38985	4011
38986	5
38987	83
38988	3456
38989	12
38990	141
38991	898
38992	174
38993	375
38994	48
38995	725
38996	8698
38997	1011
38998	25
38999	44
39000	92
39001	2788
39002	948
39003	6
39004	247
39005	787
39006	3
39007	7
39008	24
39009	271
39010	59
39011	5
39012	21
39013	1757
39014	61
39015	35
39016	37
39017	62
39018	11
39019	117
39020	13
39021	447
39022	95
39023	614
39024	4127
39025	15
39026	18
39027	225
39028	418
39029	130
39030	59
39031	56
39032	3498
39033	20
39034	14
39035	1112
39036	108
39037	649
39038	107
39039	9
39040	7812
39041	4605
39042	28
39043	12
39044	9
39045	7
39046	4068
39047	3
39048	14
39049	20
39050	13
39051	147
39052	41
39053	19
39054	2422
39055	5075
39056	6
39057	514
39058	9
39059	2489
39060	14
39061	178
39062	61
39063	52
39064	10
39065	60
39066	355
39067	97
39068	28
39069	202
39070	26
39071	568
39072	127
39073	21
39074	6
39075	168
39076	127
39077	49
39078	197
39079	65
39080	18
39081	39
39082	14
39083	464
39084	18
39085	21
39086	8
39087	66
39088	8
39089	4
39090	256
39091	12
39092	410
39093	53
39094	2635
39095	33
39096	40
39097	6607
39098	2
39099	1424
39100	32
39101	736
39102	19
39103	8
39104	41
39105	4
39106	39
39107	989
39108	9733
39109	25
39110	98
39111	51
39112	158
39113	944
39114	37
39115	287
39116	344
39117	200
39118	38
39119	63
39120	6
39121	6676
39122	42
39123	20
39124	118
39125	151
39126	130
39127	334
39128	519
39129	79
39130	458
39131	11
39132	1780
39133	20
39134	843
39135	8
39136	123
39137	400
39138	84
39139	304
39140	25
39141	176
39142	504
39143	4
39144	5
39145	8
39146	520
39147	219
39148	29
39149	264
39150	11
39151	6
39152	93
39153	30
39154	6
39155	74
39156	64
39157	589
39158	35
39159	15
39160	2584
39161	231
39162	2515
39163	116
39164	7
39165	30
39166	411
39167	11
39168	874
39169	6
39170	870
39171	4
39172	90
39173	6
39174	393
39175	7
39176	63
39177	195
39178	257
39179	58
39180	14869
39181	4
39182	620
39183	17
39184	110
39185	292
39186	99
39187	15
39188	43
39189	15
39190	10972
39191	39
39192	72
39193	8
39194	1231
39195	11
39196	67
39197	11
39198	15
39199	275
39200	1009
39201	687
39202	206
39203	402
39204	196
39205	10
39206	9
39207	4
39208	11
39209	14
39210	86
39211	29
39212	65
39213	9
39214	45
39215	361
39216	5509
39217	39
39218	386
39219	87
39220	202
39221	11
39222	3
39223	10
39224	716
39225	1131
39226	125
39227	70
39228	816
39229	75
39230	3
39231	9
39232	32
39233	21
39234	16
39235	84
39236	730
39237	32
39238	538
39239	21
39240	9
39241	15
39242	456
39243	61
39244	3
39245	344
39246	35
39247	2431
39248	25
39249	895
39250	714
39251	302
39252	69
39253	33
39254	6
39255	47
39256	191
39257	10
39258	9
39259	64
39260	10
39261	584
39262	235
39263	7
39264	22
39265	745
39266	110
39267	141
39268	5
39269	72
39270	272
39271	5
39272	116
39273	17
39274	25
39275	100060
39276	5140
39277	436
39278	126
39279	701
39280	876
39281	330
39282	583
39283	13
39284	138
39285	399
39286	83
39287	87
39288	10
39289	10
39290	47
39291	39
39292	4
39293	146
39294	18
39295	12
39296	8
39297	161
39298	317
39299	1168
39300	100
39301	1127
39302	15
39303	3779
39304	6
39305	72
39306	4
39307	17
39308	141
39309	6
39310	74
39311	29
39312	49
39313	5
39314	172
39315	215
39316	25
39317	8
39318	18
39319	5
39320	8
39321	1038
39322	3617
39323	10
39324	29
39325	4
39326	24
39327	613
39328	203
39329	112
39330	86
39331	134
39332	2704
39333	8
39334	15
39335	148
39336	13
39337	862
39338	88
39339	128
39340	7
39341	25
39342	36
39343	14
39344	3
39345	75
39346	96
39347	7
39348	230
39349	925
39350	333
39351	1531
39352	377
39353	285
39354	22
39355	14
39356	162
39357	36
39358	26
39359	55
39360	136
39361	140
39362	4
39363	782
39364	14
39365	102
39366	10
39367	4
39368	59
39369	269
39370	129
39371	144
39372	11
39373	8
39374	1923
39375	1180
39376	3
39377	111
39378	340
39379	20
39380	181
39381	136
39382	21
39383	60
39384	27
39385	15
39386	163
39387	8
39388	71
39389	56
39390	72
39391	456
39392	25
39393	5
39394	615
39395	9
39396	114
39397	568
39398	21
39399	113
39400	222
39401	13
39402	76
39403	38
39404	342
39405	6
39406	43
39407	188
39408	24086
39409	4317
39410	14
39411	4638
39412	7
39413	33
39414	80
39415	496
39416	12
39417	26
39418	20
39419	18
39420	24
39421	28
39422	23
39423	308
39424	99
39425	578
39426	15
39427	3294
39428	2622
39429	472
39430	4680
39431	476
39432	316
39433	5
39434	116
39435	48
39436	120
39437	68
39438	11
39439	6
39440	3
39441	512
39442	536
39443	40
39444	13
39445	72
39446	19
39447	12
39448	2538
39449	4
39450	2882
39451	137
39452	417
39453	21
39454	30
39455	32
39456	44
39457	174
39458	30
39459	581
39460	3
39461	794
39462	1440
39463	13
39464	1447
39465	408
39466	7
39467	39
39468	2736
39469	930
39470	472
39471	9
39472	20
39473	13
39474	10
39475	26443
39476	65
39477	899
39478	39
39479	332
39480	9
39481	364
39482	177
39483	30
39484	43
39485	2524
39486	46
39487	109
39488	45
39489	166
39490	19
39491	2968
39492	154
39493	38
39494	74
39495	1279
39496	70
39497	33
39498	27
39499	4
39500	15
39501	146
39502	93
39503	33
39504	212
39505	64
39506	43
39507	135
39508	23
39509	910
39510	32
39511	14
39512	862
39513	79
39514	34
39515	15
39516	24
39517	84
39518	192
39519	768
39520	8
39521	25
39522	1
39523	6
39524	10
39525	14
39526	3
39527	4659
39528	11
39529	515
39530	10
39531	13
39532	14
39533	4
39534	2338
39535	103
39536	21
39537	63
39538	11
39539	270
39540	20
39541	14
39542	59
39543	88
39544	247
39545	1573
39546	55
39547	63
39548	132
39549	481
39550	666
39551	56
39552	16
39553	4
39554	247
39555	102
39556	52
39557	1288
39558	8677
39559	363
39560	4115
39561	12315
39562	32
39563	117
39564	150
39565	5
39566	178
39567	15
39568	6
39569	37
39570	630
39571	30
39572	6
39573	7
39574	151
39575	18
39576	21
39577	597
39578	2629
39579	21
39580	92
39581	8987
39582	248
39583	5
39584	34
39585	8
39586	19
39587	25
39588	22
39589	1027
39590	85
39591	30
39592	37
39593	15
39594	53
39595	9
39596	69
39597	57
39598	3
39599	285
39600	330
39601	115
39602	270
39603	21
39604	436
39605	638
39606	70
39607	27
39608	21
39609	35
39610	135
39611	10
39612	728
39613	27
39614	447
39615	160
39616	14
39617	19
39618	529
39619	16824
39620	1168
39621	1358
39622	4
39623	692
39624	5
39625	199
39626	25
39627	46
39628	767
39629	3
39630	18
39631	12
39632	37
39633	16
39634	14
39635	135
39636	636
39637	44
39638	5
39639	242
39640	28
39641	5
39642	111
39643	1002
39644	51
39645	4
39646	1022
39647	172
39648	85
39649	1576
39650	12
39651	3
39652	33
39653	346
39654	59
39655	13
39656	117
39657	5019
39658	77
39659	16
39660	101
39661	74
39662	193
39663	292
39664	268
39665	3
39666	6
39667	300
39668	14
39669	29
39670	134
39671	30
39672	14
39673	7
39674	4
39675	13
39676	696
39677	29
39678	1758
39679	12
39680	382
39681	651
39682	128
39683	215
39684	114
39685	412
39686	7
39687	13
39688	4
39689	15
39690	4
39691	8
39692	637
39693	2889
39694	66
39695	29
39696	915
39697	86
39698	514
39699	2772
39700	77
39701	4
39702	458
39703	22
39704	142
39705	134
39706	450
39707	170
39708	315
39709	19
39710	58
39711	33
39712	49
39713	12
39714	21
39715	78
39716	9
39717	7
39718	46
39719	2931
39720	30
39721	1574
39722	37
39723	174
39724	68
39725	66
39726	417
39727	151
39728	89
39729	661
39730	11
39731	21
39732	3575
39733	4
39734	148
39735	318
39736	54
39737	351
39738	35
39739	914
39740	33
39741	94
39742	83
39743	55
39744	14
39745	54
39746	78
39747	916
39748	741
39749	76
39750	35
39751	175
39752	34
39753	8
39754	33
39755	7
39756	3
39757	11
39758	2349
39759	1
39760	212
39761	56
39762	146
39763	6
39764	206
39765	36
39766	154
39767	34
39768	25
39769	23
39770	35
39771	10
39772	120
39773	14
39774	297
39775	7
39776	40
39777	23
39778	4
39779	51
39780	118
39781	2119
39782	420
39783	258
39784	81
39785	31
39786	21
39787	206
39788	5
39789	38
39790	80
39791	89
39792	136
39793	5
39794	4871
39795	12
39796	497
39797	9
39798	4
39799	1349
39800	138
39801	34
39802	249
39803	384
39804	737
39805	21
39806	552
39807	121
39808	14
39809	46
39810	6
39811	15
39812	19544
39813	62
39814	435
39815	166
39816	59
39817	8
39818	32
39819	5
39820	229
39821	215
39822	17
39823	196
39824	25
39825	223
39826	110
39827	19
39828	44
39829	41
39830	11
39831	178
39832	2005
39833	27
39834	402
39835	49
39836	36
39837	334
39838	62
39839	50
39840	28
39841	20
39842	5
39843	7
39844	3399
39845	120
39846	61
39847	32
39848	9
39849	27
39850	706
39851	6
39852	32
39853	95
39854	9
39855	35
39856	17
39857	66
39858	1023
39859	350
39860	8
39861	1425
39862	181
39863	1490
39864	24
39865	7
39866	6
39867	99
39868	108
39869	103
39870	27
39871	1061
39872	16
39873	15
39874	114
39875	18
39876	276
39877	58779
39878	29
39879	33
39880	4
39881	4
39882	103
39883	118
39884	51
39885	18
39886	1848
39887	51
39888	23
39889	530
39890	691
39891	1044
39892	100
39893	7
39894	6
39895	59
39896	45
39897	43
39898	193
39899	98
39900	97
39901	26
39902	7
39903	15
39904	22
39905	125
39906	13
39907	4
39908	52
39909	57
39910	89
39911	2617
39912	112
39913	30
39914	5
39915	58
39916	5
39917	15
39918	14
39919	7
39920	6
39921	5134
39922	7393
39923	49
39924	470
39925	9
39926	17
39927	309
39928	50141
39929	443
39930	36
39931	26
39932	6
39933	42
39934	8
39935	21
39936	281
39937	8
39938	175
39939	7
39940	5
39941	52
39942	99
39943	12
39944	15
39945	884
39946	5
39947	11237
39948	8
39949	17
39950	621
39951	27
39952	4
39953	1011
39954	1079
39955	53
39956	25
39957	27
39958	1300
39959	113
39960	24
39961	142
39962	338
39963	76
39964	1121
39965	15
39966	679
39967	26
39968	558
39969	82
39970	7
39971	484
39972	845
39973	565
39974	39
39975	591
39976	23
39977	2014
39978	33
39979	182
39980	228
39981	348
39982	1763
39983	29
39984	15954
39985	50
39986	47
39987	73
39988	395
39989	73
39990	1857
39991	471
39992	22
39993	15367
39994	74
39995	3
39996	20
39997	71
39998	6
39999	5
40000	7
40001	4596
40002	6129
40003	5
40004	338
40005	55
40006	6
40007	26
40008	261
40009	1770
40010	99
40011	74
40012	121
40013	247
40014	18
40015	20
40016	30
40017	278
40018	8
40019	28
40020	73
40021	750
40022	348
40023	47
40024	9
40025	289
40026	46
40027	205
40028	1475
40029	4
40030	7
40031	977
40032	259
40033	3
40034	264
40035	59
40036	29
40037	2
40038	67
40039	64
40040	19
40041	37
40042	410
40043	22
40044	161
40045	33
40046	23
40047	480
40048	35
40049	11
40050	34
40051	16
40052	76
40053	154
40054	1333
40055	1906
40056	195
40057	25
40058	137
40059	4
40060	3
40061	6
40062	150
40063	9279
40064	775
40065	26
40066	11
40067	56
40068	416
40069	39
40070	45
40071	4
40072	25
40073	179
40074	12
40075	10
40076	230
40077	136
40078	3573
40079	148
40080	279
40081	22
40082	60
40083	12
40084	32
40085	69
40086	10
40087	243
40088	166
40089	27
40090	9
40091	329
40092	114
40093	4
40094	11
40095	3
40096	4
40097	21
40098	34
40099	6
40100	11
40101	4
40102	27
40103	41
40104	149
40105	33
40106	12
40107	8
40108	35
40109	8
40110	252
40111	3
40112	73
40113	94
40114	26
40115	14
40116	49
40117	79
40118	157
40119	22
40120	3082
40121	41
40122	3
40123	129
40124	150
40125	14
40126	48
40127	80
40128	89
40129	19
40130	11
40131	222
40132	62
40133	14
40134	167
40135	10
40136	3718
40137	3
40138	14
40139	89
40140	99
40141	1189
40142	411
40143	16
40144	147
40145	711
40146	2806
40147	70
40148	31
40149	30
40150	19
40151	147
40152	77
40153	131
40154	431
40155	4
40156	1175
40157	21
40158	93
40159	12
40160	12
40161	75
40162	173
40163	30
40164	140
40165	41
40166	182
40167	14
40168	262
40169	66
40170	33
40171	1015
40172	98
40173	546
40174	16356
40175	16
40176	18
40177	367
40178	290
40179	129
40180	418
40181	84
40182	553
40183	257
40184	6
40185	153
40186	307
40187	8
40188	97
40189	240
40190	34
40191	107
40192	57
40193	11
40194	183
40195	7
40196	363
40197	4
40198	9788
40199	14148
40200	4
40201	26
40202	67
40203	1739
40204	7
40205	8
40206	7
40207	6
40208	1070
40209	32
40210	133
40211	75
40212	42
40213	19
40214	1653
40215	629
40216	987
40217	19
40218	73
40219	258
40220	55
40221	7
40222	4
40223	146
40224	86
40225	34
40226	60
40227	19
40228	520
40229	5519
40230	5
40231	16
40232	699
40233	4414
40234	79
40235	123
40236	908
40237	16
40238	11
40239	109
40240	52
40241	54
40242	24
40243	4
40244	80
40245	66
40246	98
40247	27
40248	15
40249	5
40250	18
40251	561
40252	317
40253	13
40254	508
40255	703
40256	1148
40257	49
40258	8
40259	10
40260	31
40261	3104
40262	22
40263	2
40264	16
40265	8
40266	87
40267	12
40268	8213
40269	254
40270	40
40271	285
40272	24
40273	5
40274	2
40275	20
40276	27
40277	214
40278	912
40279	1193
40280	134
40281	302
40282	5
40283	107
40284	21
40285	2222
40286	23
40287	2247
40288	30
40289	506
40290	4
40291	38
40292	297
40293	7
40294	14
40295	134
40296	5
40297	121
40298	234
40299	666
40300	120
40301	219
40302	256
40303	12
40304	19
40305	15
40306	53
40307	108
40308	70
40309	31
40310	20069
40311	1639
40312	163
40313	395
40314	33
40315	54
40316	743
40317	75
40318	60
40319	273
40320	7
40321	8
40322	26
40323	10
40324	2
40325	4
40326	206
40327	7
40328	4
40329	188
40330	516
40331	94
40332	12424
40333	169
40334	1609
40335	87
40336	164
40337	10
40338	3623
40339	305
40340	48
40341	17
40342	1837
40343	39
40344	125
40345	1560
40346	103
40347	12
40348	6023
40349	22
40350	610
40351	152
40352	331
40353	407
40354	2588
40355	89
40356	262
40357	9
40358	71
40359	22
40360	220
40361	69
40362	30
40363	958
40364	295
40365	49
40366	273
40367	21
40368	20
40369	7
40370	6
40371	102
40372	34
40373	132
40374	63
40375	76
40376	2956
40377	9490
40378	68
40379	31
40380	504
40381	19
40382	10
40383	34
40384	23
40385	10
40386	2708
40387	4
40388	963
40389	120
40390	20
40391	93
40392	54
40393	56
40394	48
40395	24
40396	17960
40397	1249
40398	73
40399	264
40400	26
40401	13
40402	10
40403	689
40404	157
40405	126
40406	212
40407	38
40408	1118
40409	133
40410	124
40411	2717
40412	53
40413	11
40414	16
40415	377
40416	219
40417	1000
40418	70
40419	10
40420	16
40421	295
40422	54
40423	6
40424	179
40425	120
40426	451
40427	1559
40428	5
40429	93
40430	4
40431	10
40432	6
40433	11
40434	5
40435	4
40436	125
40437	2
40438	9
40439	64
40440	13
40441	53
40442	30
40443	123
40444	16
40445	16
40446	134
40447	4
40448	188
40449	1046
40450	47
40451	258
40452	38
40453	93
40454	1073
40455	37
40456	25
40457	55
40458	329
40459	1106
40460	57
40461	5
40462	307
40463	67
40464	130
40465	26
40466	28
40467	759
40468	4
40469	3432
40470	589
40471	3
40472	369
40473	10
40474	80
40475	60
40476	154
40477	23
40478	73
40479	318
40480	40
40481	105
40482	7
40483	77
40484	222
40485	28
40486	2778
40487	58
40488	188
40489	40
40490	1992
40491	44
40492	41
40493	129
40494	159
40495	10
40496	11
40497	39
40498	90
40499	21
40500	13
40501	1084
40502	3
40503	10
40504	29
40505	15
40506	13
40507	74
40508	40
40509	10
40510	16
40511	72
40512	30
40513	29
40514	12
40515	20
40516	12495
40517	8
40518	79
40519	530
40520	183
40521	119
40522	167
40523	15
40524	196
40525	55
40526	4
40527	8
40528	41
40529	821
40530	375
40531	675
40532	82
40533	30
40534	232
40535	128
40536	109
40537	55
40538	327
40539	30
40540	13
40541	2446
40542	829
40543	151
40544	77
40545	14227
40546	173
40547	4
40548	25
40549	360
40550	284
40551	6
40552	10
40553	87
40554	577
40555	90
40556	1173
40557	476
40558	20
40559	292
40560	182
40561	11
40562	176
40563	7
40564	4
40565	109
40566	13
40567	9
40568	977
40569	7
40570	11
40571	18044
40572	89
40573	3
40574	484
40575	7
40576	186
40577	49
40578	36
40579	20
40580	58
40581	641
40582	5
40583	181
40584	163
40585	224
40586	400
40587	1717
40588	18
40589	472
40590	220
40591	224
40592	1528
40593	6975
40594	5
40595	69
40596	327
40597	78
40598	857
40599	93
40600	782
40601	142
40602	8
40603	760
40604	32351
40605	343
40606	331
40607	19
40608	3
40609	2
40610	16
40611	9
40612	686
40613	79
40614	359
40615	88
40616	293
40617	9
40618	209
40619	491
40620	216
40621	1128
40622	24
40623	536
40624	35
40625	64
40626	5
40627	675
40628	17
40629	50
40630	96
40631	272
40632	1601
40633	414
40634	1017
40635	43
40636	27
40637	140
40638	86
40639	5
40640	20
40641	4
40642	93
40643	3
40644	38
40645	278
40646	577
40647	32
40648	273
40649	7
40650	22
40651	6
40652	3
40653	15
40654	30
40655	17
40656	665
40657	85
40658	75
40659	764
40660	782
40661	4
40662	70
40663	529
40664	187
40665	24
40666	10
40667	3
40668	53
40669	18
40670	312
40671	261
40672	386
40673	52
40674	498
40675	13
40676	336
40677	82
40678	522
40679	11
40680	44
40681	399
40682	11
40683	573
40684	4
40685	90
40686	44
40687	30
40688	1413
40689	69
40690	16
40691	1939
40692	49
40693	20
40694	11
40695	7
40696	128
40697	8
40698	9
40699	116
40700	23
40701	163
40702	51
40703	13
40704	31
40705	92
40706	84255
40707	9
40708	2127
40709	14800
40710	94
40711	747
40712	822
40713	4
40714	147
40715	79
40716	126
40717	5
40718	45
40719	13
40720	64
40721	234
40722	329
40723	12834
40724	3010
40725	1430
40726	25
40727	149
40728	13
40729	3
40730	91
40731	247
40732	194
40733	171
40734	318
40735	18
40736	28
40737	9
40738	429
40739	27
40740	45
40741	144
40742	2201
40743	21
40744	1
40745	27
40746	215
40747	2
40748	76
40749	1828
40750	10
40751	119
40752	98
40753	235
40754	23
40755	30
40756	411
40757	30
40758	85
40759	666
40760	88
40761	2832
40762	38
40763	1108
40764	3
40765	244
40766	2
40767	426
40768	12
40769	3
40770	692
40771	22
40772	1490
40773	8
40774	36
40775	650
40776	28
40777	1439
40778	371
40779	133
40780	55
40781	194
40782	24
40783	69
40784	7
40785	63
40786	21
40787	445
40788	311
40789	787
40790	141
40791	47
40792	13
40793	24
40794	388
40795	1998
40796	6
40797	16
40798	13
40799	7
40800	37
40801	3
40802	197
40803	30
40804	238
40805	54
40806	20
40807	76
40808	84
40809	2
40810	144
40811	33
40812	212
40813	21
40814	5
40815	997
40816	23
40817	597
40818	42
40819	20
40820	69
40821	994
40822	10
40823	9
40824	777
40825	936
40826	1896
40827	9
40828	7
40829	205
40830	65
40831	28
40832	76
40833	44
40834	53
40835	11
40836	1306
40837	23
40838	86
40839	16
40840	10
40841	18
40842	6
40843	5
40844	200
40845	9
40846	190
40847	298
40848	37
40849	508
40850	25
40851	2
40852	4650
40853	47
40854	20
40855	32
40856	23
40857	55
40858	202
40859	552
40860	29
40861	63
40862	185
40863	202
40864	342
40865	419
40866	237
40867	133
40868	889
40869	12
40870	9
40871	151
40872	148
40873	323
40874	53
40875	9
40876	6
40877	486
40878	2598
40879	163
40880	158
40881	35
40882	181
40883	164
40884	671
40885	240
40886	20
40887	64
40888	32
40889	139
40890	17
40891	26
40892	249
40893	70
40894	4
40895	48
40896	90
40897	2056
40898	1207
40899	10
40900	67
40901	44
40902	161
40903	3
40904	20
40905	628
40906	40
40907	33
40908	8
40909	10
40910	7642
40911	53
40912	89
40913	238
40914	172
40915	72
40916	10
40917	137
40918	27
40919	285
40920	130
40921	410
40922	19
40923	21
40924	32
40925	1288
40926	146
40927	119
40928	257
40929	98
40930	14
40931	330
40932	9
40933	7
40934	310
40935	174
40936	10
40937	22
40938	7
40939	5403
40940	244
40941	1022
40942	63
40943	52
40944	33
40945	724
40946	23
40947	31
40948	75
40949	3
40950	6
40951	14
40952	43
40953	3
40954	209
40955	38
40956	54
40957	11
40958	11
40959	18
40960	216
40961	1207
40962	177
40963	426
40964	7
40965	25
40966	74
40967	60
40968	78
40969	1932
40970	15
40971	7
40972	15
40973	89
40974	899
40975	25
40976	21
40977	113
40978	11
40979	74
40980	16
40981	11
40982	619
40983	15
40984	8
40985	16
40986	969
40987	8
40988	5
40989	93
40990	38
40991	127
40992	4238
40993	66
40994	24
40995	15
40996	107
40997	1718
40998	88
40999	56
41000	6
41001	5
41002	16
41003	379
41004	418
41005	490
41006	1768
41007	3068
41008	64
41009	740
41010	1009
41011	8
41012	5
41013	189
41014	4
41015	15
41016	3
41017	12
41018	127
41019	246
41020	28
41021	56
41022	87
41023	286
41024	247
41025	24
41026	445
41027	35
41028	18
41029	42
41030	250
41031	7
41032	15
41033	12
41034	21
41035	315
41036	30
41037	38
41038	10
41039	193
41040	64
41041	58
41042	23
41043	424
41044	21
41045	11
41046	72
41047	1084
41048	12
41049	5
41050	19
41051	32
41052	21
41053	251
41054	89
41055	2586
41056	216
41057	1835
41058	757
41059	7
41060	87
41061	207
41062	153
41063	504
41064	434
41065	11223
41066	675
41067	54
41068	174
41069	16
41070	7
41071	4
41072	458
41073	96
41074	210
41075	80
41076	9
41077	236
41078	18
41079	261
41080	223
41081	4
41082	95
41083	391
41084	83
41085	10
41086	26
41087	18
41088	34
41089	408
41090	20
41091	67
41092	18
41093	84
41094	37
41095	109
41096	216
41097	55
41098	250
41099	160
41100	26
41101	12
41102	28
41103	79
41104	13
41105	11
41106	116
41107	126
41108	51
41109	83
41110	316
41111	230
41112	29
41113	16
41114	60
41115	24
41116	414
41117	648
41118	242
41119	148
41120	480
41121	170
41122	5
41123	11
41124	294
41125	417
41126	18
41127	18
41128	2
41129	354
41130	13
41131	4245
41132	4
41133	173
41134	45
41135	423
41136	15
41137	82
41138	13
41139	81
41140	432
41141	26
41142	2
41143	6
41144	138
41145	17
41146	54
41147	12
41148	2831
41149	8366
41150	19
41151	168
41152	20
41153	78
41154	8
41155	213
41156	7
41157	5
41158	54
41159	42
41160	5
41161	45
41162	227
41163	24
41164	247
41165	4517
41166	10
41167	14
41168	342
41169	720
41170	123
41171	434
41172	97
41173	16
41174	71
41175	6
41176	653
41177	3886
41178	1817
41179	133
41180	42
41181	5
41182	26
41183	101
41184	18
41185	10
41186	116
41187	24
41188	10
41189	49
41190	7
41191	12
41192	375
41193	2
41194	7
41195	526
41196	241
41197	33
41198	3828
41199	19
41200	39
41201	37
41202	11
41203	127
41204	42
41205	6
41206	162
41207	137
41208	79
41209	169
41210	43
41211	3
41212	944
41213	3375
41214	59
41215	34
41216	231
41217	126
41218	64
41219	35
41220	34874
41221	9
41222	341
41223	506
41224	3
41225	107
41226	79
41227	4
41228	22
41229	178
41230	115
41231	15
41232	28
41233	32
41234	41
41235	19
41236	85
41237	164
41238	3677
41239	19
41240	42
41241	49
41242	1871
41243	32
41244	12
41245	183
41246	42
41247	180
41248	425
41249	386
41250	96
41251	7
41252	8
41253	8
41254	231
41255	221
41256	5
41257	57
41258	8
41259	6518
41260	6
41261	47
41262	7
41263	17
41264	238
41265	27
41266	8
41267	27
41268	10
41269	3
41270	51
41271	902
41272	799
41273	5778
41274	22
41275	13
41276	6461
41277	1200
41278	82
41279	12
41280	9
41281	15
41282	144
41283	28
41284	101
41285	43
41286	44
41287	24
41288	4
41289	388
41290	19692
41291	169
41292	4
41293	381
41294	207
41295	13
41296	48
41297	131
41298	40
41299	49
41300	19
41301	667
41302	697
41303	9
41304	18
41305	75
41306	126
41307	4
41308	19
41309	12
41310	89
41311	39
41312	25
41313	14
41314	59
41315	572
41316	100
41317	122
41318	7
41319	6671
41320	11
41321	4
41322	47
41323	17
41324	4
41325	1066
41326	107
41327	99
41328	889
41329	3462
41330	568
41331	245
41332	308
41333	21
41334	58
41335	126
41336	40
41337	124
41338	1319
41339	290
41340	721
41341	13
41342	14
41343	7
41344	3
41345	242
41346	110
41347	8
41348	326
41349	623
41350	13
41351	3982
41352	1611
41353	10
41354	630
41355	279
41356	63
41357	98
41358	21
41359	102
41360	153
41361	132
41362	1534
41363	1315
41364	438
41365	13
41366	126
41367	170
41368	5
41369	37
41370	177
41371	521
41372	820
41373	342
41374	13
41375	2465
41376	954
41377	593
41378	43
41379	7
41380	18
41381	139
41382	21
41383	238
41384	7
41385	1681
41386	5
41387	1850
41388	179
41389	18
41390	872
41391	569
41392	582
41393	8
41394	9
41395	142
41396	223
41397	68
41398	87
41399	14
41400	8723
41401	12
41402	9
41403	8
41404	160
41405	87
41406	1939
41407	3
41408	1732
41409	30
41410	3
41411	4
41412	37
41413	31
41414	601
41415	8
41416	37
41417	3
41418	22
41419	216
41420	118
41421	10
41422	8
41423	186
41424	112
41425	32
41426	37
41427	625
41428	42
41429	40
41430	142
41431	5
41432	32
41433	2083
41434	435
41435	69
41436	83
41437	1256
41438	39
41439	62
41440	7
41441	38
41442	31
41443	20
41444	5
41445	263
41446	23
41447	107
41448	80
41449	7
41450	11
41451	44
41452	96
41453	1744
41454	27
41455	356
41456	15
41457	52
41458	878
41459	18
41460	5
41461	301
41462	10
41463	2609
41464	4
41465	5
41466	15
41467	6
41468	428
41469	37
41470	76
41471	17
41472	15
41473	42
41474	94
41475	263
41476	38
41477	50
41478	13
41479	26
41480	1211
41481	8
41482	48
41483	897
41484	36
41485	246
41486	508
41487	10
41488	3097
41489	17
41490	40
41491	28
41492	13
41493	2
41494	17
41495	52
41496	68
41497	19
41498	57
41499	40
41500	370
41501	8
41502	19
41503	123
41504	7
41505	9
41506	12
41507	12
41508	46
41509	60
41510	318
41511	4
41512	4
41513	13
41514	211
41515	559
41516	11
41517	112
41518	19
41519	617
41520	435
41521	45
41522	3
41523	175
41524	97
41525	62
41526	20
41527	873
41528	24
41529	8
41530	57
41531	58
41532	22
41533	17
41534	920
41535	31
41536	50
41537	64
41538	5
41539	1014
41540	6515
41541	748
41542	12
41543	140
41544	6999
41545	493
41546	8
41547	4
41548	15
41549	1256
41550	84
41551	442
41552	12
41553	254
41554	14
41555	99
41556	1851
41557	1142
41558	44
41559	456
41560	4
41561	1314
41562	89
41563	34
41564	26
41565	2075
41566	42
41567	69
41568	48
41569	332
41570	4587
41571	10
41572	97
41573	2
41574	19
41575	10
41576	62
41577	38
41578	97
41579	34
41580	575
41581	251
41582	544
41583	188
41584	124
41585	18
41586	3
41587	36
41588	10652
41589	15
41590	127
41591	929
41592	142
41593	6315
41594	581
41595	13
41596	2246
41597	1361
41598	54
41599	6
41600	29
41601	174
41602	1814
41603	201
41604	4
41605	761
41606	436
41607	21
41608	185
41609	131
41610	2581
41611	44
41612	6
41613	319
41614	59
41615	83
41616	65
41617	136
41618	2984
41619	21
41620	82
41621	2439
41622	4
41623	399
41624	444
41625	1225
41626	9
41627	5
41628	92
41629	131
41630	14
41631	6
41632	40
41633	23
41634	92
41635	167
41636	228
41637	1176
41638	7
41639	24
41640	115
41641	70
41642	950
41643	136
41644	80
41645	55
41646	32
41647	14
41648	12
41649	333
41650	482
41651	950
41652	26
41653	102
41654	64
41655	69
41656	17
41657	74
41658	10379
41659	40
41660	33
41661	199
41662	627
41663	56
41664	108
41665	18367
41666	23
41667	8
41668	19
41669	151
41670	98
41671	396
41672	6
41673	90
41674	1934
41675	16
41676	112
41677	161
41678	283
41679	329
41680	431
41681	7
41682	2762
41683	16
41684	9
41685	10
41686	161
41687	217
41688	66
41689	60
41690	5065
41691	20
41692	342
41693	3
41694	1808
41695	77
41696	20
41697	64
41698	89
41699	627
41700	134
41701	34
41702	81
41703	128
41704	36
41705	13
41706	89
41707	6
41708	102
41709	815
41710	66
41711	208
41712	12
41713	42
41714	1199
41715	740
41716	1798
41717	51
41718	14
41719	286
41720	1094
41721	12
41722	1683
41723	5
41724	4
41725	165
41726	33
41727	53
41728	10
41729	996
41730	118
41731	83
41732	63
41733	15
41734	37
41735	25
41736	12
41737	26
41738	41
41739	13
41740	94
41741	126
41742	21
41743	629
41744	8
41745	273
41746	342
41747	97
41748	79
41749	44
41750	1025
41751	1096
41752	11
41753	18
41754	63
41755	351
41756	13
41757	5784
41758	23
41759	85
41760	36
41761	3
41762	6
41763	256
41764	35
41765	144
41766	19
41767	219
41768	10
41769	15
41770	232
41771	2422
41772	22
41773	8
41774	2399
41775	56
41776	139
41777	833
41778	91
41779	510
41780	130
41781	44
41782	154
41783	340
41784	27
41785	324
41786	19
41787	35413
41788	45
41789	258
41790	3
41791	30
41792	10
41793	3202
41794	8
41795	20
41796	57
41797	21
41798	11
41799	16
41800	1
41801	54
41802	19
41803	391
41804	67
41805	1348
41806	4206
41807	10
41808	1265
41809	267
41810	144
41811	309
41812	56
41813	14
41814	14
41815	130
41816	6
41817	104
41818	35
41819	123
41820	44
41821	41
41822	8
41823	208
41824	12
41825	67
41826	47
41827	80
41828	159
41829	18
41830	18
41831	476
41832	66
41833	35
41834	1717
41835	35
41836	2764
41837	327
41838	6
41839	53
41840	494
41841	122
41842	3314
41843	4
41844	26741
41845	297
41846	60
41847	113
41848	5
41849	12
41850	3
41851	36
41852	38
41853	29
41854	52
41855	190
41856	7
41857	10
41858	145
41859	7
41860	2670
41861	162
41862	205
41863	348
41864	58
41865	177
41866	166
41867	46
41868	80
41869	40
41870	447
41871	10
41872	12
41873	172
41874	2425
41875	9
41876	7
41877	47
41878	4
41879	10
41880	65
41881	55
41882	58
41883	329
41884	6
41885	175
41886	106
41887	27
41888	49
41889	333
41890	1949
41891	15
41892	10
41893	7
41894	7
41895	5
41896	305
41897	48
41898	73
41899	28
41900	192
41901	36
41902	33
41903	33
41904	30
41905	3
41906	14
41907	41
41908	9
41909	2380
41910	88
41911	24
41912	614
41913	14
41914	29
41915	303
41916	3
41917	225
41918	7
41919	4
41920	1478
41921	448
41922	50
41923	3
41924	168
41925	24
41926	7
41927	15
41928	26
41929	155
41930	202
41931	7
41932	74
41933	18
41934	7
41935	240
41936	6
41937	8
41938	98
41939	30
41940	10
41941	84
41942	18
41943	54
41944	6
41945	16
41946	134
41947	131
41948	84
41949	284
41950	64289
41951	166
41952	12
41953	731
41954	78
41955	18
41956	311
41957	28
41958	446
41959	396
41960	3058
41961	31
41962	3
41963	394
41964	3
41965	39
41966	1210
41967	1
41968	189
41969	194
41970	1289
41971	96
41972	1384
41973	1012
41974	25
41975	52
41976	29
41977	135
41978	83
41979	47
41980	44
41981	18
41982	57
41983	755
41984	326
41985	213
41986	11
41987	32
41988	88
41989	4
41990	718
41991	31
41992	4
41993	16
41994	173
41995	29
41996	16
41997	45
41998	205
41999	2467
42000	15
42001	456
42002	843
42003	81
42004	95
42005	3
42006	68
42007	40
42008	20
42009	16
42010	188
42011	29
42012	8
42013	1118
42014	455
42015	129
42016	1019
42017	7
42018	72
42019	4
42020	7
42021	6
42022	6
42023	66
42024	156
42025	16
42026	359
42027	6
42028	1023
42029	246
42030	1454
42031	2
42032	275
42033	68
42034	9
42035	163
42036	6
42037	36
42038	16
42039	5
42040	106
42041	6
42042	10
42043	49
42044	6
42045	12
42046	16
42047	7
42048	72
42049	519
42050	11
42051	115
42052	347
42053	61
42054	45
42055	5
42056	33
42057	46
42058	208
42059	500
42060	8
42061	102
42062	49
42063	958
42064	16
42065	18
42066	26
42067	58
42068	12
42069	31
42070	33
42071	88
42072	54
42073	311
42074	106
42075	1180
42076	34
42077	72
42078	905
42079	13
42080	22
42081	46
42082	239
42083	94
42084	163
42085	766
42086	15
42087	4
42088	107
42089	84
42090	48
42091	1266
42092	39
42093	1375
42094	8
42095	5
42096	7
42097	567
42098	44
42099	7
42100	47
42101	31
42102	434
42103	57
42104	22
42105	825
42106	495
42107	12
42108	8
42109	22
42110	10907
42111	180
42112	263
42113	7
42114	100
42115	48
42116	7
42117	1237
42118	773
42119	35
42120	12
42121	115
42122	299
42123	393
42124	34
42125	47
42126	104
42127	278
42128	49
42129	271
42130	11
42131	8
42132	11
42133	14
42134	764
42135	335
42136	183
42137	254
42138	51
42139	3397
42140	11
42141	12
42142	49
42143	5
42144	213
42145	833
42146	12
42147	28
42148	59
42149	50
42150	6
42151	169
42152	55
42153	356
42154	121
42155	14
42156	3
42157	79
42158	50
42159	3
42160	87
42161	13
42162	277
42163	15
42164	36
42165	78
42166	17
42167	40
42168	10
42169	392
42170	154
42171	59
42172	36
42173	7
42174	578
42175	31
42176	231
42177	73
42178	7
42179	20
42180	54
42181	181
42182	37
42183	2107
42184	55
42185	95
42186	9
42187	69
42188	101
42189	166
42190	39
42191	558
42192	17
42193	3709
42194	137
42195	131
42196	10
42197	222
42198	21
42199	7
42200	7
42201	15
42202	314
42203	86
42204	62
42205	2175
42206	1
42207	33
42208	405
42209	18
42210	415
42211	54
42212	5
42213	74
42214	87
42215	540
42216	249
42217	25
42218	3
42219	21
42220	235
42221	611
42222	59
42223	14
42224	681
42225	13
42226	13
42227	41
42228	56
42229	9
42230	358
42231	363
42232	20
42233	33
42234	443
42235	1
42236	19
42237	23
42238	49
42239	524
42240	6394
42241	1060
42242	1553
42243	286
42244	14621
42245	18
42246	5
42247	62
42248	510
42249	14
42250	4
42251	23
42252	1075
42253	27
42254	16
42255	443
42256	9
42257	148
42258	726
42259	38
42260	47
42261	56
42262	13
42263	314
42264	23
42265	76896
42266	8
42267	9
42268	33
42269	696
42270	15
42271	6
42272	13
42273	56
42274	72
42275	109
42276	6
42277	20
42278	29
42279	5
42280	10
42281	16
42282	3175
42283	32
42284	61
42285	74
42286	33
42287	36
42288	10
42289	120
42290	98
42291	74
42292	17
42293	25
42294	1179
42295	219
42296	408
42297	465
42298	36
42299	236
42300	1933
42301	24
42302	62
42303	79
42304	10
42305	164
42306	97
42307	2188
42308	40
42309	595
42310	245
42311	18
42312	11
42313	2
42314	52
42315	2743
42316	91
42317	251
42318	969
42319	18
42320	331
42321	11
42322	51
42323	237
42324	21
42325	120
42326	8
42327	522
42328	8
42329	206
42330	4
42331	4
42332	25
42333	1154
42334	49
42335	5
42336	58
42337	8
42338	2
42339	4
42340	124
42341	411
42342	17332
42343	27
42344	262
42345	1506
42346	56
42347	1506
42348	23
42349	18
42350	277
42351	21
42352	1972
42353	42
42354	49
42355	56
42356	15253
42357	150
42358	40
42359	78
42360	2043
42361	7
42362	34
42363	64
42364	152
42365	12
42366	50
42367	133
42368	233
42369	13
42370	79
42371	9
42372	3336
42373	69
42374	129
42375	22
42376	19
42377	9
42378	7
42379	88
42380	1287
42381	4
42382	190
42383	1316
42384	747
42385	74
42386	34
42387	319
42388	448
42389	1672
42390	19
42391	22
42392	996
42393	18
42394	269
42395	112
42396	41
42397	579
42398	272
42399	495
42400	71
42401	16
42402	137
42403	1026
42404	3162
42405	27
42406	393
42407	33
42408	95
42409	114
42410	8
42411	830
42412	60
42413	170
42414	53
42415	137
42416	350
42417	46
42418	31
42419	60
42420	22
42421	1055
42422	7
42423	962
42424	110
42425	520
42426	43
42427	21
42428	52
42429	9
42430	48
42431	995
42432	33
42433	15
42434	40
42435	9
42436	52
42437	133
42438	74
42439	4
42440	243
42441	1882
42442	1393
42443	2701
42444	154
42445	13732
42446	567
42447	1209
42448	7
42449	149
42450	17420
42451	26
42452	47
42453	20
42454	226
42455	562
42456	73
42457	16
42458	476
42459	8
42460	7761
42461	51
42462	93
42463	12
42464	1
42465	33
42466	7
42467	20
42468	40
42469	1096
42470	34
42471	629
42472	93
42473	4
42474	23
42475	3386
42476	25
42477	237
42478	37
42479	2435
42480	15
42481	11
42482	98
42483	968
42484	14
42485	8
42486	37
42487	7
42488	41
42489	26
42490	177
42491	242
42492	57
42493	162
42494	107
42495	7668
42496	99
42497	50
42498	12
42499	77
42500	4053
42501	3
42502	161
42503	172
42504	1636
42505	68
42506	531
42507	827
42508	3036
42509	488
42510	110
42511	174
42512	83
42513	489
42514	22
42515	260
42516	197
42517	101
42518	1096
42519	7
42520	12
42521	38
42522	27
42523	66
42524	6
42525	43
42526	885
42527	143
42528	31
42529	112
42530	18
42531	14
42532	49
42533	1443
42534	343
42535	884
42536	2939
42537	91
42538	236
42539	6
42540	85
42541	7
42542	24
42543	100
42544	9
42545	6
42546	10
42547	96
42548	171
42549	32
42550	30
42551	850
42552	7
42553	78
42554	6
42555	129
42556	1269
42557	8324
42558	81
42559	18
42560	15
42561	138
42562	2224
42563	295
42564	254
42565	375
42566	27
42567	125
42568	90
42569	114
42570	12
42571	30
42572	45
42573	12
42574	114
42575	40
42576	19
42577	135
42578	562
42579	2274
42580	405
42581	12
42582	165
42583	65
42584	10
42585	29124
42586	50
42587	73
42588	12
42589	34
42590	6
42591	37
42592	456
42593	64
42594	27
42595	20
42596	7
42597	9
42598	1248
42599	53
42600	12
42601	40
42602	78
42603	216
42604	35
42605	104
42606	877
42607	108
42608	71
42609	110
42610	18
42611	1679
42612	513
42613	1320
42614	90
42615	1964
42616	33
42617	3527
42618	9
42619	79
42620	376
42621	11
42622	58
42623	402
42624	28
42625	13378
42626	70
42627	60
42628	6
42629	1424
42630	10
42631	16
42632	197
42633	4233
42634	37
42635	113
42636	23
42637	2430
42638	79
42639	42
42640	15
42641	13
42642	8
42643	35
42644	258
42645	6
42646	326
42647	136
42648	228
42649	5
42650	135
42651	9
42652	39
42653	19
42654	171
42655	60
42656	3
42657	7
42658	351
42659	1399
42660	65
42661	14
42662	23
42663	5
42664	388
42665	137
42666	36
42667	656
42668	76
42669	302
42670	8
42671	181
42672	246
42673	6
42674	45
42675	29
42676	16
42677	1603
42678	366
42679	4
42680	1522
42681	99
42682	3
42683	8
42684	4
42685	4
42686	295
42687	8
42688	26
42689	16
42690	68
42691	34
42692	13
42693	462
42694	75
42695	38
42696	204
42697	2509
42698	79
42699	2648
42700	233
42701	26691
42702	156
42703	16
42704	17
42705	5
42706	1257
42707	35
42708	14
42709	25
42710	2665
42711	59
42712	73
42713	24
42714	35
42715	15
42716	4
42717	8
42718	10
42719	11908
42720	7
42721	215
42722	54
42723	34
42724	289
42725	21
42726	15
42727	6
42728	406
42729	30
42730	14
42731	4978
42732	292
42733	467
42734	10
42735	975
42736	35667
42737	270
42738	51
42739	16
42740	5
42741	722
42742	122
42743	866
42744	12
42745	16
42746	126
42747	14
42748	15
42749	63
42750	27
42751	62
42752	18
42753	22
42754	25
42755	22
42756	759
42757	140
42758	129
42759	58
42760	119
42761	44
42762	178
42763	27
42764	117
42765	8
42766	64
42767	2
42768	30055
42769	61
42770	74
42771	74
42772	16
42773	19
42774	9
42775	8
42776	18
42777	365
42778	36
42779	65
42780	30
42781	762
42782	13
42783	27
42784	47
42785	96
42786	109
42787	105
42788	5
42789	297
42790	27
42791	600
42792	13
42793	10
42794	14
42795	22
42796	1491
42797	49
42798	20
42799	9
42800	228
42801	54
42802	114
42803	6842
42804	355
42805	171
42806	426
42807	69
42808	180
42809	77
42810	77
42811	494
42812	284
42813	385
42814	292
42815	23
42816	21
42817	659
42818	133
42819	15
42820	134
42821	37
42822	28
42823	41
42824	1384
42825	66
42826	27
42827	297
42828	31192
42829	239
42830	125
42831	4
42832	702
42833	201
42834	1800
42835	30
42836	26
42837	249
42838	63
42839	6
42840	733
42841	30
42842	11
42843	159
42844	13
42845	3
42846	26
42847	169
42848	54
42849	68
42850	54
42851	29
42852	17
42853	159
42854	19
42855	25
42856	16
42857	166
42858	767
42859	41
42860	23
42861	89
42862	21
42863	29
42864	161
42865	341
42866	11
42867	293
42868	96
42869	17
42870	6
42871	403
42872	22
42873	473
42874	39
42875	8
42876	75
42877	55
42878	63
42879	30
42880	5
42881	34
42882	180
42883	46
42884	36
42885	5
42886	80
42887	1355
42888	851
42889	48
42890	198
42891	519
42892	54
42893	17
42894	20
42895	140
42896	213
42897	196
42898	18
42899	13
42900	995
42901	160
42902	26
42903	778
42904	207
42905	12
42906	14
42907	154
42908	35
42909	10
42910	49
42911	3
42912	46
42913	1100
42914	55
42915	61
42916	79
42917	9
42918	107
42919	21
42920	135
42921	108
42922	4
42923	7
42924	4
42925	6
42926	32
42927	67
42928	23
42929	1038
42930	43
42931	254
42932	12
42933	14
42934	11
42935	39
42936	2152
42937	4
42938	489
42939	13
42940	290
42941	231
42942	18
42943	509
42944	2393
42945	72
42946	8
42947	24
42948	286
42949	56
42950	62
42951	98
42952	61
42953	73
42954	66
42955	21
42956	53
42957	40
42958	1349
42959	1478
42960	23
42961	24
42962	22
42963	8
42964	1076
42965	8
42966	17
42967	5
42968	46
42969	388
42970	7
42971	108
42972	3633
42973	11
42974	259
42975	17
42976	507
42977	8
42978	6
42979	102
42980	232
42981	51
42982	6
42983	5
42984	8
42985	178
42986	115
42987	2130
42988	70
42989	105
42990	42
42991	28
42992	904
42993	18
42994	7
42995	64
42996	21
42997	64
42998	187
42999	4
43000	144
43001	163
43002	20
43003	206
43004	86
43005	1197
43006	12
43007	22
43008	139
43009	249
43010	74
43011	76
43012	50
43013	122
43014	5453
43015	82
43016	139
43017	219
43018	479
43019	60
43020	24
43021	16
43022	9
43023	5
43024	10
43025	6
43026	914
43027	276
43028	32
43029	240
43030	9
43031	24
43032	50
43033	38
43034	6
43035	106
43036	16
43037	477
43038	78
43039	14
43040	292
43041	85
43042	20
43043	9
43044	263
43045	290
43046	18
43047	92
43048	12
43049	447
43050	724
43051	6
43052	150
43053	15
43054	8
43055	7
43056	269
43057	60
43058	60
43059	37
43060	121
43061	5
43062	4
43063	157
43064	51
43065	331
43066	94
43067	90
43068	518
43069	5
43070	791
43071	4
43072	36
43073	1284
43074	150
43075	5
43076	4158
43077	71
43078	28
43079	17
43080	291
43081	32
43082	11
43083	325
43084	19
43085	18
43086	15298
43087	1814
43088	3
43089	8
43090	31
43091	40
43092	5
43093	214
43094	359
43095	5
43096	19
43097	27
43098	1
43099	48
43100	1196
43101	968
43102	24
43103	73
43104	91
43105	11
43106	119
43107	10
43108	20
43109	13
43110	10
43111	13
43112	478
43113	51
43114	7
43115	674
43116	234
43117	121
43118	3
43119	48
43120	61
43121	79
43122	37706
43123	452
43124	192
43125	39
43126	37
43127	189
43128	2
43129	9008
43130	50
43131	19
43132	23
43133	47
43134	8
43135	145
43136	656
43137	7
43138	159
43139	44
43140	129
43141	18
43142	97
43143	562
43144	1
43145	8
43146	16
43147	13
43148	612
43149	7
43150	116
43151	92
43152	111
43153	13
43154	18161
43155	38
43156	9
43157	16
43158	263
43159	87
43160	269
43161	14
43162	40
43163	80
43164	145
43165	2982
43166	36
43167	43
43168	37
43169	5
43170	21
43171	489
43172	9
43173	9
43174	242
43175	144
43176	74
43177	73
43178	79
43179	41
43180	16
43181	34
43182	3156
43183	4454
43184	239
43185	85
43186	9
43187	117
43188	49
43189	8
43190	136
43191	35
43192	5201
43193	98
43194	1562
43195	533
43196	110
43197	22
43198	7
43199	178
43200	130
43201	15
43202	30
43203	6
43204	27
43205	2263
43206	93
43207	246
43208	12
43209	2745
43210	1364
43211	84
43212	202
43213	18
43214	50
43215	35
43216	21
43217	8
43218	1551
43219	57
43220	43
43221	2050
43222	18
43223	182
43224	4
43225	50
43226	45
43227	792
43228	7
43229	42
43230	279
43231	118
43232	147
43233	9
43234	2200
43235	17
43236	14
43237	8
43238	11
43239	91
43240	3
43241	11
43242	42
43243	17
43244	59
43245	54
43246	81
43247	10
43248	1131
43249	2199
43250	2
43251	401
43252	722
43253	156
43254	18
43255	1018
43256	37
43257	77
43258	393
43259	309
43260	17
43261	30
43262	4578
43263	4338
43264	65
43265	200
43266	14
43267	18
43268	44
43269	194
43270	6
43271	90
43272	40
43273	13
43274	56
43275	28
43276	14
43277	105
43278	15
43279	4650
43280	123
43281	12
43282	36
43283	163
43284	37
43285	5
43286	249
43287	34
43288	107
43289	150
43290	517
43291	4
43292	25
43293	65
43294	675
43295	26307
43296	6
43297	26
43298	562
43299	6
43300	144
43301	115
43302	20
43303	10
43304	428
43305	19
43306	8
43307	60
43308	100
43309	32
43310	1085
43311	14
43312	16
43313	5
43314	277
43315	2
43316	14
43317	5
43318	14
43319	303
43320	743
43321	3
43322	40
43323	10
43324	560
43325	24
43326	31
43327	11
43328	78
43329	249
43330	72
43331	257
43332	26
43333	35
43334	67
43335	309
43336	118
43337	78
43338	1452
43339	19
43340	242
43341	20
43342	2
43343	713
43344	9
43345	182
43346	14
43347	42
43348	65
43349	71
43350	34
43351	369
43352	57640
43353	12
43354	91
43355	357
43356	52
43357	16
43358	13
43359	17
43360	2
43361	64
43362	43
43363	138
43364	29
43365	143
43366	54
43367	58
43368	140
43369	782
43370	14
43371	2627
43372	24
43373	122
43374	417
43375	34
43376	660
43377	246
43378	477
43379	608
43380	58
43381	11
43382	4
43383	45
43384	5
43385	50
43386	98
43387	21
43388	2
43389	1193
43390	245
43391	12
43392	855
43393	6
43394	8477
43395	122
43396	11
43397	5
43398	444
43399	95
43400	86
43401	5
43402	15
43403	37
43404	26
43405	83
43406	2202
43407	62
43408	25
43409	5560
43410	3
43411	54
43412	7
43413	337
43414	26
43415	392
43416	2
43417	18
43418	15
43419	26
43420	55
43421	2275
43422	238
43423	56
43424	295
43425	18
43426	59
43427	219
43428	1241
43429	21
43430	103
43431	19
43432	133
43433	35
43434	74
43435	310
43436	99
43437	17
43438	66
43439	5
43440	49
43441	53
43442	927
43443	33
43444	10
43445	974
43446	45
43447	162
43448	8
43449	6
43450	170
43451	146
43452	159
43453	151
43454	12
43455	41
43456	108
43457	56
43458	9
43459	1194
43460	648
43461	126
43462	5
43463	1052
43464	565
43465	1312
43466	9
43467	102
43468	6
43469	58
43470	68
43471	132
43472	156
43473	17
43474	275
43475	204
43476	238
43477	6
43478	9
43479	30
43480	42
43481	20
43482	49
43483	1195
43484	876
43485	16
43486	58
43487	49
43488	994
43489	20
43490	300
43491	58
43492	2
43493	14
43494	11
43495	161
43496	185
43497	16
43498	33
43499	35
43500	309
43501	3
43502	38
43503	27
43504	11110
43505	10
43506	132
43507	13
43508	271
43509	614
43510	268
43511	71
43512	518
43513	342
43514	100
43515	13
43516	13
43517	391
43518	10
43519	311
43520	7
43521	7
43522	513
43523	860
43524	111
43525	71
43526	14
43527	20
43528	74
43529	48
43530	1141
43531	33
43532	46
43533	37
43534	470
43535	15
43536	11
43537	6
43538	35
43539	11
43540	110
43541	19
43542	3
43543	22
43544	24
43545	1874
43546	34
43547	42
43548	4
43549	10
43550	78
43551	35
43552	278
43553	13
43554	36
43555	112
43556	962
43557	66
43558	56
43559	4
43560	305
43561	13
43562	8
43563	81
43564	138
43565	4453
43566	27
43567	36
43568	2776
43569	513
43570	9
43571	463
43572	4
43573	8
43574	17
43575	218
43576	34
43577	108
43578	10
43579	24
43580	190
43581	42
43582	132
43583	151
43584	153
43585	37
43586	116
43587	60
43588	21
43589	36
43590	31
43591	56
43592	7
43593	29
43594	54
43595	14
43596	34
43597	150
43598	156
43599	171
43600	25
43601	66
43602	10
43603	19
43604	8
43605	5
43606	13
43607	113
43608	44
43609	259
43610	9
43611	285
43612	102
43613	15
43614	44
43615	10
43616	778
43617	64
43618	44
43619	499
43620	44
43621	1727
43622	313
43623	6
43624	15
43625	4
43626	96
43627	14
43628	15
43629	361
43630	4
43631	6720
43632	1359
43633	653
43634	10
43635	631
43636	92
43637	165
43638	659
43639	9
43640	54
43641	357
43642	119
43643	6318
43644	631
43645	722
43646	6
43647	1514
43648	60
43649	12
43650	99
43651	59
43652	7
43653	42
43654	4528
43655	36
43656	56
43657	58
43658	39
43659	1081
43660	5
43661	9
43662	12123
43663	190
43664	15
43665	11
43666	180
43667	4
43668	155
43669	12
43670	22
43671	12
43672	10
43673	914
43674	62
43675	8
43676	142
43677	73
43678	32
43679	46
43680	74
43681	64
43682	4
43683	39
43684	14
43685	6
43686	213
43687	278
43688	34
43689	17
43690	201
43691	266
43692	4547
43693	4200
43694	106
43695	52
43696	36
43697	383
43698	626
43699	11
43700	28
43701	5
43702	7
43703	284
43704	763
43705	528
43706	28
43707	12
43708	8
43709	5
43710	6
43711	51
43712	4320
43713	18040
43714	50
43715	500
43716	9
43717	301
43718	17
43719	243
43720	929
43721	1550
43722	15
43723	90
43724	382
43726	2298
43727	111
43728	164
43729	56
43730	5
43731	3
43732	187
43733	91
43734	137
43735	4344
43736	154
43737	16
43738	25
43739	2373
43740	1132
43741	90
43742	245
43743	551
43744	1985
43745	6
43746	25
43747	8
43748	32
43749	2906
43750	321
43751	7
43752	13
43753	8
43754	11
43755	51
43756	296
43757	43
43758	923
43759	33
43760	1999
43761	7
43762	22
43763	9
43764	545
43765	836
43766	90
43767	147
43768	23388
43769	403
43770	106
43771	8
43772	21552
43773	14
43774	259
43775	137
43776	54
43777	23
43778	1
43779	7
43780	69
43781	178
43782	80
43783	33
43784	113
43785	29
43786	40
43787	12
43788	534
43789	26668
43790	9
43791	9
43792	105
43793	23
43794	35
43795	19
43796	92
43797	34
43798	86
43799	404
43800	8
43801	35
43802	751
43803	214
43804	396
43805	50
43806	75
43807	36
43808	11
43809	32
43810	28
43811	30
43812	140
43813	7
43814	1028
43815	241
43816	18
43817	235
43818	48
43819	105
43820	69
43821	1517
43822	265
43823	5
43824	7
43825	12
43826	224
43827	118
43828	4
43829	150
43830	451
43831	196
43832	61
43833	3
43834	10
43835	4
43836	7
43837	9
43838	29
43839	103
43840	27
43841	63
43842	26
43843	6
43844	15
43845	290
43846	59
43847	50
43848	11
43849	95
43850	148
43851	8
43852	127
43853	70
43854	14
43855	7
43856	59
43857	922
43858	3672
43859	19
43860	390
43861	269
43862	16
43863	65
43864	11
43865	197
43866	18
43867	5795
43868	211
43869	35
43870	48
43871	222
43872	42
43873	40
43874	148
43875	8793
43876	871
43877	61
43878	10
43879	192
43880	46
43881	346
43882	16
43883	3
43884	52
43885	58
43886	1375
43887	7
43888	982
43889	4077
43890	76
43891	1338
43892	1166
43893	144
43894	249
43895	103
43896	4
43897	10
43898	7
43899	45
43900	53
43901	55
43902	317
43903	954
43904	986
43905	229
43906	6
43907	51
43908	4472
43909	48
43910	28
43911	26
43912	13
43913	290
43914	22
43915	52
43916	39
43917	35
43918	12
43919	19
43920	3641
43921	29
43922	163
43923	198
43924	119
43925	33
43926	8
43927	69
43928	2963
43929	145
43930	49
43931	29
43932	57
43933	2620
43934	31
43935	18
43936	109
43937	16
43938	56
43939	11
43940	14
43941	28
43942	438
43943	150
43944	67
43945	1354
43946	60
43947	7
43948	257
43949	13
43950	393
43951	1257
43952	16
43953	231
43954	613
43955	666
43956	73
43957	686
43958	152
43959	13
43960	252
43961	55371
43962	509
43963	113
43964	4
43965	361
43966	4
43967	5315
43968	625
43969	18
43970	10
43971	9
43972	67
43973	639
43974	319
43975	220
43976	3
43977	111
43978	412
43979	191
43980	290
43981	13
43982	53
43983	65
43984	15
43985	96
43986	2100
43987	313
43988	1678
43989	126
43990	380
43991	10
43992	22
43993	52
43994	38
43995	70
43996	5
43997	11
43998	109
43999	669
44000	291
44001	8
44002	27
44003	28
44004	11
44005	6
44006	4
44007	46
44008	9417
44009	98
44010	251
44011	33
44012	161
44013	28
44014	3946
44015	9
44016	151
44017	56
44018	14
44019	269
44020	20
44021	431
44022	655
44023	82
44024	48
44025	110
44026	6
44027	585
44028	41
44029	85
44030	28
44031	418
44032	270
44033	163
44034	27
44035	839
44036	24
44037	58
44038	140
44039	27
44040	7
44041	293
44042	3987
44043	50
44044	101
44045	12
44046	21
44047	420
44048	527
44049	5
44050	9
44051	1867
44052	7
44053	1512
44054	155
44055	132
44056	1206
44057	32
44058	35
44059	125
44060	17
44061	179
44062	3
44063	6
44064	28
44065	13
44066	46
44067	6
44068	197
44069	62
44070	97
44071	204
44072	336
44073	18
44074	76
44075	3403
44076	378
44077	47
44078	5
44079	11
44080	155
44081	18
44082	241
44083	33
44084	3
44085	3769
44086	101
44087	28
44088	186
44089	564
44090	637
44091	347
44092	21
44093	8
44094	9
44095	36
44096	333
44097	1844
44098	3580
44099	780
44100	871
44101	26
44102	4
44103	1256
44104	4
44105	94
44106	55
44107	179
44108	4
44109	27
44110	4
44111	54
44112	472
44113	127
44114	7
44115	67
44116	4735
44117	38
44118	71
44119	46
44120	1066
44121	75
44122	157
44123	350
44124	181
44125	101
44126	312
44127	31
44128	33
44129	707
44130	18
44131	5
44132	7
44133	803
44134	33
44135	25
44136	165
44137	204
44138	185
44139	65
44140	2
44141	6
44142	43009
44143	14
44144	925
44145	5
44146	1131
44147	21
44148	28
44149	108
44150	89
44151	43
44152	764
44153	8
44154	27
44155	8
44156	7639
44157	146
44158	21
44159	67
44160	25
44161	39
44162	8
44163	11
44164	27
44165	161
44166	321
44167	1320
44168	42
44169	136
44170	2008
44171	10
44172	1824
44173	150
44174	59
44175	71
44176	80
44177	2056
44178	88
44179	5
44180	20
44181	21
44182	457
44183	15
44184	33
44185	37
44186	23
44187	677
44188	15
44189	370
44190	8
44191	9
44192	3
44193	777
44194	16
44195	6
44196	5
44197	11
44198	29
44199	429
44200	59
44201	3876
44202	156
44203	16
44204	2160
44205	110
44206	5
44207	7
44208	7
44209	64
44210	99
44211	7
44212	203
44213	375
44214	38
44215	43
44216	17
44217	20
44218	55
44219	627
44220	28
44221	8
44222	6
44223	38
44224	145
44225	103
44226	25
44227	293
44228	6
44229	2260
44230	91
44231	8
44232	109
44233	2159
44234	7988
44235	47
44236	10
44237	63
44238	425
44239	105
44240	59
44241	27
44242	10
44243	2
44244	7
44245	4177
44246	165
44247	98
44248	9
44249	60
44250	8
44251	9
44252	7
44253	6
44254	426
44255	31
44256	8
44257	1236
44258	14
44259	57
44260	49
44261	111
44262	832
44263	38
44264	29
44265	256
44266	26
44267	1221
44268	1027
44269	175
44270	830
44271	103
44272	89
44273	90
44274	62
44275	2789
44276	55
44277	630
44278	2245
44279	10
44280	51
44281	18
44282	556
44283	229
44284	33
44285	23
44286	84
44287	72
44288	313
44289	518
44290	1404
44291	26
44292	6242
44293	1477
44294	62
44295	33
44296	178
44297	145
44298	74
44299	522
44300	50
44301	15
44302	26
44303	4094
44304	29
44305	11
44306	616
44307	6
44308	10
44309	12
44310	6005
44311	17
44312	4
44313	16
44314	235
44315	151
44316	52
44317	101
44318	85
44319	562
44320	8
44321	8
44322	41
44323	236
44324	11
44325	3485
44326	31
44327	118
44328	641
44329	1145
44330	5
44331	422
44332	43
44333	12
44334	479
44335	3
44336	169
44337	674
44338	111
44339	52
44340	182
44341	17
44342	465
44343	56
44344	28
44345	23
44346	45
44347	13
44348	3
44349	747
44350	29
44351	14
44352	420
44353	206
44354	566
44355	19
44356	26
44357	7
44358	6
44359	68091
44360	37
44361	251
44362	28
44363	217
44364	22
44365	10
44366	701
44367	304
44368	3097
44369	76
44370	43
44371	2315
44372	1701
44373	4
44374	29
44375	6257
44376	23
44377	349
44378	17
44379	57
44380	42
44381	66
44382	60
44383	15
44384	233
44385	109
44386	210
44387	23
44388	179
44389	1385
44390	152
44391	389
44392	4
44393	557
44394	78
44395	291
44396	781
44397	1942
44398	78
44399	116
44400	21
44401	17
44402	230
44403	43
44404	439
44405	40
44406	323
44407	77
44408	754
44409	12
44410	875
44411	18
44412	24
44413	925
44414	1122
44415	43
44416	12
44417	44
44418	262
44419	486
44420	65
44421	27
44422	20140
44423	86
44424	729
44425	21
44426	957
44427	10
44428	11
44429	14
44430	87
44431	39
44432	22
44433	59
44434	4
44435	4
44436	48
44437	64
44438	43
44439	422
44440	37
44441	21
44442	62
44443	209
44444	23
44445	6
44446	164
44447	96
44448	7
44449	13597
44450	6
44451	61
44452	2
44453	2
44454	37
44455	99
44456	72
44457	435
44458	16
44459	144
44460	184
44461	1149
44462	21
44463	29
44464	16
44465	12
44466	30
44467	25
44468	136
44469	6
44470	109
44471	6315
44472	51
44473	690
44474	9
44475	3467
44476	35
44477	217
44478	18
44479	7924
44480	110
44481	18
44482	37
44483	6
44484	83
44485	116
44486	774
44487	3564
44488	60
44489	59
44490	5
44491	740
44492	449
44493	99
44494	24
44495	1
44496	21
44497	324
44498	11
44499	39
44500	641
44501	481
44502	24
44503	6
44504	362
44505	5
44506	28
44507	18
44508	57
44509	53
44510	38
44511	16
44512	171
44513	9
44514	6481
44515	3
44516	27
44517	849
44518	195
44519	5
44520	7
44521	36
44522	198
44523	115
44524	135
44525	100
44526	17
44527	100
44528	45
44529	9
44530	14
44531	16
44532	311
44533	3613
44534	169
44535	5
44536	1247
44537	5
44538	328
44539	50
44540	27
44541	74
44542	65
44543	5
44544	98
44545	302
44546	40
44547	114
44548	5417
44549	22
44550	9
44551	7
44552	24
44553	48
44554	26
44555	7
44556	5
44557	1127
44558	16
44559	31
44560	11798
44561	293
44562	744
44563	27
44564	4
44565	12
44566	1899
44567	18
44568	634
44569	2
44570	12141
44571	87
44572	147
44573	134
44574	19
44575	564
44576	9
44577	9
44578	129
44579	313
44580	3691
44581	137
44582	2
44583	15
44584	197
44585	1087
44586	57
44587	21
44588	20
44589	51
44590	371
44591	15
44592	15
44593	126
44594	327
44595	411
44596	937
44597	2
44598	2
44599	61
44600	26
44601	65
44602	8
44603	141
44604	392
44605	22
44606	15
44607	11
44608	10
44609	482
44610	19
44611	334
44612	151
44613	83
44614	701
44615	11
44616	332
44617	7
44618	210
44619	17
44620	21
44621	70
44622	1424
44623	61
44624	1212
44625	2118
44626	605
44627	19
44628	11103
44629	624
44630	6
44631	206
44632	75886
44633	7
44634	31
44635	701
44636	1257
44637	123
44638	78
44639	11
44640	373
44641	531
44642	251
44643	5537
44644	22
44645	20
44646	3
44647	4
44648	19
44649	17
44650	62
44651	21
44652	4
44653	26
44654	71
44655	3
44656	20
44657	31
44658	5
44659	18
44660	112
44661	9399
44662	4
44663	691
44664	88
44665	11
44666	1374
44667	420
44668	124
44669	358
44670	1258
44671	94
44672	262
44673	12
44674	27
44675	6
44676	251
44677	23
44678	221
44679	31
44680	122
44681	58
44682	54
44683	22275
44684	269
44685	40
44686	54
44687	32
44688	43
44689	130
44690	182
44691	24
44692	115
44693	2
44694	32
44695	41
44696	33
44697	930
44698	908
44699	57
44700	13
44701	55
44702	228
44703	584
44704	644
44705	45
44706	399
44707	117
44708	34
44709	47
44710	328
44711	69
44712	347
44713	208
44714	500
44715	6
44716	184
44717	1053
44718	18
44719	77
44720	74
44721	15
44722	51
44723	10
44724	60
44725	91
44726	17
44727	6
44728	2298
44729	59
44730	23
44731	497
44732	20
44733	41
44734	479
44735	8
44736	7
44737	79
44738	3
44739	122
44740	188
44741	276
44742	4
44743	9
44744	14
44745	58
44746	102
44747	31
44748	1
44749	88
44750	703
44751	16
44752	303
44753	1644
44754	34
44755	24
44756	152
44757	101
44758	13
44759	55
44760	173
44761	875
44762	80
44763	7
44764	11
44765	12191
44766	408
44767	7
44768	16
44769	54
44770	9
44771	173
44772	109
44773	86
44774	33
44775	91
44776	127
44777	13
44778	6
44779	116
44780	357
44781	1391
44782	39
44783	43
44784	10
44785	96
44786	2272
44787	2807
44788	371
44789	20
44790	46
44791	29
44792	296
44793	10
44794	6
44795	2635
44796	29
44797	21
44798	13
44799	10260
44800	17
44801	465
44802	5
44803	14
44804	7
44805	5
44806	6
44807	22
44808	239
44809	67
44810	27
44811	890
44812	193
44813	596
44814	70
44815	1554
44816	16
44817	182
44818	11
44819	1513
44820	663
44821	93
44822	5
44823	4
44824	74
44825	604
44826	5
44827	83
44828	855
44829	23
44830	2252
44831	16
44832	9
44833	57
44834	275
44835	18
44836	14
44837	457
44838	106
44839	47
44840	11
44841	274
44842	37
44843	3019
44844	46
44845	679
44846	9
44847	306
44848	462
44849	108
44850	79
44851	53
44852	9
44853	497
44854	76
44855	443
44856	32
44857	72
44858	96
44859	172
44860	241
44861	34
44862	201
44863	103
44864	186
44865	20
44866	227
44867	672
44868	13
44869	10
44870	933
44871	53
44872	19
44873	783
44874	59
44875	17
44876	22
44877	20
44878	84
44879	87
44880	553
44881	7
44882	1360
44883	983
44884	4
44885	35
44886	13
44887	293
44888	116
44889	94
44890	30
44891	37
44892	16
44893	53
44894	6
44895	270
44896	84
44897	24
44898	181
44899	12
44900	40
44901	89
44902	55
44903	15
44904	971
44905	44
44906	114
44907	17
44908	128
44909	10
44910	21416
44911	812
44912	4041
44913	9
44914	217
44915	9
44916	24
44917	65
44918	37
44919	435
44920	161
44921	48
44922	8
44923	724
44924	175
44925	763
44926	1551
44927	12
44928	4
44929	485
44930	66
44931	314
44932	637
44933	11
44934	34
44935	27
44936	108
44937	35
44938	45
44939	95
44940	26
44941	44
44942	10
44943	732
44944	221
44945	92
44946	28
44947	33
44948	2676
44949	4244
44950	259
44951	3
44952	24
44953	1365
44954	229
44955	280
44956	6
44957	63
44958	9
44959	17
44960	2
44961	2231
44962	8
44963	9
44964	188
44965	47
44966	328
44967	17
44968	425
44969	426
44970	827
44971	228
44972	258
44973	8
44974	8
44975	114
44976	6
44977	7
44978	11
44979	37
44980	2077
44981	14
44982	1
44983	14
44984	9
44985	150
44986	1
44987	20684
44988	411
44989	839
44990	139
44991	70
44992	132
44993	22
44994	14
44995	211
44996	93
44997	95
44998	55
44999	31
45000	162
45001	10
45002	4819
45003	171
45004	1531
45005	2366
45006	213
45007	104823
45008	22
45009	1405
45010	100
45011	12
45012	6
45013	6367
45014	691
45015	42
45016	45
45017	40
45018	105
45019	334
45020	6
45021	3
45022	3
45023	246
45024	113
45025	83
45026	10
45027	89
45028	58
45029	219
45030	76
45031	34
45032	114
45033	19
45034	127
45035	112
45036	1318
45037	990
45038	8
45039	16
45040	12
45041	16
45042	139
45043	57
45044	5
45045	1168
45046	42
45047	18
45048	21
45049	12
45050	84
45051	4316
45052	14
45053	266
45054	1082
45055	120
45056	716
45057	11
45058	35
45059	114
45060	7
45061	4627
45062	14
45063	7118
45064	5845
45065	18
45066	79769
45067	15
45068	7
45069	11
45070	84
45071	76
45072	85
45073	914
45074	33
45075	20
45076	834
45077	118
45078	9
45079	57
45080	46
45081	1240
45082	930
45083	1019
45084	888
45085	5
45086	31
45087	3
45088	12
45089	351
45090	18
45091	189
45092	38
45093	27
45094	551
45095	15
45096	133
45097	733
45098	11
45099	532
45100	368
45101	7
45102	8
45103	399
45104	9541
45105	57
45106	6135
45107	41
45108	32
45109	21
45110	12
45111	9
45112	21
45113	997
45114	16
45115	32
45116	1678
45117	211
45118	310
45119	37
45120	82
45121	64
45122	6
45123	11736
45124	291
45125	518
45126	308
45127	5
45128	1207
45129	69
45130	128
45131	12
45132	14
45133	28
45134	455
45135	398
45136	22
45137	33
45138	192
45139	100
45140	5
45141	14
45142	15
45143	1293
45144	97
45145	4
45146	54
45147	34
45148	85
45149	2828
45150	349
45151	27
45152	113
45153	79
45154	1091
45155	19
45156	250
45157	24
45158	977
45159	62
45160	42
45161	1509
45162	8
45163	255
45164	11
45165	93
45166	30
45167	2276
45168	9
45169	92
45170	5
45171	27
45172	12
45173	56
45174	7
45175	7
45176	93
45177	823
45178	7
45179	218
45180	40
45181	24
45182	17
45183	44
45184	26
45185	858
45186	573
45187	40
45188	789
45189	34
45190	5475
45191	75
45192	369
45193	217
45194	840
45195	362
45196	21
45197	45
45198	91
45199	20
45200	12492
45201	10
45202	247
45203	38
45204	981
45205	226
45206	5
45207	30
45208	2300
45209	77
45210	4776
45211	445
45212	52
45213	93
45214	6
45215	215
45216	60
45217	354
45218	16
45219	8
45220	71
45221	1389
45222	8
45223	3633
45224	786
45225	4
45226	23
45227	56
45228	63
45229	657
45230	10
45231	15
45232	324
45233	8
45234	1045
45235	89
45236	5
45237	13
45238	2
45239	279
45240	84
45241	70
45242	11
45243	26
45244	8
45245	90
45246	1450
45247	4
45248	22
45249	2284
45250	4
45251	217
45252	46
45253	528
45254	387
45255	101
45256	34
45257	112
45258	552
45259	187
45260	1181
45261	22
45262	25
45263	13
45264	1783
45265	142
45266	8
45267	254
45268	115
45269	106
45270	46
45271	155
45272	85
45273	1
45274	50
45275	102
45276	126
45277	56
45278	5
45279	1074
45280	37
45281	111
45282	836
45283	295
45284	25
45285	135
45286	25
45287	14
45288	196
45289	14
45290	3217
45291	4
45292	15
45293	27
45294	45
45295	262
45296	2006
45297	67
45298	25
45299	26
45300	4
45301	28
45302	663
45303	1142
45304	9
45305	39
45306	12
45307	11
45308	4
45309	1225
45310	545
45311	609
45312	31
45313	343
45314	112
45315	23
45316	367
45317	8
45318	320
45319	6
45320	7
45321	711
45322	347
45323	40
45324	6
45325	102
45326	39
45327	122
45328	71
45329	114
45330	67
45331	8
45332	34
45333	152
45334	131
45335	278
45336	25
45337	30
45338	24
45339	32
45340	9
45341	10
45342	69
45343	733
45344	20
45345	649
45346	497
45347	64
45348	41
45349	51
45350	29
45351	190
45352	10
45353	79
45354	9
45355	129
45356	1193
45357	15
45358	7
45359	199
45360	35
45361	67
45362	48
45363	89
45364	4647
45365	21
45366	159
45367	9
45368	3016
45369	89
45370	57
45371	897
45372	162
45373	5
45374	3933
45375	369
45376	21
45377	11
45378	1
45379	74
45380	1
45381	40
45382	79
45383	92
45384	4
45385	11
45386	14
45387	53
45388	114
45389	108
45390	12
45391	24
45392	180
45393	1005
45394	560
45395	18
45396	42
45397	4
45398	34
45399	5
45400	1
45401	15
45402	155
45403	26
45404	158
45405	93
45406	9
45407	118
45408	44
45409	9
45410	30
45411	8
45412	11
45413	383
45414	46
45415	28
45416	1009
45417	13
45418	65
45419	111
45420	68
45421	70
45422	44
45423	73
45424	61
45425	14
45426	4
45427	365
45428	45
45429	249
45430	3
45431	30
45432	677
45433	54
45434	69
45435	16
45436	72
45437	4655
45438	102
45439	10
45440	107
45441	765
45442	96
45443	1318
45444	12
45445	4618
45446	893
45447	3104
45448	1550
45449	13
45450	38
45451	12
45452	63
45453	2241
45454	116
45455	41
45456	12
45457	5
45458	49
45459	47
45460	11
45461	115
45462	30
45463	75
45464	392
45465	122
45466	14
45467	46
45468	168
45469	44
45470	5
45471	67
45472	122
45473	16
45474	24
45475	125
45476	17
45477	39
45478	645
45479	2
45480	75
45481	8
45482	9
45483	373
45484	79
45485	27
45486	6
45487	52
45488	882
45489	169
45490	15
45491	114
45492	379
45493	252
45494	81
45495	1764
45496	54
45497	203
45498	24
45499	77
45500	705
45501	5
45502	92
45503	3
45504	9108
45505	16
45506	149
45507	6
45508	63
45509	2
45510	33
45511	1043
45512	84
45513	27
45514	5
45515	40
45516	7
45517	75
45518	5
45519	33
45520	62
45521	158
45522	96
45523	95
45524	197
45525	316
45526	10
45527	81
45528	237
45529	168
45530	20
45531	1811
45532	9
45533	45
45534	53
45535	17716
45536	18
45537	3890
45538	50
45539	22
45540	23
45541	2973
45542	211
45543	516
45544	1716
45545	2
45546	22
45547	3
45548	259
45549	87
45550	20
45551	50
45552	176
45553	11
45554	428
45555	8
45556	12
45557	5
45558	17
45559	19
45560	132
45561	9
45562	269
45563	73
45564	23
45565	11
45566	1774
45567	5
45568	44
45569	162
45570	6812
45571	266
45572	148
45573	186
45574	236
45575	379
45576	84
45577	164
45578	3738
45579	25
45580	495
45581	564
45582	2079
45583	113
45584	531
45585	27
45586	77
45587	57
45588	1448
45589	80
45590	97
45591	66
45592	98
45593	71
45594	594
45595	6
45596	1091
45597	8
45598	19
45599	1181
45600	28
45601	15
45602	5
45603	16791
45604	510
45605	9
45606	87
45607	657
45608	2541
45609	7
45610	31
45611	11
45612	84
45613	5321
45614	12
45615	2190
45616	729
45617	46
45618	57
45619	810
45620	323
45621	61
45622	3683
45623	40
45624	271
45625	12
45626	13
45627	7
45628	142
45629	37
45630	372
45631	6
45632	15
45633	17140
45634	50
45635	914
45636	1153
45637	18
45638	1124
45639	421
45640	74
45641	12
45642	72
45643	115
45644	12
45645	4370
45646	7696
45647	412
45648	32
45649	42
45650	467
45651	27
45652	37
45653	11
45654	14
45655	26
45656	1744
45657	174
45658	17
45659	211
45660	131
45661	21
45662	406
45663	41
45664	3047
45665	25
45666	74
45667	3
45668	542
45669	183
45670	55
45671	499
45672	8
45673	276
45674	812
45675	37
45676	43
45677	66
45678	20
45679	3410
45680	99
45681	6155
45682	780
45683	1002
45684	5
45685	315
45686	63
45687	1181
45688	236
45689	10
45690	17
45691	32
45692	718
45693	346
45694	655
45695	7
45696	72
45697	3
45698	1984
45699	49
45700	277
45701	18
45702	40
45703	52
45704	32
45705	4
45706	6
45707	112
45708	6
45709	159
45710	77
45711	53
45712	28
45713	15
45714	23
45715	103
45716	45
45717	288
45718	16
45719	42
45720	18
45721	90
45722	10
45723	1018
45724	162
45725	33
45726	8
45727	31
45728	10
45729	9
45730	7
45731	34
45732	7
45733	67
45734	18
45735	34
45736	9
45737	101
45738	31
45739	743
45740	8
45741	1586
45742	34
45743	39
45744	82
45745	31
45746	5
45747	7050
45748	758
45749	3
45750	11
45751	53
45752	21
45753	325
45754	19
45755	48
45756	24
45757	898
45758	8
45759	204
45760	21
45761	1107
45762	710
45763	7559
45764	108
45765	377
45766	131
45767	2883
45768	143
45769	495
45770	51
45771	1111
45772	80
45773	18
45774	1567
45775	40
45776	73
45777	32
45778	19
45779	66
45780	41
45781	39
45782	44
45783	56
45784	96
45785	9
45786	15
45787	373
45788	3791
45789	31
45790	42
45791	95
45792	17
45793	777
45794	80
45795	511
45796	12
45797	20
45798	44
45799	55
45800	276
45801	322
45802	16
45803	44
45804	133
45805	22
45806	648
45807	528
45808	10
45809	5
45810	587
45811	6
45812	62
45813	25
45814	23
45815	840
45816	25
45817	101
45818	5
45819	1172
45820	8
45821	39
45822	216
45823	43
45824	48
45825	140
45826	10
45827	23
45828	34
45829	23
45830	91
45831	57
45832	1238
45833	4
45834	10
45835	875
45836	59
45837	87
45838	18
45839	14
45840	5351
45841	88
45842	2848
45843	3
45844	18
45845	40
45846	27
45847	6
45848	84
45849	105
45850	466
45851	13
45852	9
45853	34
45854	620
45855	20
45856	451
45857	8
45858	7
45859	7
45860	500
45861	20
45862	1774
45863	268
45864	203
45865	457
45866	5709
45867	173
45868	11
45869	226
45870	775
45871	46
45872	3
45873	397
45874	25
45875	384
45876	7
45877	203
45878	86
45879	69
45880	32
45881	36
45882	117
45883	131
45884	314
45885	456
45886	353
45887	22
45888	13
45889	16
45890	10
45891	15
45892	10
45893	1
45894	82
45895	3
45896	459
45897	8
45898	12
45899	12
45900	65
45901	24
45902	13
45903	38
45904	8
45905	233
45906	1142
45907	11
45908	21
45909	30
45910	16
45911	18
45912	17
45913	262
45914	15
45915	135
45916	1106
45917	69
45918	744
45919	41
45920	335
45921	7
45922	5
45923	76
45924	474
45925	84
45926	110
45927	172
45928	49
45929	33
45930	1340
45931	4
45932	72
45933	237
45934	11
45935	6
45936	121
45937	733
45938	1352
45939	7
45940	11
45941	24
45942	4
45943	14
45944	223
45945	11
45946	3545
45947	4
45948	8564
45949	5
45950	135
45951	958
45952	2
45953	65
45954	1695
45955	747
45956	4
45957	2317
45958	67
45959	65
45960	213
45961	1096
45962	22
45963	2
45964	8
45965	5280
45966	144
45967	13
45968	474
45969	39
45970	896
45972	21
45973	10
45974	25
45975	7
45976	19
45977	824
45978	6
45979	102
45980	12
45981	16
45982	28
45983	16
45984	70
45985	47
45986	4
45987	44
45988	113
45989	243
45990	76
45991	36
45992	25
45993	5
45994	333
45995	14
45996	15
45997	13
45998	211
45999	492
46000	25
46001	8
46002	14
46003	289
46004	98
46005	77
46006	313
46007	31
46008	4
46009	52
46010	127
46011	311
46012	32
46013	56
46014	13
46015	70
46016	3
46017	59
46018	48
46019	6
46020	687
46021	28
46022	799
46023	2969
46024	261
46025	1404
46026	412
46027	25
46028	8
46029	685
46030	66
46031	941
46032	54
46033	28
46034	63
46035	77
46036	48
46037	9
46038	3
46039	94
46040	5
46041	6409
46042	162
46043	27
46044	52
46045	2121
46046	10
46047	2795
46048	44
46049	6438
46050	225
46051	31
46052	303
46053	111
46054	29
46055	23
46056	832
46057	45
46058	1105
46059	2160
46060	486
46061	6829
46062	191
46063	112
46064	1939
46065	323
46066	65
46067	13
46068	8
46069	9240
46070	48
46071	5
46072	97
46073	4
46074	11
46075	1155
46076	21
46077	86
46078	24
46079	8
46080	8
46081	9
46082	902
46083	16
46084	26
46085	71
46086	6
46087	1509
46088	5844
46089	147
46090	24
46091	14
46092	22
46093	33
46094	41
46095	99
46096	158
46097	92
46098	7
46099	68
46100	25
46101	43
46102	6
46103	80
46104	305
46105	327
46106	2180
46107	3744
46108	90
46109	53
46110	2
46111	41
46112	29
46113	173
46114	141
46115	35
46116	47
46117	115
46118	12
46119	7
46120	69
46121	40
46122	21
46123	331
46124	16
46125	57
46126	216
46127	247
46128	80
46129	1478
46130	6
46131	745
46132	57
46133	70
46134	331
46135	121
46136	10
46137	25
46138	1474
46139	768
46140	36
46141	24
46142	13
46143	12
46144	83
46145	700
46146	13
46147	1681
46148	93
46149	8558
46150	172
46151	4
46152	24
46153	6
46154	5
46155	62
46156	57
46157	202
46158	8
46159	54
46160	56
46161	47
46162	102
46163	103
46164	187
46165	6
46166	430
46167	862
46168	134
46169	480
46170	9
46171	52
46172	105
46173	69
46174	8
46175	5928
46176	123
46177	7
46178	23
46179	92
46180	30
46181	9
46182	68
46183	51
46184	499
46185	14
46186	6
46187	74
46188	625
46189	1269
46190	9
46191	64
46192	43
46193	67
46194	1819
46195	3
46196	6
46197	6
46198	33
46199	55
46200	121
46201	25
46202	496
46203	1628
46204	187
46205	23
46206	5708
46207	17
46208	85
46209	23
46210	246
46211	44
46212	8
46213	185
46214	2
46215	17
46216	22
46217	127
46218	282
46219	17
46220	6
46221	16
46222	1236
46223	8
46224	26
46225	133
46226	7559
46227	645
46228	110
46229	1570
46230	32
46231	18
46232	8
46233	62
46234	6
46235	496
46236	52
46237	45
46238	2
46239	307
46240	46
46241	7
46242	178
46243	43
46244	168
46245	251
46246	27
46247	17
46248	16
46249	13
46250	103
46251	85
46252	822
46253	257
46254	23
46255	45
46256	319
46257	941
46258	32
46259	70
46260	3384
46261	40
46262	21
46263	8
46264	5
46265	53
46266	1828
46267	20
46268	86
46269	5
46270	419
46271	508
46272	11
46273	13
46274	260
46275	122
46276	5
46277	119
46278	1
46279	666
46280	459
46281	110
46282	285
46283	68
46284	572
46285	75
46286	179
46287	323
46288	11
46289	19
46290	119
46291	9
46292	10
46293	126
46294	3145
46295	45
46296	7
46297	19
46298	12
46299	16
46300	7
46301	21
46302	96
46303	307
46304	553
46305	514
46306	1094
46307	405
46308	418
46309	420
46310	25
46311	60
46312	12
46313	2784
46314	12
46315	127
46316	113
46317	35
46318	10
46319	34
46320	15
46321	1251
46322	6
46323	193
46324	79
46325	693
46326	442
46327	253
46328	6
46329	46
46330	134
46331	1296
46332	271
46333	116
46334	51
46335	14
46336	66
46337	27
46338	130
46339	62
46340	5
46341	1153
46342	4
46343	27
46344	54
46345	12
46346	5712
46347	1952
46348	26
46349	107
46350	180
46351	42
46352	500
46353	12
46354	56
46355	472
46356	138
46357	62
46358	20
46359	1511
46360	6
46361	1082
46362	87
46363	714
46364	355
46365	7
46366	7
46367	8
46368	26
46369	174
46370	149
46371	77
46372	792
46373	50
46374	24
46375	72
46376	10
46377	121
46378	662
46379	1
46380	113
46381	141
46382	115
46383	438
46384	13
46385	2
46386	225
46387	11
46388	566
46389	59
46390	26
46391	148
46392	113
46393	734
46394	692
46395	25
46396	36
46397	140
46398	15
46399	78
46400	85
46401	5
46402	1879
46403	53
46404	3
46405	11
46406	19
46407	5
46408	40
46409	221
46410	440
46411	84
46412	14
46413	1311
46414	8
46415	75
46416	241
46417	109
46418	11
46419	85
46420	7
46421	18
46422	8
46423	9
46424	71
46425	168
46426	138
46427	63
46428	12
46429	56
46430	2
46431	131
46432	145
46433	13
46434	479
46435	396
46436	115
46437	15
46438	19
46439	549
46440	216
46441	32
46442	31
46443	46
46444	54
46445	15
46446	26
46447	2
46448	944
46449	85
46450	5
46451	14
46452	11
46453	480
46454	13
46455	171
46456	62
46457	33
46458	48
46459	18
46460	4
46461	100
46462	282
46463	19
46464	17
46465	76
46466	86
46467	14
46468	29
46469	26
46470	637
46471	18
46472	151
46473	3162
46474	190
46475	1028
46476	813
46477	8
46478	99
46479	465
46480	138
46481	20
46482	34
46483	119
46484	608
46485	2030
46486	319
46487	67
46488	20
46489	150
46490	234
46491	10
46492	4
46493	12
46494	8
46495	8
46496	693
46497	44
46498	21
46499	15
46500	15
46501	58
46502	5
46503	13
46504	10
46505	4404
46506	89
46507	107
46508	12
46509	34
46510	339
46511	786
46512	114
46513	1332
46514	175
46515	1035
46516	2987
46517	18
46518	20
46519	5
46520	121
46521	1648
46522	7969
46523	7
46524	641
46525	52
46526	2443
46527	117
46528	303
46529	50
46530	40
46531	445
46532	17
46533	177
46534	31
46535	209
46536	21
46537	140
46538	16
46539	272
46540	83
46541	1253
46542	48
46543	29
46544	5
46545	52
46546	29
46547	252
46548	11
46549	8
46550	4
46551	144
46552	5
46553	110
46554	235
46555	10
46556	31
46557	133
46558	1048
46559	16
46560	17
46561	105
46562	4188
46563	2
46564	55
46565	342
46566	28
46567	180
46568	13
46569	284
46570	35
46571	17
46572	4779
46573	15
46574	84
46575	3146
46576	62
46577	40
46578	29
46579	68
46580	7
46581	53
46582	65
46583	6
46584	12179
46585	41
46586	746
46587	340
46588	2
46589	3
46590	298
46591	222
46592	15
46593	654
46594	280
46595	1399
46596	19
46597	265
46598	70
46599	7
46600	2
46601	25
46602	30
46603	201
46604	26
46605	527
46606	95
46607	119
46608	45
46609	304
46610	3
46611	676
46612	23
46613	23
46614	26
46615	15
46616	11264
46617	23
46618	281
46619	10
46620	1073
46621	186
46622	17
46623	183
46624	52
46626	107
46627	1966
46628	16
46629	88
46630	535
46631	284
46632	783
46633	5
46634	39
46635	138
46636	325
46637	21
46638	524
46639	377
46640	31
46641	47
46642	892
46643	191
46644	7
46645	12
46646	12
46647	79
46648	20
46649	28
46650	6536
46651	244
46652	10
46653	10
46654	15703
46655	3
46656	1160
46657	84
46658	7
46659	10
46660	367
46661	37
46662	77
46663	124
46664	58
46665	1414
46666	1518
46667	52087
46668	137
46669	277
46670	271
46671	208
46672	786
46673	2264
46674	519
46675	6
46676	26878
46677	826
46678	4
46679	6
46680	441
46681	574
46682	10
46683	63
46684	225
46685	68
46686	663
46687	32
46688	751
46689	38
46690	33
46691	161
46692	7340
46693	29
46694	64
46695	83
46696	223
46697	507
46698	80
46699	712
46700	409
46701	18
46702	6
46703	1050
46704	12
46705	8
46706	127
46707	52
46708	414
46709	5194
46710	29
46711	45
46712	60
46713	98
46714	25
46715	49
46716	5
46717	43
46718	27
46719	252
46720	12849
46721	24
46722	29
46723	116
46724	937
46725	268
46726	5
46727	20
46728	15
46729	126
46730	151
46731	14
46732	22
46733	74
46734	162
46735	95
46736	32
46737	80
46738	2439
46739	24
46740	184
46741	1
46742	116
46743	78
46744	3
46745	6
46746	38
46747	548
46748	256
46749	902
46750	47
46751	4
46752	29
46753	13
46754	35
46755	1802
46756	14
46757	142
46758	237
46759	18
46760	5
46761	7
46762	3
46763	50
46764	122
46765	10
46766	57
46767	9
46768	60
46769	194
46770	557
46771	29
46772	10
46773	120
46774	32
46775	25
46776	292
46777	224
46778	339
46779	997
46780	113
46781	34
46782	1108
46783	37
46784	14
46785	1912
46786	75
46787	551
46788	56
46789	73
46790	186
46791	22
46792	117
46793	107
46794	39
46795	24
46796	16
46797	15
46798	50
46799	512
46800	124
46801	6
46802	24950
46803	180
46804	1614
46805	196
46806	42
46807	1773
46808	104
46809	10
46810	16
46811	1252
46812	1942
46813	396
46814	33
46815	201
46816	16
46817	4663
46818	15
46819	16
46820	11455
46821	66
46822	2726
46823	1214
46824	32
46825	7
46826	15
46827	111
46828	411
46829	81
46830	22
46831	163
46832	8
46833	11
46834	57
46835	2
46836	23
46837	20
46838	213
46839	68
46840	16
46841	255
46842	8900
46843	40
46844	1797
46845	449
46846	87
46847	2582
46848	7
46849	35
46850	37
46851	36
46852	28
46853	932
46854	6
46855	554
46856	68
46857	26
46858	17
46859	27
46860	5
46861	37
46862	26
46863	112
46864	13
46865	71
46866	13
46867	9
46868	893
46869	11
46870	715
46871	2
46872	19
46873	61
46874	60
46875	479
46876	162
46877	275
46878	33
46879	8
46880	160
46881	1649
46882	52
46883	24
46884	18
46885	35
46886	8368
46887	63
46888	64
46889	161
46890	37
46891	16
46892	37
46893	108
46894	92
46895	25
46896	15
46897	43
46898	37
46899	186
46900	6499
46901	423
46902	842
46903	91
46904	12
46905	2
46906	38971
46907	29
46908	378
46909	46
46910	23
46911	17
46912	88
46913	1097
46914	235
46915	58
46916	1263
46917	39
46918	130
46919	22
46920	24
46921	121
46922	11
46923	276
46924	17
46925	11
46926	208
46927	156
46928	87
46929	64
46930	34
46931	2913
46932	834
46933	206
46934	30
46935	305
46936	4
46937	11
46938	180
46939	100
46940	57
46941	3940
46942	93
46943	7
46944	115
46945	245
46946	323
46947	8
46948	3
46949	333
46950	11
46951	4
46952	31
46953	185
46954	2
46955	588
46956	35
46957	40
46958	311
46959	52
46960	167
46961	87
46962	4025
46963	9
46964	15
46965	88
46966	17
46967	15
46968	27
46969	21431
46970	27
46971	548
46972	21
46973	80
46974	22
46975	21
46976	39
46977	41
46978	19
46979	67283
46980	19
46981	220
46982	223
46983	4
46984	1416
46985	5
46986	27
46987	238
46988	257
46989	53
46990	5691
46991	46
46992	1690
46993	1368
46994	19
46995	28
46996	229
46997	135
46998	5
46999	54
47000	1143
47001	14
47002	8
47003	13
47004	109
47005	615
47006	711
47007	3
47008	3243
47009	5
47010	9
47011	881
47012	26
47013	22
47014	213
47015	127
47016	52
47017	265
47018	305
47019	21
47020	123
47021	207
47022	19
47023	326
47024	85
47025	853
47026	572
47027	11
47028	17
47029	6891
47030	10
47031	880
47032	3
47033	20
47034	1354
47035	10
47036	73
47037	37
47038	60
47039	20
47040	248
47041	35
47042	11466
47043	46
47044	1133
47045	203
47046	9
47047	38
47048	54
47049	1022
47050	870
47051	5
47052	244
47053	7
47054	15
47055	94
47056	5
47057	23
47058	1794
47059	2236
47060	118
47061	402
47062	14
47063	53
47064	23
47065	637
47066	28
47067	12
47068	5
47069	11
47070	83
47071	2
47072	64
47073	15
47074	98
47075	16
47076	47
47077	124
47078	111
47079	202
47080	3
47081	28
47082	36
47083	273
47084	9
47085	14
47086	398
47087	5976
47088	4
47089	140
47090	55
47091	76
47092	3
47093	14
47094	12
47095	13
47096	32
47097	628
47098	514
47099	736
47100	102
47101	12
47102	17
47103	25
47104	100
47105	12
47106	6
47107	706
47108	30
47109	5
47110	19
47111	566
47112	53
47113	15
47114	2023
47115	250
47116	48
47117	418
47118	19
47119	3278
47120	217
47121	127
47122	51
47123	289
47124	23
47125	33
47126	62
47127	41
47128	7
47129	28
47130	20
47131	137
47132	17
47133	36
47134	52
47135	220
47136	335
47137	52
47138	125
47139	121
47140	182
47141	11585
47142	4
47143	12
47144	34583
47145	3094
47146	5
47147	35
47148	91
47149	55
47150	6
47151	14
47152	146
47153	28
47154	1154
47155	524
47156	5054
47157	461
47158	65
47159	24
47160	6
47161	13
47162	15
47163	922
47164	16
47165	5
47166	251
47167	2452
47168	467
47169	550
47170	18
47171	36
47172	8
47173	7
47174	193
47175	110
47176	50
47177	246
47178	18
47179	159
47180	451
47181	7
47182	196
47183	5
47184	11
47185	3412
47186	6
47187	366
47188	4
47189	166
47190	8
47191	24
47192	403
47193	615
47194	279
47195	32
47196	1669
47197	579
47198	87
47199	25
47200	8
47201	30
47202	153
47203	6
47204	43
47205	141
47206	178
47207	65
47208	18
47209	213584
47210	11
47211	1051
47212	72
47213	26
47214	41
47215	3
47216	479
47217	46
47218	5
47219	32
47220	11
47221	21
47222	378
47223	1694
47224	160
47225	726
47226	2414
47227	23
47228	100
47229	4330
47230	20
47231	1489
47232	228
47233	15
47234	233
47235	143
47236	5
47237	18
47238	142
47239	24
47240	16
47241	122
47242	1131
47243	55
47244	22
47245	4
47246	10
47247	40
47248	679
47249	395
47250	30
47251	19
47252	288
47253	1037
47254	43
47255	7
47256	11
47257	64
47258	1373
47259	19
47260	304
47261	186
47262	69
47263	59
47264	22
47265	219
47266	2
47267	33
47268	42
47269	27
47270	99
47271	209
47272	644
47273	76
47274	24
47275	20
47276	5
47277	17
47278	59
47279	37
47280	2784
47281	36
47282	99
47283	364
47284	1663
47285	8
47286	14
47287	26
47288	4
47289	37
47290	271
47291	109
47292	22
47293	115
47294	9
47295	35
47296	67
47297	90
47298	225
47299	46
47300	56
47301	258
47302	7
47303	162
47304	90
47305	414
47306	4
47307	236
47308	15
47309	248
47310	340
47311	6
47312	88
47313	114
47314	37
47315	18
47316	114
47317	206
47318	307
47319	6
47320	8
47321	43
47322	256
47323	60
47324	225
47325	2509
47326	6
47327	137
47328	14
47329	1481
47330	81
47331	140
47332	12
47333	1947
47334	147
47335	44
47336	34
47337	475
47338	8
47339	158
47340	16
47341	9
47342	27
47343	5
47344	20
47345	458
47346	125
47347	14
47348	1530
47349	6
47350	27
47351	6
47352	11
47353	146
47354	12
47355	19
47356	26
47357	6243
47358	10
47359	7
47360	12
47361	226
47362	65
47363	52
47364	32
47365	184
47366	3093
47367	168
47368	396
47369	46
47370	465
47371	121
47372	82
47373	13
47374	26
47375	12
47376	290
47377	12
47378	24
47379	322
47380	1392
47381	33
47382	141
47383	93
47384	19
47385	313
47386	10
47387	106
47388	4796
47389	5
47390	103
47391	74
47392	475
47393	55
47394	19
47395	51
47396	121
47397	231
47398	40
47399	9
47400	34
47401	69
47402	4976
47403	1316
47404	176
47405	169
47406	11
47407	4
47408	1
47409	1241
47410	8
47411	6
47412	309
47413	22
47414	68
47415	186
47416	38
47417	82
47418	125
47419	10
47420	4
47421	11
47422	25
47423	24
47424	4
47425	92
47426	10
47427	269
47428	170
47429	71
47430	10
47431	11
47432	26
47433	81
47434	162
47435	479
47436	82
47437	4
47438	629
47439	2279
47440	3
47441	690
47442	10
47443	33
47444	53
47445	15
47446	28
47447	46
47448	105
47449	181
47450	26
47451	70
47452	20
47453	20
47454	36
47455	49
47456	59
47457	292
47458	53
47459	152
47460	5
47461	11
47462	28
47463	569
47464	198
47465	83
47466	50
47467	11
47468	47
47469	19
47470	114
47471	23
47472	25
47473	24
47474	19
47475	288
47476	26
47477	222
47478	93
47479	2065
47480	29
47481	99
47482	277
47483	13
47484	13
47485	959
47486	49
47487	19
47488	25
47489	172
47490	9
47491	326
47492	6500
47493	18
47494	20
47495	75
47496	127
47497	96
47498	386
47499	141
47500	2006
47501	115
47502	122
47503	387
47504	649
47505	29
47506	14
47507	77
47508	12
47509	481
47510	13
47511	23
47512	401
47513	56
47514	65
47515	46
47516	1487
47517	7
47518	516
47519	286
47520	188
47521	3735
47522	43
47523	4
47524	26
47525	125
47526	5942
47527	20
47528	62
47529	25
47530	7
47531	519
47532	746
47533	115
47534	99
47535	39
47536	45
47537	998
47538	84
47539	41
47540	35
47541	557
47542	11
47543	61
47544	9
47545	9
47546	963
47547	2781
47548	157
47549	74
47550	77
47551	343
47552	233
47553	787
47554	47
47555	103
47556	22
47557	79
47558	12
47559	340
47560	102
47561	65
47562	22
47563	3
47564	260
47565	64
47566	109
47567	8
47568	32
47569	341
47570	1839
47571	19
47572	21
47573	775
47574	80
47575	69
47576	68
47577	719
47578	21
47579	12
47580	68
47581	5
47582	87
47583	16
47584	10
47585	969
47586	100
47587	19
47588	2
47589	329
47590	233
47591	2369
47592	5
47593	6
47594	5
47595	370
47596	400
47597	46
47598	54
47599	305
47600	10
47601	6890
47602	20
47603	5
47604	54
47605	225
47606	13
47607	58
47608	12
47609	88
47610	2181
47611	2528
47612	345
47613	270
47614	63
47615	15
47616	2535
47617	134
47618	15
47619	128
47620	5
47621	1871
47622	68
47623	28
47624	119
47625	30
47626	152657
47627	124
47628	10
47629	1318
47630	9959
47631	631
47632	40
47633	111
47634	3
47635	8
47636	14
47637	7
47638	10
47639	528
47640	159
47641	40
47642	115
47643	292
47644	3
47645	258
47646	38
47647	7
47648	90
47649	51
47650	29
47651	654
47652	3213
47653	5
47654	159
47655	21
47656	93
47657	178
47658	696
47659	32
47660	552
47661	83
47662	76
47663	143
47664	90
47665	106
47666	54
47667	168
47668	1782
47669	13
47670	5
47671	10
47672	20775
47673	20
47674	492
47675	58
47676	162
47677	66
47678	5
47679	8
47680	1
47681	234
47682	411
47683	1198
47684	70
47685	111
47686	92
47687	233
47688	37
47689	7
47690	3
47691	29
47692	178
47693	44
47694	84
47695	98
47696	14
47697	207
47698	143
47699	58
47700	22
47701	45
47702	174
47703	10
47704	40
47705	11
47706	18
47707	44
47708	6
47709	69
47710	35
47711	6
47712	84
47713	51
47714	556
47715	7
47716	73
47717	4604
47718	65
47719	1079
47720	146
47721	10
47722	16
47723	13
47724	3
47725	16
47726	146
47727	36
47728	242
47729	57
47730	12
47731	138
47732	68
47733	7
47734	21352
47735	89
47736	36
47737	196
47738	642
47739	118
47740	1338
47741	21
47742	4
47743	155
47744	145
47745	73
47746	7
47747	123
47748	13
47749	14
47750	12
47751	26
47752	563
47753	32
47754	25
47755	708
47756	2
47757	113
47758	126
47759	11238
47760	55
47761	224
47762	11
47763	469
47764	11
47765	111
47766	176815
47767	54
47768	24
47769	73
47770	33
47771	41
47772	513
47773	16
47774	20
47775	40
47776	28
47777	11
47778	64
47779	22
47780	2454
47781	92
47782	14
47783	1525
47784	59
47785	138
47786	55
47787	331
47788	8291
47789	33
47790	547
47791	15
47792	7979
47793	80
47794	26
47795	257
47796	12
47797	43
47798	12
47799	26
47800	507
47801	10
47802	129
47803	187
47804	955
47805	473
47806	176
47807	68
47808	28
47809	258
47810	73
47811	13
47812	13
47813	233
47814	27
47815	1239
47816	42
47817	476
47818	188
47819	7
47820	129
47821	4
47822	11
47823	2199
47824	237
47825	25
47826	37
47827	93
47828	8
47829	78
47830	996
47831	109
47832	12
47833	12
47834	6
47835	37
47836	12
47837	6
47838	201
47839	32
47840	6
47841	92
47842	913
47843	358
47844	44
47845	577
47846	26
47847	128
47848	827
47849	112
47850	4
47851	14
47852	264
47853	30
47854	342
47855	7
47856	21
47857	8
47858	42
47859	7
47860	12
47861	463
47862	2152
47863	59
47864	8
47865	3035
47866	6515
47867	813
47868	589
47869	20
47870	12
47871	42
47872	11
47873	2008
47874	16
47875	1061
47876	65
47877	5746
47878	22
47879	5
47880	7
47881	43
47882	103
47883	118
47884	602
47885	1092
47886	5
47887	11
47888	4118
47889	69
47890	6285
47891	17
47892	14
47893	2325
47894	21
47895	65
47896	170
47897	16
47898	66
47899	29
47900	4848
47901	83
47902	25
47903	287
47904	154
47905	45
47906	50
47907	126
47908	3
47909	20
47910	67
47911	105
47912	8910
47913	32
47914	5
47915	239
47916	340
47917	18
47918	233
47919	414
47920	237
47921	17
47922	4
47923	31
47924	227
47925	29
47926	474
47927	148
47928	26
47929	70
47930	28
47931	2638
47932	15
47933	238
47934	254
47935	52
47936	63
47937	524
47938	13
47939	117
47940	1397
47941	2560
47942	12
47943	1278
47944	286
47945	71
47946	1012
47947	31
47948	35
47949	18
47950	331
47951	101
47952	4
47953	573
47954	74
47955	261
47956	10
47957	104
47958	41
47959	165
47960	129
47961	158
47962	3092
47963	12
47964	39
47965	2602
47966	4888
47967	99
47968	14
47969	274
47970	102
47971	58
47972	46
47973	36
47974	16
47975	49
47976	118
47977	14928
47978	314
47979	107
47980	103
47981	41
47982	25
47983	15
47984	22
47985	122
47986	519
47987	17
47988	123
47989	28
47990	3999
47991	208
47992	513
47993	4283
47994	49
47995	134
47996	282
47997	4
47998	20
47999	9
48000	129
48001	43
48002	248
48003	17
48004	3371
48005	19
48006	100
48007	1504
48008	70
48009	3
48010	49
48011	29
48012	35
48013	12
48014	22
48015	2665
48016	11
48017	2012
48018	268
48019	11
48020	58
48021	23
48022	520
48023	1674
48024	13
48025	418
48026	381
48027	26
48028	214
48029	7
48030	43
48031	349
48032	178
48033	6
48034	2377
48035	62
48036	138
48037	70
48038	326
48039	453
48040	39
48041	436
48042	4
48043	656
48044	103
48045	32
48046	14
48047	245
48048	37
48049	158
48050	4
48051	10
48052	2
48053	8
48054	7
48055	4
48056	145
48057	5925
48058	1300
48059	17
48060	35
48061	49
48062	79
48063	2
48064	36
48065	3
48066	420
48067	10
48068	525
48069	30
48070	522
48071	1358
48072	60
48073	126
48074	14
48075	417
48076	79
48077	5
48078	53
48079	922
48080	4
48081	5
48082	72
48083	87
48084	24
48085	48
48086	2678
48087	58
48088	111
48089	60
48090	305
48091	86
48092	62
48093	609
48094	5395
48095	313
48096	68
48097	455
48098	88
48099	2680
48100	16
48101	52
48102	189
48103	221
48104	8019
48105	71
48106	39
48107	120
48108	143
48109	4496
48110	3012
48111	4
48112	1122
48113	2
48114	78
48115	13
48116	1618
48117	61
48118	2034
48119	266
48120	5
48121	190
48122	6
48123	1663
48124	14
48125	11
48126	28
48127	102
48128	199
48129	292
48130	314
48131	785
48132	260
48133	34
48134	27
48135	1775
48136	98
48137	143
48138	36
48139	33
48140	988
48141	94
48142	3279
48143	14
48144	2438
48145	5
48146	24
48147	8
48148	25
48149	6
48150	14
48151	1
48152	198
48153	3
48154	512
48155	8
48156	24
48157	67
48158	288
48159	34
48160	38
48161	54
48162	506
48163	529
48164	304
48165	99
48166	74
48167	143
48168	183
48169	3
48170	16
48171	6925
48172	19
48173	89
48174	988
48175	550
48176	127
48177	31
48178	51
48179	578
48180	61
48181	192
48182	775
48183	3141
48184	43
48185	31
48186	4153
48187	21
48188	19
48189	90
48190	2130
48191	31
48192	2383
48193	820
48194	5
48195	12
48196	587
48197	320
48198	28
48199	854
48200	10
48201	8
48202	6
48203	279
48204	1869
48205	16829
48206	376
48207	39
48208	23
48209	6
48210	2324
48211	1
48212	9
48213	7
48214	117
48215	129
48216	37
48217	118
48218	7
48219	719
48220	4707
48221	27
48222	754
48223	403
48224	19
48225	37
48226	2177
48227	38
48228	5
48229	1152
48230	3994
48231	23
48232	16
48233	6
48234	4
48235	427
48236	3
48237	16
48238	270
48239	959
48240	56
48241	569
48242	6
48243	20
48244	86
48245	159
48246	2647
48247	140
48248	575
48249	90
48250	40
48251	56
48252	6
48253	29
48254	20
48255	786
48256	17
48257	48
48258	15
48259	250
48260	90
48261	8
48262	32
48263	315
48264	43
48265	26
48266	28
48267	7
48268	12
48269	155
48270	643
48271	15
48272	5
48273	48
48274	5
48275	206
48276	4
48277	220
48278	552
48279	7
48280	129
48281	62
48282	44
48283	561
48284	347
48285	24
48286	18
48287	5225
48288	8
48289	68
48290	1379
48291	593
48292	72
48293	19
48294	8
48295	13
48296	272
48297	521
48298	119
48299	3429
48300	6
48301	955
48302	40
48303	17
48304	204
48305	33
48306	16
48307	76
48308	16
48309	1325
48310	966
48311	13
48312	11
48313	410
48314	10
48315	15
48316	125
48317	88
48318	217
48319	16
48320	342
48321	74
48322	15
48323	116
48324	47
48325	203
48326	130
48327	31
48328	159
48329	27
48330	7
48331	14
48332	139
48333	194
48334	9
48335	3233
48336	36
48337	26
48338	8
48339	432
48340	141
48341	1170
48342	8
48343	1
48344	42
48345	8
48346	14
48347	272
48348	657
48349	8
48350	23
48351	196
48352	213
48353	21
48354	6
48355	16
48356	361
48357	1439
48358	10
48359	50
48360	70
48361	55
48362	13
48363	26
48364	19501
48365	5
48366	853
48367	66
48368	246
48369	18
48370	3934
48371	28
48372	32
48373	150
48374	25
48375	304
48376	40
48377	567
48378	5
48379	16
48380	33
48381	86
48382	35
48383	826
48384	29
48385	1168
48386	78
48387	87
48388	35
48389	7
48390	268
48391	8
48392	4
48393	55
48394	41
48395	8329
48396	83
48397	105
48398	363
48399	156
48400	12
48401	73
48402	12
48403	11
48404	139
48405	4
48406	53
48407	455
48408	132
48409	296
48410	7
48411	18
48412	44
48413	12
48414	101
48415	1860
48416	148
48417	236
48418	7
48419	27
48420	3
48421	146
48422	22
48423	1887
48424	67
48425	31
48426	289
48427	47
48428	31
48429	48
48430	14
48431	19
48432	13
48433	57
48434	35
48435	159
48436	13
48437	2991
48438	135
48439	8
48440	2254
48441	25
48442	1516
48443	154
48444	173
48445	3
48446	17
48447	11
48448	189
48449	38
48450	2158
48451	56
48452	15
48453	1421
48454	793
48455	540
48456	9
48457	30
48458	121
48459	33
48460	34
48461	1
48462	114
48463	42
48464	986
48465	70
48466	62
48467	45
48468	74
48469	68
48470	55
48471	8
48472	79
48473	124
48474	91
48475	6
48476	1467
48477	15
48478	56
48479	8
48480	314
48481	167
48482	5
48483	52
48484	8
48485	1108
48486	1369
48487	883
48488	31
48489	95
48490	30
48491	656
48492	169
48493	584
48494	208
48495	13
48496	70
48497	11
48498	209
48499	5
48500	12
48501	73
48502	19
48503	19
48504	40
48505	145
48506	27
48507	78
48508	19
48509	85
48510	48
48511	124
48512	13
48513	239
48514	190
48515	99
48516	73
48517	90
48518	16
48519	135
48520	557
48521	33
48522	8
48523	5129
48524	509
48525	22
48526	259
48527	4354
48528	140
48529	185
48530	48
48531	142
48532	1987
48533	40
48534	46
48535	79
48536	68
48537	137
48538	183
48539	66
48540	46
48541	33
48542	43
48543	108
48544	67
48545	5
48546	15
48547	51
48548	331
48549	171
48550	65
48551	142
48552	636
48553	159
48554	185
48555	381
48556	158
48557	18
48558	2
48559	8910
48560	29
48561	5
48562	26
48563	43
48564	6
48565	285
48566	142
48567	3
48568	773
48569	9
48570	5
48571	12
48572	176
48573	39
48574	95
48575	6
48576	199
48577	1706
48578	188
48579	44
48580	28
48581	17
48582	98
48583	17
48584	100
48585	257
48586	71
48587	174
48588	579
48589	168
48590	68
48591	209
48592	54
48593	149
48594	116
48595	6814
48596	236
48597	12
48598	11
48599	34
48600	2553
48601	7
48602	114
48603	26
48604	41
48605	4
48606	10
48607	29
48608	34
48609	31
48610	151
48611	21
48612	10
48613	200
48614	191
48615	72
48616	107
48617	68
48618	51
48619	23
48620	1440
48621	28
48622	948
48623	108
48624	247
48625	110
48626	2574
48627	31
48628	11165
48629	9
48630	13
48631	250
48632	134
48633	45
48634	1080
48635	73
48636	108
48637	1580
48638	25
48639	34
48640	275
48641	56
48642	3448
48643	14
48644	13
48645	1045
48646	68
48647	1000
48648	18
48649	13
48650	49
48651	11
48652	22
48653	11
48654	11
48655	190
48656	51
48657	398
48658	28
48659	47
48660	7
48661	43
48662	19
48663	26
48664	29
48665	443
48666	930
48667	964
48668	32
48669	12
48670	79
48671	11
48672	497
48673	16
48674	40
48675	62
48676	62
48677	29
48678	11
48679	51939
48680	23
48681	331
48682	1693
48683	156
48684	98
48685	166
48686	89
48687	141
48688	25
48689	32
48690	69
48691	4
48692	78
48693	17
48694	30
48695	595
48696	10
48697	9783
48698	3
48699	5
48700	37
48701	5
48702	804
48703	47
48704	60
48705	2387
48706	977
48707	923
48708	213
48709	3
48710	96
48711	99
48712	17
48713	117
48714	42
48715	191
48716	693
48717	460
48718	179
48719	14
48720	5391
48721	182
48722	532
48723	413
48724	14
48725	83
48726	6067
48727	10
48728	27
48729	6
48730	105
48731	48
48732	882
48733	1630
48734	228
48735	26
48736	834
48737	288
48738	8
48739	291
48740	13
48741	55
48742	1723
48743	9
48744	345
48745	17257
48746	1164
48747	1753
48748	21
48749	226
48750	279
48751	21
48752	26
48753	87
48754	136
48755	209
48756	23
48757	12
48758	5
48759	34
48760	2
48761	436
48762	2559
48763	87
48764	19
48765	406
48766	20
48767	68
48768	16
48769	130
48770	8
48771	31
48772	43
48773	15
48774	5
48775	15055
48776	131
48777	124
48778	66
48779	932
48780	16
48781	213
48782	2
48783	152
48784	1368
48785	717
48786	167
48787	3
48788	5
48789	91
48790	629
48791	75
48792	29
48793	11
48794	3
48795	4023
48796	6
48797	220
48798	31
48799	101
48800	1162
48801	44
48802	1924
48803	21
48804	16
48805	695
48806	645
48807	109
48808	1784
48809	107
48810	157
48811	101
48812	3847
48813	116
48814	31
48815	56
48816	16
48817	40
48818	41
48819	219
48820	5
48821	524
48822	198
48823	874
48824	78
48825	1574
48826	67
48827	12
48828	9
48829	4
48830	7
48831	52
48832	16
48833	97
48834	58
48835	1562
48836	15
48837	31
48838	6
48839	37
48840	37
48841	343
48842	25
48843	31
48844	4
48845	1553
48846	33
48847	63
48848	2237
48849	24
48850	56
48851	155
48852	61
48853	8
48854	24
48855	14
48856	5
48857	7561
48858	71
48859	891
48860	31
48861	40
48862	89
48863	23
48864	224
48865	802
48866	223
48867	41
48868	282
48869	100
48870	384
48871	3161
48872	23
48873	57
48874	164
48875	393
48876	56
48877	115
48878	779
48879	15
48880	12
48881	310
48882	31
48883	56
48884	71
48885	686
48886	18
48887	20
48888	397
48889	26
48890	392
48891	8
48892	44
48893	78
48894	1587
48895	70
48896	42
48897	26
48898	460
48899	10
48900	1449
48901	16
48902	114
48903	579
48904	209
48905	10
48906	65
48907	1339
48908	64
48909	9
48910	56
48911	4
48912	7
48913	104
48914	59
48915	26
48916	262
48917	68
48918	3
48919	23
48920	7
48921	29
48922	41
48923	113
48924	2
48925	1353
48926	222
48927	656
48928	57
48929	19
48930	60
48931	300
48932	55
48933	1527
48934	3
48935	616
48936	228
48937	29
48938	198
48939	356
48940	485
48941	70
48942	56
48943	4
48944	82
48945	94
48946	3179
48947	8
48948	38
48949	103
48950	11
48951	8
48952	37
48953	1848
48954	22
48955	37
48956	49
48957	2140
48958	8
48959	51
48960	39
48961	172
48962	4
48963	24
48964	45
48965	527
48966	45
48967	294
48968	4
48969	124
48970	18
48971	24
48972	92
48973	26
48974	689
48975	9
48976	56
48977	28
48978	52
48979	11
48980	6
48981	98
48982	8
48983	9
48984	52
48985	13
48986	55
48987	11
48988	3934
48989	26
48990	11
48991	36
48992	37
48993	23
48994	13
48995	26
48996	17
48997	39
48998	9
48999	9
49000	26
49001	45
49002	27
49003	5
49004	51
49005	1487
49006	444
49007	789
49008	18
49009	14
49010	213
49011	25
49012	44
49013	66
49014	2
49015	6
49016	16
49017	25
49018	110
49019	22
49020	3
49021	68
49022	16
49023	1012
49024	52
49025	183
49026	4160
49027	230
49028	141
49029	24
49030	1372
49031	143
49032	607
49033	9
49034	19
49035	162
49036	60
49037	267
49038	254
49039	102
49040	49
49041	8
49042	7
49043	3
49044	5033
49045	24
49046	15
49047	38
49048	21
49049	88
49050	33
49051	226
49052	81
49053	155
49054	2970
49055	11
49056	7
49057	21
49058	56
49059	6
49060	877
49061	98
49062	12
49063	18
49064	46
49065	12
49066	32
49067	116
49068	29
49069	16
49070	190
49071	278
49072	613
49073	28
49074	34
49075	14276
49076	18
49077	21
49078	64
49079	1063
49080	4
49081	6
49082	746
49083	419
49084	22
49085	10
49086	1256
49087	62
49088	9
49089	31
49090	71
49091	28
49092	16
49093	82
49094	6
49095	1424
49096	17
49097	15
49098	3555
49099	289
49100	251
49101	41
49102	275
49103	40
49104	16
49105	62
49106	55
49107	166
49108	12
49109	4
49110	307
49111	6162
49112	1035
49113	4481
49114	984
49115	52
49116	3
49117	6
49118	93
49119	74
49120	295
49121	11
49122	52
49123	88
49124	9
49125	27
49126	265
49127	6
49128	1667
49129	91
49130	11
49131	9746
49132	21
49133	30
49134	117
49135	64
49136	9
49137	12
49138	21
49139	3167
49140	151
49141	2178
49142	4
49143	73
49144	1741
49145	73
49146	3
49147	28
49148	10
49149	12
49150	8
49151	434
49152	76
49153	15
49154	3
49155	8
49156	1040
49157	839
49158	555
49159	17
49160	5
49161	34
49162	4
49163	35
49164	404
49165	29
49166	41
49167	24
49168	22
49169	353
49170	45
49171	242
49172	171
49173	162
49174	1705
49175	10829
49176	1898
49177	5
49178	12
49179	24
49180	7
49181	76
49182	70
49183	16
49184	189
49185	775
49186	33
49187	148
49188	18
49189	89
49190	102
49191	10365
49192	3060
49193	37
49194	5
49195	48
49196	2
49197	4
49198	3489
49199	129
49200	11
49201	1736
49202	162
49203	25
49204	13
49205	16
49206	4
49207	75
49208	5
49209	62
49210	7
49211	42
49212	91
49213	26
49214	9
49215	5700
49216	227
49217	1684
49218	8
49219	10
49220	45
49221	26
49222	127
49223	4
49224	492
49225	35
49226	331
49227	624
49228	9
49229	13
49230	16
49231	3
49232	544
49233	14
49234	15
49235	76360
49236	4861
49237	75
49238	2
49239	340
49240	11
49241	1996
49242	16
49243	430
49244	6
49245	37
49246	7
49247	6292
49248	1252
49249	328
49250	3
49251	4
49252	30
49253	25
49254	14
49255	3
49256	4
49257	52
49258	80
49259	257
49260	1182
49261	21
49262	25
49263	17
49264	598
49265	405
49266	68
49267	2046
49268	9
49269	626
49270	636
49271	107
49272	159
49273	3624
49274	4
49275	252
49276	118
49277	43
49278	27
49279	2842
49280	14
49281	1037
49282	143
49283	140
49284	850
49285	127
49286	10
49287	97
49288	15
49289	46
49290	38
49291	160
49292	22
49293	33
49294	117
49295	7
49296	522
49297	4
49298	164
49299	225
49300	141
49301	87
49302	163
49303	62
49304	4
49305	148
49306	1674
49307	40
49308	60
49309	14
49310	60
49311	9
49312	43
49313	73
49314	13
49315	173
49316	32
49317	95
49318	1389
49319	1089
49320	310
49321	4
49322	15
49323	640
49324	789
49325	2736
49326	1249
49327	446
49328	747
49329	53
49330	119
49331	57
49332	271
49333	106
49334	41
49335	96
49336	10
49337	70
49338	129
49339	78
49340	116
49341	142
49342	21
49343	6
49344	19
49345	55
49346	195
49347	72
49348	62
49349	175
49350	195
49351	499
49352	1345
49353	352
49354	1143
49355	1492
49356	73
49357	4
49358	66
49359	27
49360	36
49361	10
49362	4
49363	987
49364	15
49365	3
49366	54
49367	2
49368	227
49369	27
49370	14
49371	90
49372	55
49373	9
49374	1807
49375	22
49376	11
49377	34
49378	92
49379	31
49380	70
49381	2049
49382	7
49383	14433
49384	68
49385	318
49386	99
49387	441
49388	5
49389	8
49390	34
49391	58
49392	25
49393	17
49394	5
49395	255
49396	744
49397	325
49398	96
49399	43
49400	8
49401	3164
49402	7
49403	35
49404	209
49405	22
49406	17
49407	5
49408	81
49409	104
49410	51
49411	131
49412	232
49413	92
49414	501
49415	12
49416	5022
49417	309
49418	76
49419	7
49420	13
49421	3
49422	3
49423	3
49424	1543
49425	62
49426	166
49427	44
49428	88
49429	309
49430	11
49431	11
49432	5
49433	22
49434	16
49435	146
49436	235
49437	122
49438	17
49439	436
49440	482
49441	1541
49442	18
49443	9
49444	9
49445	204
49446	30
49447	156
49448	120
49449	7
49450	24
49451	1082
49452	8
49453	2
49454	40
49455	7
49456	66
49457	43
49458	71
49459	39
49460	34
49461	54
49462	50
49463	394
49464	30
49465	33
49466	12
49467	6
49468	25
49469	15
49470	55
49471	24
49472	5
49473	15
49474	477
49475	261
49476	676
49477	54
49478	6141
49479	34
49480	555
49481	2730
49482	4
49483	17
49484	141
49485	14
49486	20
49487	1
49488	1410
49489	15
49490	37
49491	525
49492	232
49493	16
49494	16
49495	190
49496	1455
49497	680
49498	6
49499	298
49500	33
49501	17
49502	29
49503	76
49504	175
49505	719
49506	13
49507	220
49508	741
49509	532
49510	472
49511	178
49512	7
49513	149
49514	49
49515	34
49516	42
49517	3821
49518	1155
49519	2029
49520	14439
49521	417
49522	499
49523	9
49524	428
49525	50
49526	7
49527	36
49528	33
49529	11
49530	16
49531	163
49532	12
49533	8519
49534	328
49535	30
49536	42
49537	8
49538	9
49539	35
49541	2
49542	3
49543	562
49544	1835
49545	13
49546	8
49547	94
49548	14
49549	134
49550	32
49551	29
49552	71
49553	13
49554	41
49555	499
49556	31
49557	5
49558	492
49559	50
49560	141
49561	29
49562	12
49563	47
49564	4
49565	22
49566	445
49567	316
49568	7
49569	4
49570	581
49571	13
49572	78
49573	93
49574	30
49575	41
49576	44
49577	77
49578	11
49579	19
49580	6
49581	12
49582	4
49583	2081
49584	5
49585	3734
49586	11
49587	316
49588	647
49589	19
49590	138
49591	49
49592	56
49593	135
49594	151
49595	10
49596	17
49597	111
49598	328
49599	11
49600	244
49601	12
49602	95
49603	16
49604	11
49605	5873
49606	50
49607	4
49608	780
49609	1250
49610	7226
49611	55
49612	119
49613	17
49614	236
49615	1201
49616	139
49617	195
49618	157
49619	9
49620	176
49621	4634
49622	590
49623	5
49624	8
49625	12
49626	113
49627	2
49628	4899
49629	9
49630	537
49631	2
49632	5
49633	435
49634	127
49635	67
49636	8
49637	289
49638	276
49639	36
49640	976
49641	4
49642	27
49643	7
49644	621
49645	22
49646	11
49647	299
49648	14
49649	52
49650	9
49651	31
49652	620
49653	53
49654	11
49655	936
49656	3
49657	7
49658	46
49659	256
49660	6
49661	13
49662	26
49663	12
49664	188
49665	106
49666	5
49667	1611
49668	378
49669	7
49670	229
49671	65
49672	14
49673	26
49674	88
49675	75
49676	50
49677	221
49678	377
49679	132
49680	1018
49681	70
49682	108
49683	97315
49684	9
49685	49
49686	120
49687	13
49688	89
