24852,472565
13176,379450
21137,264683
21903,241921
47209,213584
47766,176815
47626,152657
16797,142951
26209,140627
27845,137905
27966,137057
22935,113426
24964,109778
45007,104823
39275,100060
49683,97315
28204,89632
5876,87746
8277,85020
40706,84255
4920,82689
30391,80392
45066,79769
42265,76896
49235,76360
44632,75886
19057,75165
4605,73167
37646,72846
21616,72829
17794,72736
27104,71584
30489,71314
31717,69524
27086,69217
44359,68091
28985,67449
46979,67283
8518,66986
41950,64289
26604,61746
5077,60816
34126,60621
22035,59676
39877,58779
35951,57895
43352,57640
10749,57485
19660,56087
9076,55946
21938,55484
43961,55371
24184,55280
34969,54409
46667,52087
48679,51939
25890,50281
31506,50255
12341,50221
39928,50141
24838,49569
5450,49021
22825,48915
5785,47839
35221,46546
28842,45530
33731,45238
27521,43067
44142,43009
33198,42934
8174,42721
20114,42561
8424,42044
27344,41473
11520,40376
29487,40212
18465,40045
28199,39825
15290,39188
46906,38971
9839,38720
27156,38001
3957,37973
43122,37706
23909,37091
34358,36617
4799,36365
9387,36187
16759,35820
196,35791
42736,35667
38689,35663
4210,35633
41787,35413
41220,34874
47144,34583
7781,34209
33000,33908
20995,32887
21709,32788
19678,32534
40604,32351
30233,32105
34243,31792
37687,31768
24489,31445
42828,31192
5479,30937
432,30935
6184,30843
16185,30170
42768,30055
17948,29905
33754,29893
19348,29345
8193,29313
26369,29296
42585,29124
14992,29069
14947,28884
22963,28384
1463,27992
28849,27924
8021,27864
25659,27255
21405,27226
46676,26878
31343,26777
41844,26741
38293,26721
42701,26691
43789,26668
36011,26591
5025,26536
39475,26443
43295,26307
11777,26220
20842,26154
32689,25974
32655,25523
2295,25459
46802,24950
13870,24950
25146,24918
18531,24664
5212,24534
31553,24130
39408,24086
260,23900
36695,23892
10246,23826
24830,23642
38383,23641
43768,23388
1940,23244
11182,23129
18523,23034
18362,23006
21288,22864
6046,22590
44683,22275
29987,21999
890,21997
38777,21745
43772,21552
23734,21540
7948,21509
30450,21490
38456,21451
46969,21431
44910,21416
47734,21352
38159,21301
26620,21233
47672,20775
4957,20758
26165,20735
30776,20707
44987,20684
35939,20262
14678,20228
16349,20217
28289,20211
29447,20198
44422,20140
40310,20069
16953,20033
23375,19998
33787,19908
19048,19847
2078,19846
13984,19745
41290,19692
23165,19671
32864,19639
17600,19611
39812,19544
8859,19518
48364,19501
33120,19400
31683,19345
26940,19286
28465,19257
35108,19163
26283,18906
37158,18602
37067,18583
18370,18449
45,18413
41665,18367
35547,18358
3952,18341
10957,18269
2086,18231
2966,18183
43154,18161
24799,18142
40571,18044
10132,18040
43713,18040
40396,17960
18027,17789
45535,17716
1158,17699
25931,17672
7021,17629
38739,17565
13629,17423
42450,17420
20119,17411
15937,17401
42342,17332
32478,17320
48745,17257
45633,17140
21019,17038
34050,16987
34448,16850
48205,16829
39619,16824
17461,16816
45603,16791
30169,16636
31040,16626
38400,16535
13646,16439
36865,16377
40174,16356
21267,16318
17872,16246
5818,16155
26790,16129
39984,15954
14084,15935
23288,15871
21376,15831
32734,15813
33768,15774
37766,15740
46654,15703
12206,15638
329,15459
28934,15458
6187,15415
6348,15377
39993,15367
18441,15304
5646,15302
25340,15301
43086,15298
6104,15267
42356,15253
48775,15055
651,15035
10673,14973
47977,14928
19508,14905
39180,14869
40709,14800
19677,14712
10017,14707
27336,14687
13535,14678
13829,14664
42244,14621
11782,14618
27695,14577
36070,14572
28156,14549
6873,14476
49520,14439
49383,14433
8571,14399
24561,14313
13249,14289
49075,14276
16083,14255
24024,14231
40545,14227
40199,14148
30720,14120
17795,14016
25588,13996
35921,13881
17122,13880
11422,13861
8670,13852
31915,13833
35561,13776
42445,13732
14233,13727
7963,13715
17706,13692
3599,13691
21295,13637
44449,13597
36550,13587
30827,13571
19019,13571
20082,13528
35042,13525
25466,13494
33401,13450
1511,13397
42625,13378
5194,13372
8048,13355
23537,13354
2825,13340
16965,13273
38928,13238
21195,13216
19706,13101
18288,13086
13380,13040
15872,13039
7751,13039
4562,13034
9339,12992
22395,12906
38164,12905
46720,12849
40723,12834
15902,12822
35140,12816
4472,12749
3376,12738
13166,12737
29662,12709
2855,12705
28993,12698
7175,12648
13575,12575
13740,12568
12916,12536
40516,12495
45200,12492
7503,12474
5782,12441
19691,12437
5134,12430
40332,12424
12456,12391
21174,12361
5258,12321
10644,12318
39561,12315
4421,12230
33129,12196
44765,12191
20955,12184
46584,12179
22124,12153
44570,12141
3464,12137
43662,12123
13198,12123
10070,12121
32691,12117
7559,12102
37710,12068
36735,12056
35898,12048
37029,11975
34262,11945
1025,11930
18918,11925
42719,11908
11408,11872
18234,11843
44560,11798
23029,11747
45123,11736
3896,11705
9092,11703
28745,11684
18811,11666
26384,11655
35503,11621
35628,11610
47141,11585
28476,11570
25138,11552
21386,11504
47042,11466
46820,11455
21292,11451
11140,11431
21573,11381
38768,11362
17949,11339
1999,11297
14197,11279
46616,11264
32433,11253
37220,11238
47759,11238
39947,11237
24954,11234
41065,11223
21333,11179
25824,11178
48628,11165
43504,11110
1194,11110
44628,11103
5456,11079
38273,11066
15613,11053
35535,11029
15424,10998
27548,10990
24841,10978
39190,10972
27730,10950
42110,10907
29307,10893
14161,10872
49175,10829
14462,10816
31066,10774
16696,10772
26800,10725
9825,10704
5322,10701
27744,10687
8309,10663
11005,10653
41588,10652
11068,10652
27796,10630
27325,10603
2228,10584
7969,10576
22474,10557
9020,10550
16521,10531
3298,10521
5769,10521
1244,10518
13517,10512
27323,10483
2452,10462
28601,10455
2314,10434
21927,10424
32177,10421
13733,10415
12980,10405
15261,10390
19173,10390
21872,10388
20345,10386
41658,10379
18479,10375
49191,10365
20734,10360
4086,10347
22849,10347
36724,10345
17316,10329
5373,10303
26497,10281
20738,10274
44799,10260
20574,10195
5161,10150
35914,10148
22959,10130
37524,10101
6948,10060
12845,10027
4656,9989
17758,9961
47630,9959
26348,9955
25513,9938
33055,9929
34584,9922
11712,9917
21543,9893
15649,9881
35887,9877
31720,9842
18926,9813
40198,9788
48697,9783
49131,9746
39108,9733
6740,9720
18963,9710
31651,9709
23543,9564
45104,9541
5612,9514
36316,9496
40377,9490
30406,9458
7500,9450
11512,9427
44008,9417
9755,9410
30639,9403
44661,9399
36082,9382
18656,9381
23516,9292
24221,9284
40063,9279
10305,9270
46069,9240
32303,9182
13838,9175
12576,9148
32403,9130
12409,9113
45504,9108
12872,9097
43129,9008
28427,8996
2450,8992
39581,8987
30353,8974
25718,8971
11759,8957
31215,8941
34668,8921
47912,8910
48559,8910
46842,8900
30696,8880
26317,8869
29941,8869
25640,8856
14715,8848
27690,8839
6631,8825
28553,8822
15392,8817
43875,8793
2091,8775
35163,8754
1529,8736
36929,8732
32747,8731
41400,8723
38996,8698
39558,8677
13263,8662
25753,8653
5550,8641
31981,8621
24009,8598
7628,8579
14218,8568
11576,8566
45948,8564
23236,8559
46149,8558
5652,8550
14852,8548
17652,8548
49533,8519
12099,8486
31766,8483
14129,8479
22142,8478
43394,8477
20940,8438
11440,8436
17284,8423
4461,8408
14651,8400
34217,8391
14633,8377
7156,8371
28928,8370
46886,8368
41149,8366
32465,8361
24810,8357
29926,8347
38772,8337
10831,8337
6489,8329
48395,8329
781,8326
42557,8324
10912,8303
47788,8291
32429,8259
2120,8246
34466,8229
18594,8215
40268,8213
311,8212
2326,8202
35004,8200
7485,8179
8138,8170
29675,8165
9515,8162
10385,8158
5240,8153
33043,8150
2846,8138
3142,8138
12276,8137
5068,8135
16616,8131
38200,8121
36772,8103
4367,8082
19006,8080
29127,8076
31433,8073
4793,8043
34134,8035
12745,8030
13292,8025
48104,8019
37119,8010
44234,7988
17224,7987
47792,7979
3583,7973
46522,7969
23405,7952
44479,7924
16254,7923
8555,7920
34530,7917
37065,7912
22025,7898
16145,7890
9808,7885
19816,7869
4942,7860
38650,7836
365,7830
14901,7821
39040,7812
30305,7805
1700,7788
33548,7783
14870,7771
42460,7761
1408,7752
32566,7751
20580,7746
16262,7723
16617,7709
17429,7707
45646,7696
10504,7673
42495,7668
40910,7642
23579,7642
27243,7640
44156,7639
10603,7630
7644,7625
31869,7595
12384,7569
13083,7562
48857,7561
46226,7559
45763,7559
14168,7558
2962,7558
23622,7548
28278,7545
12614,7535
24759,7528
9337,7522
31964,7518
29370,7517
3990,7508
5460,7503
38890,7501
8955,7498
21009,7494
26128,7477
33716,7476
7131,7472
8479,7464
1090,7460
31759,7452
39922,7393
17616,7381
10621,7374
22504,7358
3481,7350
46692,7340
24535,7338
18880,7336
28373,7335
17341,7333
6532,7329
32455,7321
20754,7319
23765,7314
4724,7311
16823,7306
17835,7302
25005,7299
36389,7292
30949,7273
8230,7264
30442,7259
49610,7226
26131,7223
21417,7212
16589,7192
23233,7177
9124,7176
19156,7170
36086,7167
28123,7144
45063,7118
17008,7117
33572,7114
28535,7112
1215,7093
2611,7083
38944,7082
11352,7069
29553,7063
45747,7050
8087,7049
24082,7040
31562,7024
6287,7018
7521,7011
9741,7010
19894,7007
38028,7004
41544,6999
21614,6994
4138,6986
40593,6975
31805,6961
14467,6953
37825,6948
33352,6942
12606,6938
13819,6935
10814,6925
48171,6925
17807,6922
47029,6891
47601,6890
10032,6880
13431,6877
35383,6872
18382,6871
1559,6858
42803,6842
3020,6837
46061,6829
48595,6814
45570,6812
17630,6807
23341,6796
22888,6784
23801,6773
9366,6763
17902,6763
18434,6757
18987,6742
29594,6739
581,6735
19003,6722
43631,6720
20632,6720
24382,6719
15200,6704
5449,6700
38656,6692
39121,6676
17878,6673
41319,6671
7916,6639
25837,6638
39097,6607
19488,6592
9421,6584
8490,6575
11461,6575
27360,6572
24010,6562
6615,6558
34551,6550
5337,6543
9550,6542
34,6536
37011,6536
46650,6536
31371,6527
41259,6518
41540,6515
47866,6515
7806,6513
21497,6511
34234,6506
47492,6500
46900,6499
6347,6486
44514,6481
12427,6476
11136,6475
33290,6471
31338,6470
41276,6461
14778,6445
46049,6438
19478,6436
4149,6423
46041,6409
42240,6394
38274,6394
14999,6388
8467,6384
22260,6380
23296,6374
248,6371
33636,6370
45013,6367
10761,6359
27307,6351
28785,6344
29615,6337
2180,6328
43643,6318
44471,6315
41593,6315
2716,6311
29898,6310
16290,6301
9327,6299
49247,6292
24390,6287
47890,6285
38544,6281
10473,6281
35233,6274
14897,6262
19049,6259
3849,6258
44375,6257
8239,6247
47357,6243
44292,6242
13802,6240
23645,6220
36127,6220
30480,6213
18599,6204
4006,6202
25133,6196
20899,6187
20520,6183
18564,6168
5991,6165
49111,6162
45681,6155
38444,6153
49478,6141
5031,6141
45106,6135
4137,6132
40002,6129
5618,6127
4962,6125
31663,6122
33065,6115
11941,6100
18019,6081
48726,6067
5959,6066
8736,6065
14332,6046
26914,6045
23044,6045
26047,6044
13712,6027
40348,6023
20583,6019
44310,6005
25544,6002
33846,5979
47087,5976
25705,5943
47526,5942
12312,5941
22802,5936
7054,5934
22151,5934
1695,5930
46175,5928
48057,5925
13852,5902
23554,5892
17027,5885
28597,5880
32650,5878
35336,5874
49605,5873
16283,5869
35168,5868
31927,5866
28851,5860
26882,5853
45064,5845
46088,5844
28986,5813
10369,5797
43867,5795
41757,5784
41273,5778
5250,5751
47877,5746
24850,5743
27683,5740
16249,5740
19068,5735
7952,5730
38312,5719
46346,5712
3999,5711
45866,5709
9623,5709
46206,5708
32740,5701
49215,5700
13113,5698
46990,5691
34024,5687
4796,5671
25197,5641
31640,5636
11123,5635
12254,5629
37464,5615
13702,5608
9018,5590
5491,5581
18352,5575
20919,5571
26648,5569
21162,5563
43409,5560
26629,5541
44643,5537
26172,5528
10326,5526
40229,5519
32578,5518
13885,5517
12545,5517
1468,5512
39216,5509
9598,5508
25256,5504
10106,5504
2361,5502
22556,5497
18670,5497
12797,5488
2480,5488
4945,5485
13966,5484
7746,5482
35199,5481
45190,5475
18023,5474
20378,5468
43014,5453
3339,5448
27020,5445
31635,5444
30561,5439
36036,5436
15399,5431
44548,5417
27509,5413
36956,5410
6656,5403
40939,5403
48094,5395
48720,5391
12572,5388
19125,5381
26856,5379
12144,5377
8153,5376
32537,5362
9595,5361
36606,5358
23339,5355
22089,5354
45840,5351
10753,5345
37288,5341
45613,5321
43967,5315
14858,5307
5120,5294
13944,5287
45965,5280
14147,5276
26032,5274
10768,5271
3265,5270
15359,5270
12419,5262
10895,5261
9390,5260
48287,5225
33452,5219
26177,5216
43192,5201
20549,5199
46709,5194
29223,5188
34197,5185
35855,5177
23322,5175
8671,5171
2748,5159
27663,5158
19468,5158
25647,5158
34429,5157
33647,5154
39276,5140
24231,5140
1360,5139
13780,5136
5438,5135
39921,5134
1117,5132
19511,5130
48523,5129
35752,5124
4781,5120
2732,5118
33279,5116
30850,5116
27801,5115
8022,5112
30252,5109
19734,5099
5114,5097
5750,5095
27985,5084
39055,5075
41690,5065
6128,5055
47156,5054
19895,5051
19820,5049
32299,5046
29077,5038
19604,5037
25272,5034
49044,5033
25199,5029
33791,5029
23644,5022
49416,5022
25949,5020
39657,5019
38374,5003
14881,4999
24622,4996
17862,4994
38185,4990
19863,4988
28836,4981
42731,4978
47402,4976
3798,4975
26751,4973
12756,4970
3765,4964
32665,4964
33845,4955
5451,4953
4462,4953
27544,4951
26668,4943
7736,4938
38557,4932
34590,4931
204,4931
30290,4930
5746,4927
25043,4927
5994,4925
18090,4925
37718,4924
162,4919
12481,4914
38288,4906
14267,4905
148,4903
49628,4899
29993,4895
36076,4892
32360,4890
26346,4889
47966,4888
23102,4887
36107,4883
39794,4871
8025,4865
49236,4861
6182,4855
37276,4851
47900,4848
24097,4847
17789,4838
23888,4832
436,4831
33894,4825
45002,4819
6193,4819
21463,4813
10312,4811
33351,4809
7179,4806
37552,4799
24186,4796
47388,4796
20463,4795
10108,4794
46572,4779
12395,4778
37250,4777
45210,4776
24235,4774
1516,4771
22247,4771
34487,4770
20512,4769
25072,4761
4451,4748
23634,4748
21513,4743
1890,4739
4792,4739
32156,4735
44116,4735
10151,4726
26324,4721
35510,4718
24253,4718
15984,4716
32139,4712
25093,4712
14536,4708
48220,4707
4269,4705
22312,4701
32211,4700
32717,4693
22227,4685
20327,4682
39430,4680
37215,4672
19370,4669
17044,4665
46817,4663
27454,4659
39527,4659
35633,4657
23291,4657
45437,4655
27451,4651
28058,4651
40852,4650
43279,4650
45364,4647
35750,4645
39411,4638
27925,4638
49621,4634
45061,4627
5621,4626
38313,4625
45445,4618
20113,4606
39041,4605
47717,4604
40001,4596
13874,4594
16168,4593
15386,4588
41570,4587
34565,4583
37053,4582
30183,4579
43262,4578
25985,4572
22298,4572
27247,4569
25630,4568
34128,4567
14814,4558
8204,4557
15541,4554
210,4552
18176,4552
43692,4547
22922,4534
30849,4529
38693,4529
43654,4528
31618,4521
41165,4517
4163,4499
48109,4496
20794,4490
13424,4488
3919,4486
37107,4486
32030,4484
20561,4482
49113,4481
34335,4477
15592,4476
4932,4474
11109,4472
43908,4472
27012,4471
18159,4464
34862,4460
14211,4460
25804,4459
43183,4454
43565,4453
20876,4451
38827,4451
21841,4451
13988,4447
22559,4446
17487,4441
5385,4440
8012,4431
26915,4429
21553,4429
38622,4422
6774,4419
40233,4414
46505,4404
11481,4401
15995,4391
17191,4389
7715,4378
21077,4377
1202,4376
23178,4372
45645,4370
9955,4365
116,4359
31231,4356
48527,4354
9666,4348
32052,4346
34497,4346
12817,4344
43735,4344
37496,4338
43263,4338
11365,4337
3397,4334
397,4334
34137,4333
12564,4331
47229,4330
13042,4330
2210,4325
28682,4324
17553,4321
43712,4320
39409,4317
45051,4316
3873,4315
32293,4311
22788,4306
34270,4306
22115,4297
21572,4285
47993,4283
13225,4280
26298,4276
17568,4269
35652,4266
7010,4264
26315,4263
17419,4262
605,4258
22882,4257
30021,4255
7649,4249
18339,4248
41131,4245
7014,4244
44949,4244
37947,4244
1398,4244
40992,4238
33303,4236
42633,4233
35948,4231
9047,4228
18689,4224
13866,4214
10199,4207
41806,4206
8536,4204
21955,4202
43693,4200
33037,4199
33493,4197
22281,4196
1217,4196
29270,4190
23032,4189
46562,4188
10613,4183
22362,4179
8475,4178
44245,4177
13212,4173
7461,4170
37940,4167
38647,4163
16525,4162
23594,4161
49026,4160
43076,4158
48186,4153
27288,4149
31564,4149
17207,4148
17530,4142
8638,4136
39024,4127
4595,4126
26201,4124
31342,4123
18418,4121
47888,4118
39560,4115
12919,4114
31557,4111
14702,4109
27241,4105
18883,4101
22952,4097
27196,4096
31102,4095
44303,4094
7673,4093
23400,4091
17313,4082
36085,4081
11266,4081
5428,4080
43889,4077
39046,4068
31727,4063
6341,4063
36397,4060
7533,4060
22220,4058
12703,4057
26723,4056
13877,4054
25919,4053
42500,4053
9689,4047
44912,4041
8803,4040
21847,4038
28226,4036
22993,4034
34993,4032
33527,4028
46962,4025
48795,4023
38192,4021
38985,4011
18721,4009
14764,4008
18618,4004
5640,4000
27881,4000
47990,3999
35121,3994
48230,3994
23094,3991
44042,3987
41351,3982
25533,3981
12013,3977
38662,3976
32331,3976
3318,3976
11688,3971
5514,3970
36431,3970
7361,3970
30340,3967
22890,3963
14491,3962
7862,3960
11737,3959
32553,3956
35321,3955
20015,3952
5067,3949
38596,3948
44014,3946
18610,3941
46941,3940
8006,3939
34005,3938
15950,3936
36186,3936
48370,3934
48988,3934
45374,3933
32446,3931
10492,3924
33232,3922
38419,3921
9477,3919
6069,3918
31288,3916
12258,3911
35217,3910
2581,3901
3856,3901
25952,3900
24427,3899
3631,3896
19051,3892
45537,3890
41177,3886
33147,3879
44201,3876
2979,3870
35842,3868
130,3864
14874,3860
48812,3847
18471,3847
13914,3842
812,3842
7693,3838
6473,3835
41198,3828
7088,3823
20670,3821
49517,3821
21526,3819
19240,3817
24631,3812
36216,3809
16882,3806
29095,3805
30463,3804
17615,3803
35986,3792
45788,3791
12078,3785
7388,3783
39303,3779
25706,3779
25767,3776
31268,3773
9210,3773
5794,3772
29439,3771
17334,3770
44085,3769
38558,3767
1006,3767
13032,3751
7412,3750
18439,3747
46107,3744
4778,3744
11710,3743
13536,3743
45578,3738
47521,3735
9934,3735
49585,3734
23879,3732
12320,3731
15700,3729
17183,3727
6361,3721
5764,3720
40136,3718
4428,3717
8903,3715
23025,3715
20682,3715
42193,3709
34658,3708
26282,3702
790,3700
27392,3700
30135,3699
37417,3699
26634,3698
22451,3694
12935,3693
44580,3691
2344,3688
19446,3688
12732,3687
13351,3686
27662,3684
45622,3683
33651,3681
35132,3681
17871,3680
41238,3677
43858,3672
21560,3669
35851,3665
12962,3663
27531,3663
32467,3658
5390,3656
25230,3656
3880,3655
12392,3650
29118,3650
27179,3648
19821,3647
3389,3644
43920,3641
141,3639
29398,3637
4347,3637
2350,3636
117,3636
45223,3633
42972,3633
33438,3632
49273,3624
40338,3623
6297,3621
7185,3621
39322,3617
24654,3615
44533,3613
18232,3609
2099,3606
36472,3596
23630,3594
38241,3594
2537,3590
18534,3588
24518,3587
79,3585
44098,3580
15040,3577
39732,3575
40078,3573
35167,3573
7600,3571
6750,3569
19366,3568
8590,3566
30795,3565
44487,3564
12442,3563
49098,3555
5024,3553
29871,3552
16398,3547
45946,3545
33407,3539
6141,3539
11361,3538
22275,3537
10798,3537
8615,3534
35176,3533
25623,3527
42617,3527
7350,3518
33081,3517
14159,3517
34824,3515
35749,3515
28413,3515
33957,3515
32338,3514
22620,3514
14553,3510
30591,3505
9534,3505
4357,3498
39032,3498
3988,3492
49198,3489
12023,3488
44325,3485
24413,3483
38453,3480
5547,3479
895,3478
1181,3476
12508,3471
28931,3470
8929,3468
38067,3468
44475,3467
14917,3466
32579,3466
1234,3465
3098,3462
41329,3462
38988,3456
37141,3456
17579,3454
24933,3453
1263,3450
48642,3448
22969,3448
15143,3447
29418,3443
11193,3438
28571,3435
38563,3433
40469,3432
48299,3429
18272,3429
30994,3427
23763,3425
38984,3423
11827,3420
9438,3417
29334,3416
47185,3412
14126,3412
18389,3411
45679,3410
10193,3405
44075,3403
39844,3399
42139,3397
4658,3397
18891,3394
6383,3390
42475,3386
32839,3385
46260,3384
19389,3384
2763,3382
22950,3382
31504,3379
41213,3375
16570,3375
19887,3374
5973,3373
19376,3373
48004,3371
12075,3366
36406,3365
8953,3361
5115,3358
5097,3357
35072,3355
8580,3353
19354,3352
35045,3350
10243,3348
27356,3344
17454,3341
32981,3340
42372,3336
26040,3329
10960,3324
13031,3323
27554,3323
32573,3319
41842,3314
33294,3314
32134,3313
11281,3313
17149,3313
31404,3313
30756,3309
19261,3309
16020,3308
9881,3307
26096,3306
16973,3303
7676,3303
9138,3300
18615,3297
39427,3294
28299,3293
20127,3287
6448,3287
5699,3285
37317,3283
160,3282
48142,3279
6343,3279
6101,3279
47119,3278
6218,3276
3800,3269
31737,3269
28647,3268
6052,3268
7419,3268
24160,3268
3696,3268
29801,3264
27423,3262
22113,3258
4853,3253
16768,3250
8988,3250
28593,3243
47008,3243
14875,3242
29311,3240
30192,3238
9411,3236
17634,3235
12087,3235
1160,3235
8412,3234
48335,3233
24891,3228
28769,3224
27316,3219
4812,3218
45290,3217
47652,3213
24135,3210
26351,3208
35264,3204
41793,3202
8460,3202
3479,3202
16757,3201
21777,3199
25346,3191
26709,3182
343,3180
48946,3179
28132,3179
12779,3177
42282,3175
20608,3172
11945,3170
49139,3167
23650,3164
49401,3164
34160,3163
10255,3162
42404,3162
46473,3162
48871,3161
32700,3158
920,3157
36792,3157
18200,3157
43182,3156
4317,3152
691,3151
9405,3147
46575,3146
37229,3145
46294,3145
48183,3141
28918,3139
36180,3139
2067,3138
21083,3138
19731,3136
3308,3134
32605,3134
7632,3133
18171,3128
13245,3124
35725,3123
18606,3123
10339,3120
20118,3119
15693,3117
22713,3115
29363,3109
18337,3108
287,3107
40261,3104
45447,3104
30117,3103
9507,3100
44368,3097
41488,3097
13259,3097
37022,3095
31801,3094
47145,3094
16995,3093
47366,3093
47962,3092
37919,3087
31883,3085
21506,3083
40120,3082
30962,3079
35629,3077
6846,3076
25495,3074
11046,3074
11078,3070
41007,3068
5380,3067
27705,3067
26842,3067
16848,3065
14371,3063
7041,3061
49192,3060
41960,3058
21150,3056
20169,3054
31808,3053
11707,3052
22610,3050
31487,3049
45664,3047
24035,3045
23219,3042
23541,3040
277,3037
42508,3036
32850,3036
47865,3035
36685,3033
21461,3032
38562,3030
9472,3030
283,3030
38003,3029
14335,3028
16462,3027
36717,3027
21403,3027
12218,3026
32369,3025
264,3025
38730,3022
481,3020
44843,3019
45368,3016
22367,3013
2238,3012
48110,3012
32486,3011
40724,3010
36164,3004
11250,3002
37335,3000
48437,2991
30597,2990
26683,2990
3717,2989
13409,2988
46516,2987
3682,2987
41618,2984
11452,2982
43165,2982
24062,2982
34449,2980
36256,2980
16291,2978
21070,2978
37131,2973
45541,2973
36522,2972
16363,2971
49054,2970
46023,2969
39491,2968
35989,2967
43928,2963
2664,2962
6975,2961
37193,2961
21334,2958
40376,2956
36994,2952
30967,2950
26949,2950
7877,2948
35504,2947
19613,2943
33827,2942
18761,2941
5933,2941
5603,2940
12140,2939
42536,2939
4541,2938
12212,2937
39719,2931
25691,2930
19711,2927
546,2926
4565,2924
9292,2921
38108,2917
1364,2915
24125,2914
46931,2913
9290,2912
11090,2910
10441,2909
35946,2908
8744,2908
5922,2907
43749,2906
27999,2905
18078,2903
22699,2902
19046,2901
23047,2899
27044,2898
33884,2898
1069,2895
14766,2894
9558,2891
39693,2889
26242,2887
32828,2886
25371,2886
4097,2885
17526,2885
33929,2885
45767,2883
24373,2883
39450,2882
28990,2880
33819,2879
31477,2879
1831,2878
25936,2875
15269,2874
5684,2872
19938,2870
18838,2865
27355,2863
19154,2862
13269,2857
33316,2853
35762,2851
20178,2849
20588,2848
45842,2848
24834,2847
17747,2847
5884,2845
30668,2844
11130,2843
49279,2842
2717,2842
18908,2840
2063,2840
1359,2839
31555,2838
35973,2837
3835,2837
13755,2836
2002,2832
14996,2832
40761,2832
41148,2831
16920,2830
45149,2828
33614,2826
21724,2826
9175,2824
14704,2823
24363,2823
12914,2823
21038,2821
34034,2819
31612,2819
34458,2817
36322,2812
31960,2809
30385,2808
28378,2808
44787,2807
40146,2806
5383,2804
21936,2798
11009,2798
6000,2797
46047,2795
14183,2794
22827,2793
44275,2789
4487,2789
39001,2788
95,2787
13147,2786
4889,2785
32018,2785
21131,2784
46313,2784
47280,2784
47547,2781
34745,2781
35734,2781
40486,2778
30494,2777
43568,2776
28590,2775
38533,2775
16974,2773
25783,2773
18727,2772
39699,2772
4302,2772
28572,2771
23265,2771
17915,2771
10998,2771
9058,2770
13807,2769
34249,2769
8843,2769
22475,2766
459,2765
31471,2765
41836,2764
15604,2763
6760,2763
41682,2762
14429,2761
2447,2761
36651,2758
10509,2757
11629,2755
2298,2754
22164,2754
12069,2753
35269,2752
2519,2751
9837,2751
8758,2750
424,2748
38371,2747
23719,2747
43209,2745
12941,2744
18394,2743
42315,2743
18849,2741
13541,2741
30727,2740
36591,2739
49325,2736
39468,2736
26767,2735
31100,2733
23986,2732
49481,2730
46822,2726
15923,2723
40411,2717
33682,2714
4966,2713
15100,2711
11925,2711
40386,2708
6292,2708
38511,2707
4274,2706
7090,2705
39332,2704
30635,2704
14399,2704
42443,2701
8324,2700
25087,2700
10343,2696
14127,2692
5047,2691
1376,2691
32141,2690
14891,2688
34608,2687
8195,2684
22034,2684
1203,2683
29694,2682
1240,2681
48099,2680
12290,2679
48086,2678
22170,2678
9434,2678
17858,2677
3661,2677
7325,2676
29345,2676
44948,2676
31577,2674
16234,2672
14867,2672
41860,2670
22210,2669
38838,2667
42710,2665
21925,2665
48015,2665
4193,2662
13304,2660
29328,2660
30382,2660
27413,2659
38051,2655
18583,2652
5819,2649
42699,2648
4809,2648
48246,2647
22721,2646
15860,2646
29628,2642
25330,2639
47931,2638
44795,2635
39094,2635
15438,2634
37642,2632
31678,2629
39578,2629
27750,2629
43371,2627
28946,2626
4600,2625
34027,2622
39428,2622
9007,2622
21010,2621
43933,2620
14381,2619
39911,2617
6210,2616
27511,2615
27596,2615
36117,2611
37257,2610
1000,2610
37147,2609
21769,2609
6568,2609
41463,2609
37354,2609
12036,2607
36736,2607
32347,2604
47965,2602
33671,2599
21914,2598
40878,2598
37754,2598
22328,2595
2433,2594
29373,2594
33956,2592
20947,2592
40354,2588
29387,2588
22594,2586
41055,2586
19906,2585
39160,2584
24764,2584
8710,2584
46847,2582
38012,2581
41610,2581
6300,2577
2596,2574
48626,2574
10,2572
21783,2571
6508,2569
37003,2568
1103,2567
3274,2566
5883,2565
36640,2564
36854,2560
34124,2560
47941,2560
48762,2559
12324,2559
34287,2559
13500,2557
35824,2556
48600,2553
5912,2551
13560,2547
20392,2546
25653,2546
2309,2544
45608,2541
39448,2538
37966,2537
1063,2536
12020,2535
47616,2535
19505,2530
2014,2529
47611,2528
12232,2527
29180,2527
39485,2524
26088,2523
32096,2522
32624,2520
24177,2520
28634,2518
14493,2516
36144,2516
39162,2515
47325,2509
42697,2509
13909,2509
3382,2509
12496,2500
5918,2498
19272,2498
38231,2498
35594,2497
5015,2495
38266,2494
20084,2493
11448,2492
13639,2492
5578,2490
39059,2489
24952,2486
27903,2486
12204,2484
17200,2484
2913,2482
29650,2481
1503,2480
7631,2479
4410,2479
38508,2479
38775,2478
21413,2478
36315,2475
17828,2472
27275,2472
16154,2472
33575,2471
429,2471
10121,2470
5535,2470
8390,2467
41999,2467
41375,2465
2651,2464
7704,2463
3243,2463
19311,2463
29503,2456
47780,2454
276,2454
9203,2453
35078,2452
47167,2452
34214,2451
27885,2451
35458,2448
36393,2447
32047,2447
40541,2446
8501,2446
35761,2444
46526,2443
46738,2439
22000,2439
41621,2439
48144,2438
22007,2437
27900,2437
8574,2436
1896,2435
42479,2435
35530,2433
1640,2433
9871,2432
4671,2431
39247,2431
22255,2430
42637,2430
11526,2430
34423,2429
35065,2429
5539,2428
26706,2427
32648,2425
41874,2425
34582,2425
32079,2424
1819,2424
1752,2423
24236,2423
10006,2422
30731,2422
39054,2422
41771,2422
8898,2420
31848,2420
33184,2420
11865,2419
14780,2419
38275,2419
29668,2418
3843,2417
27676,2415
23423,2415
8075,2414
47226,2414
21462,2414
9554,2414
11233,2413
12315,2413
20323,2410
28733,2408
5206,2406
29848,2406
3007,2405
15153,2403
21793,2399
41774,2399
27790,2397
15780,2397
1935,2396
10060,2396
32652,2396
42944,2393
20431,2392
17622,2391
48705,2387
21910,2387
27471,2387
37357,2386
11121,2384
48192,2383
810,2382
34949,2381
41909,2380
31242,2380
48034,2377
36205,2375
43739,2373
5296,2373
25965,2373
15772,2372
27729,2371
32230,2370
38077,2369
47591,2369
12015,2368
13252,2368
34069,2367
11143,2367
29388,2367
45005,2366
11265,2366
10125,2366
17704,2360
5748,2358
9901,2356
3962,2356
4066,2355
16479,2354
21351,2353
11755,2352
14650,2350
35782,2349
2707,2349
39758,2349
14086,2348
1313,2346
16874,2346
17021,2346
1689,2344
36691,2343
37103,2339
39534,2338
10840,2337
31422,2337
12899,2337
34688,2336
4591,2335
34450,2334
38720,2334
9444,2333
4377,2327
3808,2327
30953,2326
47893,2325
48210,2324
881,2324
45957,2317
44371,2315
33741,2315
21050,2313
16560,2313
31985,2312
33090,2312
3550,2311
12033,2310
49,2308
37892,2306
16732,2304
37538,2303
7413,2302
32784,2300
29646,2300
45208,2300
19448,2299
17985,2299
44728,2298
7901,2298
27142,2298
43726,2298
6286,2295
33909,2293
33825,2291
15906,2290
27429,2289
20590,2288
2974,2287
33095,2286
37971,2286
9422,2286
5575,2285
38747,2285
45249,2284
2481,2283
14477,2280
25170,2279
47439,2279
37449,2278
45167,2276
43421,2275
42579,2274
5422,2272
27737,2272
44786,2272
23955,2268
19886,2268
35417,2268
21607,2266
46673,2264
31130,2264
43205,2263
44229,2260
14447,2258
19208,2258
3594,2257
19904,2257
48440,2254
44830,2252
35715,2252
21410,2252
9510,2251
36848,2250
7308,2249
16896,2248
35909,2247
25332,2247
40287,2247
41596,2246
23854,2246
44278,2245
36287,2245
35470,2244
32684,2244
7987,2242
21385,2241
45453,2241
13640,2238
3330,2238
21053,2238
24925,2237
48848,2237
47059,2236
7177,2235
37096,2234
31127,2234
44961,2231
34525,2231
26900,2231
31372,2230
1891,2230
25830,2228
1402,2228
27117,2227
20339,2226
11679,2226
42562,2224
21278,2223
33195,2222
21293,2222
17400,2222
40285,2222
8912,2221
1443,2221
2536,2221
21603,2218
2770,2216
37654,2213
32857,2213
9358,2210
13194,2209
28999,2209
15134,2208
26768,2206
5262,2206
34619,2206
10036,2206
274,2205
13605,2203
5020,2202
43406,2202
15097,2202
28576,2202
40742,2201
43234,2200
47823,2199
26452,2199
43249,2199
19180,2197
7821,2197
8414,2196
15008,2195
21775,2194
7622,2193
24263,2193
45615,2190
35708,2190
30633,2188
42307,2188
7493,2186
21850,2186
36259,2184
15599,2184
22507,2182
12016,2182
47610,2181
28309,2181
46106,2180
20600,2179
23383,2179
24053,2178
49141,2178
27761,2177
48226,2177
42205,2175
29672,2174
1374,2174
15925,2172
36149,2171
939,2170
28458,2170
38141,2167
30960,2166
25,2166
35886,2164
38889,2163
10310,2162
9000,2162
10333,2161
19893,2160
44204,2160
16830,2160
46059,2160
25232,2159
44233,2159
17484,2158
48450,2158
34321,2157
23898,2157
33370,2157
23695,2154
26717,2153
10518,2153
28420,2153
42936,2152
21344,2152
47862,2152
31893,2151
34898,2150
6638,2149
31486,2148
27398,2148
17264,2147
11421,2147
611,2147
20760,2147
18567,2146
3869,2145
31263,2145
23001,2144
1447,2144
26911,2143
48957,2140
28021,2137
19828,2133
12357,2133
33911,2132
28913,2131
17355,2131
42987,2130
2535,2130
48190,2130
9547,2129
12620,2128
13076,2128
40708,2127
28862,2121
46045,2121
22031,2120
39781,2119
28071,2119
14540,2119
44625,2118
13851,2117
10527,2115
5825,2115
19625,2113
23576,2111
20144,2110
17668,2110
37849,2109
29103,2108
6111,2108
42183,2107
24385,2105
28632,2104
12440,2104
3512,2103
12157,2102
23106,2102
38579,2102
15820,2101
6550,2101
43986,2100
35507,2099
7026,2099
23192,2098
35461,2098
14252,2096
6201,2095
22695,2092
19519,2091
22021,2088
41433,2083
17803,2083
7898,2083
30027,2083
49583,2081
19076,2081
32935,2079
45582,2079
1994,2078
44980,2077
30855,2077
29837,2076
35469,2075
41565,2075
18770,2074
30774,2074
9597,2072
34012,2072
38154,2072
4493,2071
14111,2070
19204,2069
35213,2068
47479,2065
33810,2063
32757,2062
18625,2062
13512,2062
31634,2060
32402,2056
44177,2056
40897,2056
28715,2056
27958,2055
30440,2054
14355,2052
43221,2050
49381,2049
29405,2049
33746,2047
19005,2047
26364,2047
49267,2046
7835,2045
24497,2045
16714,2044
42360,2043
27363,2041
26714,2039
48118,2034
20034,2034
258,2033
8516,2032
33462,2031
29603,2031
27171,2030
46485,2030
11869,2029
8061,2029
49519,2029
907,2025
22915,2025
17619,2024
32642,2024
9648,2024
47114,2023
12846,2023
36746,2023
6901,2023
26312,2021
34067,2020
2838,2019
8575,2018
24195,2017
28157,2016
39977,2014
17830,2014
30839,2014
21511,2013
48017,2012
15664,2012
8362,2011
32463,2009
44170,2008
47873,2008
47500,2006
45296,2006
4576,2005
6541,2005
39832,2005
33642,2004
25670,2003
14788,2001
32271,2000
27573,2000
9779,2000
26410,1999
43760,1999
36425,1999
38226,1999
40795,1998
34503,1998
49241,1996
6317,1996
8013,1995
25305,1995
25686,1994
40490,1992
26981,1990
32585,1989
48532,1987
33443,1986
43744,1985
45698,1984
38797,1984
18095,1983
13203,1983
37664,1982
20785,1982
22228,1981
32950,1979
6799,1978
13237,1978
18598,1978
17638,1975
15011,1975
42352,1972
20518,1971
29117,1970
38311,1970
16464,1969
6336,1968
5605,1968
6291,1968
15683,1967
15740,1967
19767,1966
13660,1966
46627,1966
35050,1965
36923,1965
23744,1964
37066,1964
42615,1964
31015,1963
4297,1963
16387,1962
35181,1960
23892,1960
32989,1959
9036,1957
11543,1956
10685,1954
27681,1953
29195,1952
46347,1952
14486,1951
35124,1950
41890,1949
11913,1949
18150,1948
47333,1947
10258,1946
23484,1945
9065,1944
15028,1943
44397,1942
46812,1942
14634,1940
11499,1940
40691,1939
23082,1939
46064,1939
41406,1939
20468,1938
20697,1937
27639,1937
22046,1936
36307,1935
41674,1934
2272,1934
42300,1933
7035,1933
30638,1933
40969,1932
13457,1932
7116,1930
31528,1929
23020,1928
34092,1927
38504,1926
32538,1926
21227,1925
19766,1925
48802,1924
11199,1924
29142,1923
39374,1923
1577,1922
5985,1920
3390,1919
25832,1919
34496,1916
38844,1915
18070,1914
6188,1913
35430,1913
10163,1912
46785,1912
25745,1912
37658,1911
38490,1911
29506,1907
29382,1906
40055,1906
5586,1906
26505,1906
28577,1905
20022,1904
29574,1903
33041,1902
32412,1902
19174,1899
44566,1899
38837,1898
49176,1898
38318,1898
20383,1897
38618,1897
31778,1896
40826,1896
13280,1895
13858,1894
20168,1894
23054,1893
14705,1892
13447,1890
17924,1889
15455,1889
32099,1887
48423,1887
10551,1886
33589,1886
34380,1885
33468,1884
35968,1883
42441,1882
12955,1881
34401,1880
3634,1880
20542,1879
5692,1879
46402,1879
16908,1879
22920,1878
169,1877
23737,1875
4142,1874
30057,1874
43545,1874
4455,1872
23410,1872
15630,1871
29640,1871
41242,1871
47621,1871
14853,1870
48204,1869
4294,1869
28079,1868
26104,1867
44051,1867
35992,1867
33705,1863
4947,1863
4313,1862
10528,1861
22736,1861
33852,1860
30599,1860
48415,1860
14280,1859
6340,1858
25886,1857
39990,1857
25407,1856
27464,1853
38256,1852
20380,1852
1,1852
1939,1851
41556,1851
21704,1850
34789,1850
41387,1850
12597,1849
39886,1848
48953,1848
31573,1847
33206,1847
33540,1845
34166,1845
44097,1844
22105,1843
93,1843
26698,1842
18609,1842
33508,1841
12011,1840
47570,1839
31886,1838
36962,1838
40342,1837
49544,1835
41057,1835
10248,1835
12932,1834
34635,1833
3358,1833
20282,1832
6177,1831
12113,1831
34254,1830
11837,1830
27555,1829
46266,1828
40749,1828
22290,1827
25762,1826
11598,1825
7076,1825
6871,1825
23687,1824
44172,1824
21011,1824
33783,1823
25852,1823
31701,1823
12260,1823
2024,1822
6891,1822
28911,1822
12039,1819
46194,1819
21230,1819
12858,1818
41178,1817
22819,1817
4960,1816
38734,1816
37460,1816
43087,1814
5184,1814
41602,1814
9006,1812
18224,1812
45531,1811
22276,1810
21125,1810
32939,1809
1979,1809
32035,1809
41694,1808
4675,1808
9224,1808
49374,1807
32831,1807
36664,1806
31334,1806
12782,1806
11826,1806
1804,1805
7228,1805
31912,1805
4790,1804
10089,1804
2954,1804
36618,1803
38291,1803
38277,1803
7753,1802
46755,1802
14862,1801
29921,1801
42834,1800
32851,1800
18105,1800
28515,1798
34049,1798
2124,1798
41716,1798
13997,1798
46844,1797
8968,1797
35123,1797
31730,1796
20767,1795
7371,1795
34063,1795
33122,1795
17123,1795
6860,1794
30024,1794
33788,1794
47058,1794
18557,1793
36534,1791
1757,1790
4855,1790
8381,1789
35958,1789
11933,1788
23803,1788
19145,1786
48808,1784
45264,1783
22224,1783
47668,1782
4289,1782
18281,1782
18988,1782
4952,1781
3951,1781
26738,1781
16826,1780
39132,1780
34407,1779
22218,1779
37774,1779
34190,1776
48135,1775
11819,1774
45566,1774
45862,1774
19171,1774
26133,1773
46807,1773
13565,1772
32959,1772
40009,1770
500,1770
37923,1770
41006,1768
20906,1765
3529,1764
45495,1764
39982,1763
15842,1763
31847,1763
9177,1762
20382,1762
6878,1762
35935,1762
1729,1762
2390,1760
14063,1759
14872,1758
6238,1758
39678,1758
14971,1758
39013,1757
18818,1756
37594,1756
36051,1755
14647,1754
14366,1753
32227,1753
48747,1753
13834,1753
29544,1749
1787,1749
28613,1749
29740,1748
2876,1747
4306,1747
12145,1747
28824,1746
8728,1746
36005,1746
37508,1744
45656,1744
41453,1744
11030,1743
11844,1743
13251,1743
22866,1741
49144,1741
28599,1740
20186,1740
40203,1739
22908,1738
38248,1737
49201,1736
19611,1735
41408,1732
486,1729
43621,1727
2780,1727
31955,1726
8203,1726
6087,1726
24320,1726
38439,1726
36714,1726
26606,1724
48742,1723
4697,1722
33357,1721
26373,1721
30995,1720
37637,1720
27105,1720
20869,1720
32923,1719
40997,1718
40587,1717
41834,1717
16384,1717
33950,1716
45544,1716
32197,1716
6166,1715
16174,1712
1710,1712
30142,1711
29529,1710
14464,1708
1712,1708
6867,1707
48577,1706
1875,1706
2996,1706
7249,1705
49174,1705
14573,1705
18696,1704
13974,1704
18432,1704
31958,1702
4374,1702
35871,1701
10374,1701
44372,1701
30162,1700
6274,1698
10292,1698
2639,1698
22677,1697
1017,1697
17038,1696
2643,1696
45954,1695
14444,1695
30257,1695
47223,1694
29346,1694
48682,1693
9038,1692
17847,1690
46992,1690
27959,1690
20693,1690
34956,1690
2240,1689
10851,1688
21057,1688
24499,1687
389,1687
1540,1686
36849,1685
9409,1685
49217,1684
2380,1683
25844,1683
7358,1683
41722,1683
36554,1682
46147,1681
29079,1681
41385,1681
28656,1680
42611,1679
33125,1679
3628,1679
43988,1678
6933,1678
45116,1678
21479,1677
37388,1676
18376,1676
36418,1675
14010,1675
48023,1674
49306,1674
42389,1672
31292,1671
15221,1669
3044,1669
47196,1669
37606,1668
49128,1667
5210,1667
15899,1667
14711,1666
32201,1666
2593,1666
23915,1665
37886,1664
47284,1663
32781,1663
16419,1663
48123,1663
5487,1661
26521,1660
35166,1658
36764,1658
35731,1657
37511,1656
2512,1656
38750,1655
3819,1655
9810,1655
21100,1655
9561,1654
27629,1654
40214,1653
7762,1652
14379,1651
8197,1650
46881,1649
46521,1648
37033,1647
14386,1647
5130,1647
38510,1645
44753,1644
34044,1644
8053,1644
8506,1643
32638,1641
31257,1640
38300,1640
23282,1639
38817,1639
11937,1639
40311,1639
14966,1637
28171,1637
42504,1636
24288,1633
34230,1633
6758,1632
24142,1632
16281,1632
32842,1631
48733,1630
10565,1630
37188,1630
29557,1629
25552,1628
36189,1628
30336,1628
46203,1628
9932,1627
30695,1627
21791,1626
4938,1626
7079,1626
25817,1625
5303,1624
12060,1624
8076,1623
20039,1622
7398,1622
21527,1621
48116,1618
34244,1616
5989,1615
46804,1614
37374,1614
32647,1614
30958,1613
38531,1613
17170,1612
41352,1611
49667,1611
36227,1611
35425,1610
8654,1610
3539,1610
40334,1609
4037,1609
10467,1608
18444,1608
31299,1606
28092,1606
9604,1605
20957,1605
23662,1605
42677,1603
40632,1601
15655,1601
21681,1599
37935,1599
16840,1598
31041,1598
20776,1597
26848,1597
27839,1597
15349,1596
30170,1595
13544,1593
4366,1592
26307,1591
31378,1589
48894,1587
45741,1586
31725,1586
32611,1586
4429,1585
17468,1584
14146,1584
23026,1584
48637,1580
33454,1579
29309,1578
6692,1577
27313,1577
16837,1577
26278,1577
22028,1577
39649,1576
33135,1575
3469,1575
16864,1575
39721,1574
15680,1574
48825,1574
12381,1574
33342,1574
21183,1574
39545,1573
19627,1573
33816,1572
4029,1572
46229,1570
14104,1569
14488,1569
23348,1569
23783,1568
45774,1567
22425,1567
36758,1565
38480,1564
27093,1564
14437,1562
43194,1562
48835,1562
10337,1561
10863,1560
40345,1560
22754,1560
40427,1559
14240,1559
18104,1558
228,1558
17730,1558
11885,1556
12107,1554
12894,1554
27147,1554
44815,1554
48845,1553
42242,1553
29429,1553
44926,1551
43218,1551
45448,1550
43721,1550
20280,1549
10580,1549
14419,1548
28371,1548
3434,1548
18286,1546
11513,1546
8251,1545
18814,1545
16325,1544
31238,1544
25010,1544
14739,1544
11790,1544
30352,1544
49424,1543
21653,1543
1957,1543
14761,1543
19653,1542
226,1541
2408,1541
49441,1541
16824,1540
9913,1540
23115,1539
6962,1538
1485,1538
36646,1538
9736,1537
26756,1536
29752,1536
6155,1536
32915,1535
41362,1534
21949,1531
30718,1531
45004,1531
39351,1531
21240,1531
19875,1530
5499,1530
31513,1530
47348,1530
12863,1528
6474,1528
9213,1528
40592,1528
37145,1528
48933,1527
449,1527
47783,1525
22359,1525
16611,1524
37203,1524
11574,1523
17206,1523
42680,1522
14576,1520
6972,1518
12820,1518
46666,1518
15622,1518
43821,1517
29734,1517
14945,1517
29616,1516
48442,1516
18460,1515
6585,1515
15130,1515
28826,1515
31275,1515
34940,1515
7120,1514
7058,1514
43647,1514
44819,1513
24179,1513
5022,1512
5886,1512
9178,1512
12738,1512
44053,1512
25506,1511
46359,1511
36170,1511
46087,1509
18881,1509
45161,1509
16490,1507
36676,1506
42345,1506
42347,1506
13423,1505
30011,1505
11463,1504
7911,1504
48007,1504
38264,1504
23540,1504
10112,1503
20161,1502
29894,1501
37625,1501
30707,1499
12672,1498
23716,1498
35688,1498
13014,1498
31461,1498
33439,1496
36253,1496
9122,1496
14112,1496
24506,1495
18487,1493
49355,1492
21873,1492
42796,1491
39863,1490
19213,1490
40772,1490
17333,1489
9739,1489
47231,1489
19155,1488
47516,1487
49005,1487
21372,1487
13806,1486
3283,1483
10978,1483
22476,1482
14833,1482
47329,1481
8667,1481
11678,1481
6576,1480
28473,1479
859,1479
23452,1479
41920,1478
46129,1478
42959,1478
24372,1478
6137,1477
12667,1477
44293,1477
17631,1477
23362,1477
20788,1477
19953,1476
30918,1476
3689,1475
40028,1475
717,1474
16396,1474
46138,1474
16278,1474
37173,1474
28083,1474
15945,1473
4895,1472
5013,1472
1541,1471
34329,1471
24985,1471
18765,1470
12343,1470
25584,1469
30420,1469
12464,1469
20460,1469
38672,1468
48476,1467
26553,1467
15610,1465
27841,1465
9521,1464
27102,1464
8436,1463
2015,1462
36953,1461
8809,1460
37792,1458
6649,1458
25435,1457
17160,1456
26431,1456
10690,1455
7930,1455
49496,1455
1824,1455
42030,1454
1938,1454
11073,1453
7925,1453
23060,1453
30482,1453
31075,1453
35234,1452
43338,1452
14114,1452
21999,1452
9225,1451
45246,1450
26769,1450
3868,1449
48900,1449
45588,1448
17956,1448
35188,1448
31225,1448
1747,1448
39464,1447
13772,1447
4614,1447
10892,1447
28384,1446
27741,1446
7274,1445
36869,1445
42533,1443
32163,1443
28441,1443
31444,1442
19382,1442
37355,1442
6020,1441
11619,1441
33098,1441
34355,1441
37213,1441
39462,1440
25472,1440
48620,1440
40777,1439
48357,1439
22400,1437
27625,1437
11926,1436
21115,1436
36342,1435
29315,1435
13231,1434
2164,1434
23959,1434
2726,1433
20073,1433
22141,1433
23835,1432
2781,1432
6680,1431
23805,1430
40725,1430
22069,1430
36857,1429
30759,1429
22017,1429
9430,1428
37462,1427
28432,1427
2154,1426
24129,1426
3627,1425
24955,1425
6567,1425
2245,1425
31394,1425
39861,1425
42629,1424
1749,1424
49095,1424
39099,1424
44622,1424
5393,1424
35206,1423
2469,1423
30764,1422
15567,1422
21096,1421
48453,1421
4927,1421
16415,1421
27061,1420
32854,1420
21472,1419
22656,1417
261,1417
13554,1417
25489,1417
33568,1416
46984,1416
2081,1416
20156,1416
32428,1416
29432,1415
29826,1415
46665,1414
19097,1414
19322,1413
40688,1413
23822,1412
23085,1412
941,1411
4879,1411
29509,1411
17304,1411
31714,1411
12250,1411
49488,1410
2435,1409
20904,1409
3562,1409
34386,1409
22767,1408
5475,1407
12748,1406
14074,1406
19836,1405
45009,1405
46025,1404
44290,1404
31467,1404
19982,1403
17957,1402
35512,1402
9786,1402
1185,1401
2132,1400
42659,1399
2552,1399
46595,1399
28829,1398
47940,1397
19862,1397
16528,1397
17281,1396
11776,1396
15892,1395
30661,1395
25527,1394
27714,1394
42442,1393
16131,1393
12791,1393
47380,1392
1618,1392
24749,1391
38452,1391
21158,1391
34283,1391
44781,1391
24120,1390
27608,1390
45221,1389
7615,1389
49318,1389
22828,1388
1774,1388
12986,1388
25013,1387
14421,1386
24703,1386
44389,1385
38694,1384
7515,1384
41972,1384
42824,1384
34281,1383
4986,1383
29112,1382
22178,1382
27783,1381
20791,1381
31596,1381
32085,1380
48290,1379
2229,1379
23198,1378
10049,1377
36766,1377
2597,1377
35883,1377
35522,1376
26665,1376
23836,1376
10145,1376
20448,1376
3039,1375
42093,1375
10819,1375
43886,1375
2809,1374
44666,1374
4447,1373
2275,1373
47258,1373
34224,1373
5744,1373
8834,1372
49030,1372
14645,1371
22667,1371
31533,1371
9154,1371
17131,1370
32792,1370
7539,1370
48486,1369
46993,1368
48784,1368
35263,1368
1377,1368
10315,1367
24768,1367
15123,1366
23848,1366
36961,1365
945,1365
27122,1365
44953,1365
43210,1364
28449,1364
5353,1363
9270,1363
33373,1361
36913,1361
41597,1361
8920,1361
38063,1360
44882,1360
20607,1360
13085,1360
43632,1359
19115,1359
36412,1359
17988,1359
5085,1358
39621,1358
48071,1358
31605,1358
13129,1358
25443,1357
5251,1357
28380,1357
21953,1357
3874,1356
1947,1356
16198,1356
5098,1356
30064,1356
21795,1356
7139,1355
42887,1355
20711,1355
47034,1354
3664,1354
43945,1354
26168,1354
17080,1353
7647,1353
48925,1353
35682,1353
31789,1352
45938,1352
22565,1351
36872,1350
5268,1350
32727,1350
39799,1349
42958,1349
30884,1349
41805,1348
16793,1348
20255,1348
33736,1347
1416,1347
37489,1346
49352,1345
31589,1345
25069,1344
7314,1344
165,1343
7562,1343
36126,1341
7863,1341
45930,1340
2923,1340
48907,1339
30106,1338
43891,1338
47740,1338
5716,1335
16518,1335
20985,1334
33214,1333
27277,1333
40054,1333
8192,1332
21868,1332
46513,1332
6991,1332
36214,1331
25861,1330
7955,1329
15650,1329
22309,1327
6647,1327
38033,1327
25017,1326
13776,1325
29256,1325
13077,1325
48309,1325
34065,1324
26985,1324
16825,1324
26576,1323
11069,1323
273,1323
1942,1322
36485,1322
16987,1321
12492,1321
22750,1321
14133,1321
42613,1320
44167,1320
16613,1319
2750,1319
4983,1319
41338,1319
6475,1319
45036,1318
47629,1318
45443,1318
30492,1317
19972,1317
32971,1317
10724,1317
42383,1316
9681,1316
47403,1316
7295,1316
33489,1316
41363,1315
19436,1315
26118,1315
34878,1315
31610,1314
41561,1314
22947,1314
588,1312
24492,1312
43465,1312
11821,1311
46413,1311
11494,1311
2050,1310
27433,1310
38433,1310
18502,1310
5445,1309
4544,1308
27240,1307
32115,1307
33026,1306
22372,1306
40836,1306
36574,1306
9458,1306
34886,1305
17352,1304
22832,1304
32557,1304
34557,1303
2708,1302
9068,1302
37733,1302
35815,1301
30784,1301
30620,1301
36443,1300
48058,1300
29344,1300
39958,1300
20042,1300
29691,1299
22108,1298
13525,1297
22234,1297
46331,1296
18413,1296
13563,1295
22159,1295
22128,1295
19248,1295
1099,1295
29326,1295
14502,1294
37208,1294
14612,1294
27811,1294
45143,1293
26861,1293
12879,1293
8186,1292
4844,1292
29623,1291
27817,1291
33465,1291
36305,1290
23785,1290
41970,1289
6664,1289
34282,1289
39557,1288
40925,1288
16647,1288
11891,1288
34915,1288
26486,1288
12686,1288
32033,1287
42380,1287
3042,1287
6369,1287
25132,1287
13062,1286
4731,1286
29996,1285
28699,1284
38553,1284
43073,1284
554,1284
33368,1283
1335,1282
34640,1282
13889,1281
38205,1281
8854,1280
30219,1280
34220,1279
39495,1279
29265,1279
34786,1278
22831,1278
47943,1278
21367,1278
7241,1278
35223,1278
13310,1278
32955,1278
33245,1278
21996,1277
3855,1277
4753,1277
1440,1277
34861,1277
33089,1277
2822,1276
9436,1275
14927,1275
36438,1275
5911,1275
18792,1274
22024,1273
1514,1273
30777,1273
25598,1273
21982,1273
405,1272
10173,1272
11983,1270
17025,1270
4232,1270
24583,1270
32843,1269
46189,1269
27246,1269
33674,1269
14732,1269
9766,1269
42556,1269
16014,1269
28221,1268
17769,1268
30036,1267
42091,1266
29392,1265
41808,1265
9637,1265
19612,1265
36696,1264
33953,1264
4162,1264
31391,1263
5266,1263
22093,1263
46916,1263
36944,1263
34310,1262
5770,1262
26152,1261
15429,1261
24425,1260
10212,1259
25715,1259
10702,1259
44670,1258
16715,1258
9199,1257
42706,1257
14050,1257
34986,1257
32133,1257
43951,1257
44636,1257
49086,1256
41549,1256
41437,1256
8385,1256
44103,1256
30122,1255
22548,1255
5923,1255
26221,1254
36441,1254
10500,1254
22509,1254
22206,1254
46541,1253
11014,1253
49248,1252
29660,1252
8224,1252
46811,1252
35267,1251
46321,1251
16900,1250
49609,1250
6377,1249
49326,1249
12196,1249
22760,1249
40397,1249
11212,1249
36968,1248
42598,1248
44536,1247
4288,1247
5976,1247
27292,1246
7677,1246
35419,1244
34927,1244
35055,1244
30584,1243
35473,1243
17679,1243
28527,1242
17555,1242
19535,1242
32239,1242
47409,1241
31970,1241
43428,1241
18243,1241
34320,1241
13287,1240
820,1240
33100,1240
45081,1240
47815,1239
30461,1239
45832,1238
13080,1237
42117,1237
23430,1237
46222,1236
44257,1236
33543,1236
33590,1235
8382,1235
8732,1234
2745,1234
30320,1234
29078,1233
13093,1232
17721,1232
3126,1231
17518,1231
14364,1231
39194,1231
35147,1231
20021,1231
38726,1231
8866,1230
10054,1229
516,1229
29820,1229
22198,1229
33990,1229
27514,1228
32029,1228
6552,1228
35364,1228
16556,1227
16508,1226
45309,1225
41625,1225
27294,1224
23952,1224
14643,1224
11974,1224
33168,1224
16683,1223
25020,1223
34660,1222
9159,1222
5564,1222
15226,1221
44267,1221
21198,1221
34574,1220
12193,1220
1744,1220
10025,1220
37055,1220
5708,1219
38249,1218
26586,1217
18660,1217
2677,1217
38949,1216
6328,1216
1546,1215
10849,1215
5649,1215
972,1215
3295,1214
29244,1214
26405,1214
8103,1214
46823,1214
32570,1214
44624,1212
36130,1212
10521,1212
2573,1212
649,1212
15503,1211
41480,1211
28155,1211
7401,1211
10880,1211
29473,1210
41966,1210
6729,1209
42447,1209
9424,1208
38289,1208
13951,1208
31992,1208
15767,1207
40898,1207
40961,1207
45128,1207
26679,1206
30753,1206
44056,1206
12896,1205
25930,1205
12909,1205
33153,1204
21243,1204
33560,1204
1582,1204
742,1203
34622,1203
7381,1203
121,1202
28450,1202
49615,1201
41277,1200
17725,1200
32707,1199
17708,1199
33249,1199
644,1199
41714,1199
22169,1199
17744,1198
15712,1198
7669,1198
47683,1198
5707,1198
10351,1198
43005,1197
29598,1197
15273,1197
27949,1196
13219,1196
28031,1196
43100,1196
33503,1196
2658,1195
43483,1195
34229,1195
20063,1195
43459,1194
5128,1194
34854,1193
22123,1193
43389,1193
40279,1193
45356,1193
36810,1191
10586,1191
25948,1191
2426,1191
31355,1190
38684,1190
40141,1189
18140,1189
26314,1187
16350,1187
24004,1187
23457,1187
18677,1187
13548,1187
38465,1187
16744,1186
22829,1186
280,1186
16213,1185
1446,1185
4635,1185
18359,1184
28920,1183
2983,1182
49260,1182
25986,1182
5636,1181
30016,1181
45687,1181
5757,1181
45599,1181
45260,1181
8986,1180
33364,1180
5315,1180
42075,1180
39375,1180
42294,1179
5144,1178
9551,1178
24973,1178
24273,1178
31248,1177
21683,1177
28437,1177
27510,1177
31853,1177
13378,1177
25144,1177
41637,1176
40156,1175
26252,1175
12674,1174
27172,1174
40556,1173
16097,1173
35721,1172
877,1172
38609,1172
22627,1172
18037,1172
45819,1172
26055,1171
6825,1171
3480,1171
2102,1170
36878,1170
34690,1170
14401,1170
48341,1170
6244,1169
29126,1168
45045,1168
39620,1168
15891,1168
39299,1168
17720,1168
48385,1168
32285,1167
12000,1166
7681,1166
23313,1166
38281,1166
43892,1166
36360,1165
28805,1165
7606,1165
9517,1165
23304,1165
48746,1164
20638,1164
13440,1164
34013,1164
7147,1164
7252,1163
48800,1162
17874,1162
46656,1160
21737,1160
9426,1160
18379,1159
29627,1159
24521,1159
12118,1159
37691,1159
12403,1158
10602,1158
33984,1158
8594,1158
30121,1158
38473,1156
13510,1156
49518,1155
21051,1155
46075,1155
22307,1154
42333,1154
47154,1154
46341,1153
45636,1153
27470,1152
48229,1152
29460,1151
28464,1151
31865,1151
9071,1150
28635,1150
2429,1150
29669,1149
4136,1149
44461,1149
24571,1148
40256,1148
30307,1148
17867,1147
13097,1147
7598,1146
10482,1146
28122,1146
7808,1146
14385,1145
2311,1145
44329,1145
33672,1144
15057,1144
47000,1143
49354,1143
33257,1143
12385,1143
41557,1142
24890,1142
31073,1142
12638,1142
9531,1142
45906,1142
45303,1142
7923,1142
12149,1141
43530,1141
6999,1140
11097,1139
28326,1138
21447,1138
31374,1138
12975,1137
9896,1137
33706,1137
8707,1136
37047,1136
38881,1136
1347,1136
20691,1136
15976,1135
24701,1135
1199,1134
37436,1134
47044,1133
35769,1133
43740,1132
43248,1131
44146,1131
3917,1131
39225,1131
47242,1131
24239,1130
63,1129
29045,1129
14242,1129
4102,1129
21387,1129
27652,1129
40621,1128
31154,1127
5073,1127
44557,1127
3473,1127
39301,1127
38127,1126
22008,1125
32020,1125
37630,1125
29925,1124
18641,1124
7146,1124
45638,1124
31654,1124
2151,1123
35068,1123
14976,1123
48112,1122
11447,1122
10172,1122
17678,1122
44414,1122
12811,1121
39964,1121
18503,1121
31662,1121
31961,1120
11492,1120
23643,1119
42013,1118
40408,1118
11249,1118
23216,1118
13643,1117
1039,1117
20840,1117
18629,1117
9703,1117
10804,1116
35601,1115
37807,1115
16772,1115
24269,1114
10314,1114
26309,1113
28358,1113
22282,1113
38679,1112
39035,1112
12333,1111
23953,1111
45771,1111
20120,1110
14223,1110
2205,1109
21392,1109
4518,1109
16223,1109
23919,1108
40763,1108
46782,1108
48485,1108
128,1108
38341,1107
45761,1107
19451,1107
34943,1107
19182,1106
40459,1106
45916,1106
38357,1106
15672,1105
46058,1105
13338,1105
27778,1105
26010,1105
37478,1104
5566,1104
325,1104
32666,1103
38426,1103
310,1103
36386,1102
13230,1102
29798,1102
20564,1102
36939,1102
14890,1101
1688,1100
42913,1100
46913,1097
20720,1097
30529,1097
27055,1097
11610,1097
42469,1096
29285,1096
8056,1096
45961,1096
41751,1096
42518,1096
18805,1095
54,1095
11786,1094
46306,1094
20887,1094
32515,1094
32265,1094
41720,1094
29744,1093
27850,1093
47885,1092
3740,1092
22990,1091
45154,1091
45596,1091
31764,1091
30975,1091
21948,1091
38948,1089
19087,1089
49319,1089
18889,1089
29474,1088
9080,1088
1409,1088
28790,1087
3431,1087
5970,1087
13920,1087
35363,1087
34276,1087
44585,1087
30486,1086
28008,1086
43310,1085
32710,1085
33862,1084
6651,1084
41047,1084
40501,1084
9996,1083
19202,1083
1406,1083
33796,1083
12125,1082
49451,1082
11198,1082
46361,1082
45054,1082
25122,1082
4332,1082
29622,1082
43659,1081
19151,1080
48634,1080
20081,1080
39954,1079
1104,1079
47719,1079
4620,1078
7304,1078
30700,1078
14563,1078
35306,1078
21626,1078
34706,1078
23586,1078
11984,1077
10180,1076
42964,1076
35784,1076
35333,1076
38218,1076
31287,1076
20943,1075
18071,1075
42252,1075
21303,1075
34213,1075
11129,1074
45279,1074
15081,1074
20303,1074
10388,1074
46620,1073
14579,1073
14461,1073
15741,1073
40454,1073
13774,1072
10279,1071
11992,1071
40208,1070
28342,1070
14372,1069
18201,1069
15404,1069
19584,1069
38322,1069
38849,1068
23,1068
9284,1068
36914,1068
18135,1067
37876,1067
41325,1066
44120,1066
31087,1066
34991,1065
3593,1065
24857,1064
15070,1064
19966,1063
49079,1063
37917,1063
31022,1062
23427,1062
21512,1062
11187,1061
25872,1061
47875,1061
18296,1061
39871,1061
7247,1060
6414,1060
29204,1060
36675,1060
18897,1060
42241,1060
32442,1058
17819,1058
18998,1058
38847,1056
13196,1056
32927,1056
14726,1056
3061,1056
24946,1056
42421,1055
6719,1055
38483,1055
6015,1055
23338,1054
35003,1054
16321,1054
25947,1054
44717,1053
15510,1053
38015,1053
43463,1052
23417,1052
16747,1052
47211,1051
21567,1051
46703,1050
14277,1050
32869,1050
25825,1050
28228,1050
34578,1049
37722,1049
19548,1049
38896,1049
33756,1049
35819,1049
5086,1049
5971,1048
18709,1048
1057,1048
46558,1048
2130,1048
28698,1047
35845,1046
9725,1046
40449,1046
45234,1045
48645,1045
31196,1044
39891,1044
12658,1044
8339,1043
45511,1043
28459,1043
36274,1042
31469,1042
33719,1042
29153,1041
13603,1041
18747,1040
184,1040
49156,1040
32645,1040
16710,1040
32732,1039
15803,1039
5484,1039
3407,1039
14333,1039
42929,1038
15462,1038
39321,1038
31387,1037
5069,1037
47253,1037
49281,1037
31020,1036
14979,1036
31608,1035
19871,1035
9618,1035
46515,1035
49112,1035
33709,1034
27437,1034
29066,1033
7260,1033
29116,1033
27829,1033
30571,1033
34519,1032
25885,1031
22416,1031
36165,1031
1157,1031
28398,1030
24928,1030
38608,1030
16456,1030
22238,1030
9075,1030
13045,1030
32782,1030
21846,1029
26030,1029
3847,1028
43814,1028
46475,1028
29589,1028
18923,1028
29274,1028
34163,1027
44268,1027
39589,1027
31997,1027
2604,1027
42403,1026
38809,1026
37553,1026
34942,1026
37520,1025
19495,1025
41750,1025
19398,1025
36551,1024
15324,1024
20126,1024
16414,1024
42028,1023
39858,1023
11773,1023
20723,1023
22640,1023
39646,1022
13497,1022
40941,1022
2470,1022
47049,1022
3211,1021
33623,1021
21436,1021
26889,1021
20052,1020
12743,1020
45083,1019
31423,1019
42016,1019
1616,1019
33320,1019
45723,1018
21810,1018
30407,1018
49680,1018
29015,1018
43255,1018
8057,1017
35467,1017
19503,1017
40634,1017
11331,1016
15182,1016
294,1016
25108,1015
8104,1015
40171,1015
4329,1014
16869,1014
41539,1014
1062,1014
37458,1014
7860,1013
3466,1013
13654,1013
1907,1013
47946,1012
41973,1012
49023,1012
22491,1012
38997,1011
39953,1011
10568,1011
7150,1011
36058,1010
18168,1010
25362,1010
6889,1010
39200,1009
12807,1009
35838,1009
12592,1009
3090,1009
45416,1009
41010,1009
9906,1009
17581,1008
27395,1008
9360,1007
19449,1007
31042,1006
12271,1006
28330,1006
6765,1005
35940,1005
45393,1005
6606,1005
10227,1005
13598,1005
36332,1004
32519,1004
9186,1004
32387,1004
29479,1003
39643,1002
884,1002
3822,1002
18725,1002
1783,1002
45683,1002
23204,1002
7648,1001
13627,1001
27388,1001
17836,1001
16607,1001
31660,1001
29794,1000
14376,1000
40417,1000
48647,1000
11075,1000
35242,999
13708,999
21469,998
47537,998
2103,998
26587,998
17545,998
3732,998
2540,998
15591,997
45113,997
46779,997
40815,997
29139,996
10498,996
47830,996
42392,996
41729,996
13798,996
42431,995
4847,995
23005,995
42900,995
43488,994
7854,994
13070,994
10874,994
40821,994
38683,994
5259,994
15895,994
17650,993
18659,993
33782,993
18829,993
14882,992
38593,991
37262,990
5653,990
30287,990
37611,990
45037,990
8592,990
29471,989
28286,989
4392,989
39107,989
48140,988
13496,988
48174,988
40216,987
19934,987
28050,987
49363,987
9583,987
43904,986
21225,986
11185,986
48464,986
24721,986
31395,985
11497,985
3459,985
5496,985
25300,985
29027,984
2374,984
49114,984
22472,984
12911,984
30675,984
34300,984
44883,983
30659,983
33772,983
19948,983
8668,983
43888,982
18109,982
11087,982
27888,981
11888,981
45204,981
34339,981
1405,980
15528,980
21330,979
24658,979
4756,979
22081,979
16641,978
6902,978
26250,977
17592,977
40031,977
25854,977
48706,977
20710,977
35352,977
45158,977
1076,977
40568,977
27407,976
1337,976
33216,976
30291,976
2108,976
49640,976
16981,975
37993,975
42735,975
23360,975
28454,975
14199,975
1826,975
37019,974
43445,974
13255,974
18205,974
30909,974
34483,974
4350,974
5103,973
15532,973
28756,973
20379,973
24680,973
5334,972
32263,972
25879,972
10872,972
25610,972
13948,972
17976,971
20577,971
31846,971
26427,971
44904,971
9807,970
10699,970
42318,969
31373,969
47585,969
30338,969
40986,969
11909,968
10321,968
43101,968
42483,968
712,967
14414,967
19250,966
48310,966
30630,966
23234,965
48667,964
13388,964
2305,964
47546,963
40388,963
8088,962
42423,962
43556,962
19086,961
36552,961
28963,960
35622,960
14652,960
48239,959
47485,959
1883,959
14575,959
42063,958
45951,958
1392,958
40363,958
13636,957
1094,957
11980,957
44426,957
33178,956
19178,956
9364,956
34222,956
48301,955
47804,955
8072,955
28016,955
26540,955
7936,955
41376,954
18020,954
43903,954
21574,953
519,953
19443,953
28080,952
4913,952
14519,951
6655,951
6522,951
41651,950
34739,950
8017,950
7299,950
11538,950
23929,950
41642,950
33569,949
16997,949
28100,949
29088,949
30511,949
29824,949
30471,949
3081,949
5488,948
12771,948
29091,948
39002,948
16994,948
15017,948
9385,948
33745,948
48622,948
29327,947
3561,946
26689,946
7158,946
11488,946
20014,946
32877,945
15412,945
32267,945
34295,945
39113,944
22739,944
46448,944
41212,944
30604,944
31134,944
15042,943
2043,943
21249,943
36034,943
33106,942
12720,942
15579,942
2421,942
46257,941
46031,941
15618,940
37634,940
15527,940
18242,939
17338,938
38303,938
44596,937
46724,937
1862,937
49655,936
40825,936
16868,936
2646,935
18840,935
4376,935
2720,935
36183,935
18011,934
30623,934
33720,934
2722,934
25896,933
8214,933
44870,933
25237,933
8136,933
31181,933
4698,933
33056,932
46853,932
18708,932
48779,932
34605,932
31478,932
24279,931
44697,930
7483,930
1330,930
48666,930
32016,930
39469,930
26922,930
45082,930
24884,929
9137,929
27570,929
7881,929
21037,929
43720,929
41591,929
12339,928
38340,928
43442,927
33021,927
33007,927
5552,926
2425,926
29158,925
31539,925
39349,925
14668,925
44413,925
44144,925
37120,925
14032,925
23139,924
38395,924
14809,924
48707,923
2562,923
16897,923
11758,923
43758,923
3040,922
47163,922
3177,922
43857,922
16070,922
29599,922
48079,922
28879,922
3585,921
30148,921
26453,921
29545,921
6734,920
41534,920
10607,920
36856,920
12875,920
32931,919
21269,919
29934,918
22782,918
1035,918
13641,918
7641,918
22120,918
28782,918
26021,918
23431,917
35956,917
39747,916
37455,916
1464,916
5969,916
39696,915
43026,914
2982,914
24242,914
45073,914
8528,914
45635,914
39739,914
43673,914
23712,913
47842,913
29034,913
33735,913
33919,913
27418,913
23363,913
31315,912
30066,912
37570,912
31772,912
40278,912
17459,911
17731,911
33626,911
6510,910
39509,910
4971,910
21380,910
4564,909
22308,909
5248,908
44698,908
40236,908
8274,908
19513,908
21849,908
6135,908
10862,907
12953,907
27706,907
27696,906
10514,906
10737,906
37192,906
7778,906
20384,905
12813,905
5132,905
16478,905
42078,905
19385,905
25893,905
42992,904
25424,904
6139,904
35210,904
38182,903
16237,903
15981,903
13924,903
38834,902
41271,902
29193,902
46749,902
12121,902
34350,902
3913,902
46082,902
33394,901
7029,901
13027,901
21393,901
5808,900
31623,900
40974,899
6235,899
1498,899
27847,899
15285,899
39477,899
26701,898
7051,898
852,898
45757,898
38991,898
41483,897
19578,897
278,897
45371,897
6686,897
6748,896
19025,896
45970,896
8091,895
2270,895
13064,895
39249,895
34343,894
30721,894
22537,894
46868,893
45446,893
35378,893
5713,893
28248,893
18409,893
26728,892
46642,892
9864,892
3977,892
14898,892
20920,891
18993,891
36258,891
1560,891
48859,891
23601,891
23385,891
20828,890
7837,890
3145,890
26459,890
44811,890
8617,890
40868,889
41328,889
28670,889
24107,889
9829,889
9796,889
17155,889
45084,888
16489,888
12945,888
23334,887
6795,887
19977,887
14673,887
5727,886
14446,886
26301,886
32175,886
25266,885
940,885
22166,885
42526,885
7407,884
26863,884
39945,884
42535,884
32951,884
37201,884
29176,884
48487,883
17766,883
12679,882
22512,882
45488,882
33388,882
30327,882
7538,882
2187,882
28038,882
48732,882
4145,881
47011,881
21883,881
1176,881
12513,881
21781,881
27299,881
26318,881
1086,881
13911,880
14578,880
11067,880
47031,880
8478,880
17691,880
94,879
37385,879
20977,879
28431,879
13170,878
41458,878
49060,877
36178,877
20502,877
9324,877
13779,877
15366,877
42606,877
25396,876
35034,876
17900,876
25562,876
39280,876
43484,876
9743,876
27772,876
12252,876
16753,875
44761,875
44410,875
45835,875
29071,875
32523,875
34362,875
11100,875
11563,874
19910,874
39168,874
23565,874
48823,874
3172,874
12630,874
4713,874
2054,874
23472,874
35767,874
23081,873
41527,873
34430,873
15576,873
17318,872
33897,872
41390,872
23230,872
34208,871
35376,871
44100,871
43876,871
32151,871
7206,870
9641,870
47050,870
17791,870
8952,870
36763,870
11741,870
39170,870
23726,870
3579,870
20536,869
14904,869
16816,869
25246,869
35619,868
37776,868
3884,868
27951,868
20674,868
33847,868
34866,867
11152,867
5732,867
35413,867
42743,866
4001,866
21108,866
26480,865
16726,865
22933,865
4091,865
22497,865
11262,864
4261,863
36364,863
10181,863
28054,863
30558,863
46167,862
39337,862
39512,862
38567,862
11534,861
8727,861
8587,861
18079,861
43523,860
33231,859
23148,859
13524,859
12583,859
8631,859
17896,858
23985,858
45185,858
12714,858
24117,857
40598,857
32277,857
18094,857
26939,856
14951,856
8169,856
32109,856
30664,856
5011,855
20171,855
3793,855
44828,855
8073,855
19220,855
43392,855
48199,854
14309,854
23323,854
35976,854
3721,854
29695,854
16818,854
6131,854
2416,854
24706,854
33015,853
11462,853
455,853
11577,853
1578,853
34199,853
48366,853
47025,853
14096,852
37836,852
13949,852
19421,852
11985,852
42888,851
38970,851
24713,850
36266,850
6669,850
42551,850
49284,850
207,849
44517,849
34720,848
33873,848
35865,848
1702,848
9605,848
19736,848
22720,848
11154,848
18175,848
21508,847
12029,847
35249,847
10490,847
6142,847
6985,846
2237,846
16004,846
3233,846
123,846
8092,846
19575,845
15175,845
39972,845
20479,845
27715,845
31282,844
35395,844
30274,844
22619,844
11874,844
28439,844
39134,843
6587,843
14347,843
42002,843
46902,842
26376,842
1467,842
7484,842
36106,841
45815,840
10335,840
45194,840
38714,840
15969,839
36361,839
27522,839
44035,839
44989,839
49157,839
19360,838
5388,838
13303,838
9171,838
22447,837
7825,837
38050,837
3782,837
480,837
14627,837
43765,836
2713,836
45282,836
663,836
27735,835
24816,835
8228,835
46932,834
48736,834
45076,834
42145,833
28906,833
41777,833
22883,832
46056,832
16221,832
13516,832
44262,832
2661,832
9133,831
625,831
30709,830
13848,830
44270,830
27626,830
10866,830
42411,830
40542,829
20250,829
7978,829
35070,829
26419,829
30881,828
13108,828
3213,828
8637,828
36866,827
44970,827
47848,827
10826,827
42507,827
8523,827
10915,826
46677,826
24333,826
246,826
48383,826
13790,826
42105,825
29974,825
2694,825
26372,825
20175,824
8173,824
45977,824
28930,823
17982,823
45177,823
27941,823
3285,823
26184,823
26216,823
14466,822
40712,822
21170,822
32043,822
13187,822
6390,822
46252,822
8297,822
25225,822
35286,822
40529,821
20314,821
28066,820
48193,820
41372,820
11367,820
32492,820
17168,819
13475,819
9788,819
21621,818
21026,818
12086,818
33509,818
4486,817
12644,817
6375,817
594,817
37866,817
8539,817
39228,816
31495,816
17317,816
12283,815
41709,815
6061,815
9594,815
27090,815
4557,814
14150,814
25551,814
47867,813
794,813
46476,813
28570,813
889,812
27284,812
45674,812
38664,812
7212,812
44911,812
12471,812
10241,811
13679,811
17621,811
9480,811
10479,811
17119,810
28521,810
45619,810
28800,810
6721,810
22343,810
13709,810
18828,809
5606,809
23517,809
24156,809
27065,809
19846,808
2010,808
9493,808
17986,808
2663,808
3787,807
36624,807
7391,807
37752,806
2513,806
5463,806
3526,805
13029,805
36689,804
48702,804
20591,804
703,804
16241,804
17140,804
30191,803
25194,803
4533,803
44133,803
48865,802
34203,800
46022,799
11076,799
41272,799
5878,799
11384,798
37509,798
22759,798
27189,798
1396,798
23011,798
1379,797
18340,796
24552,796
5358,796
7607,796
22520,796
3840,796
23088,795
38883,794
10403,794
39461,794
10421,793
48454,793
34216,793
30505,793
29397,793
12162,792
10096,792
46372,792
5323,792
43227,792
15483,792
34844,792
15084,791
43070,791
30678,791
28968,791
12939,791
13385,791
30007,790
31945,790
16044,790
49007,789
8380,789
1631,789
28353,789
49324,789
45188,789
22240,788
27045,788
22617,788
23333,788
12741,788
9584,787
35665,787
23099,787
24362,787
39005,787
40789,787
47553,787
17898,787
26412,787
29252,786
24549,786
48255,786
46672,786
6003,786
20259,786
46511,786
45224,786
5859,785
4589,785
48131,785
5677,785
22943,785
31228,785
4445,785
24361,784
4305,784
26894,784
21582,784
35923,784
23181,783
23315,783
44873,783
18072,783
46632,783
40600,782
13996,782
10114,782
22144,782
10599,782
15887,782
40660,782
952,782
2038,782
43369,782
39363,782
913,781
44396,781
31060,781
1134,781
4071,781
25569,781
15063,781
44099,780
5101,780
35018,780
45682,780
6265,780
49608,780
20802,780
33855,779
6195,779
48878,779
24267,779
1356,778
13782,778
32911,778
42903,778
43616,778
45793,777
34061,777
25773,777
44193,777
40824,777
36557,777
28915,777
20247,777
38236,777
36926,776
35518,776
16766,776
36737,776
9762,776
13143,776
49185,775
40064,775
21194,775
45870,775
48182,775
35704,775
4989,775
11023,775
47573,775
714,774
17601,774
44486,774
19340,774
14118,774
20319,774
11432,773
25869,773
38228,773
1323,773
36493,773
10709,773
48568,773
42118,773
21931,772
34356,772
1879,772
13596,771
10424,771
25387,771
2495,771
35420,771
10005,770
21501,770
35833,770
20061,770
31258,770
13822,770
25821,770
30323,770
37,769
6583,769
29698,769
46139,768
35584,768
11845,768
7570,768
39519,768
28537,768
24737,767
11477,767
33234,767
23347,767
42858,767
39628,767
1639,766
42085,766
38440,766
29867,766
20244,765
34004,765
36885,765
22989,765
34019,765
45441,765
18740,765
27992,765
37999,765
44152,764
40659,764
26094,764
21280,764
8730,764
5223,764
24197,764
36976,764
42134,764
44925,763
29020,763
43704,763
2545,763
32701,763
38770,763
36103,763
17395,762
42781,762
23407,762
26395,761
7414,761
20285,761
37739,761
41605,761
3055,761
16568,760
37349,760
40603,760
42756,759
24118,759
878,759
2383,759
2668,759
2322,759
40467,759
10453,759
5112,759
45748,758
6837,758
24458,758
23580,758
22598,758
10129,757
22795,757
41058,757
26695,756
25195,756
16142,756
27286,756
26083,755
27553,755
5360,755
41983,755
3179,754
34047,754
44408,754
48222,754
12785,754
27428,754
34678,754
3457,754
24643,754
6213,754
15091,753
35756,753
4258,753
36650,753
32712,753
26300,753
21246,753
16137,753
26002,753
31872,752
9130,752
16609,752
5670,752
46688,751
17360,751
35669,751
31888,751
10807,751
5405,751
15464,751
11714,751
43802,751
6519,751
40021,750
11081,750
34451,750
29500,750
38223,750
30563,750
9051,750
6598,750
36333,749
24532,749
17562,749
8242,749
4663,749
24507,748
27415,748
15905,748
20152,748
34221,748
26280,748
29686,748
18411,748
41541,748
40711,747
45955,747
347,747
49328,747
87,747
42384,747
11760,747
27541,747
44349,747
12285,747
2269,746
13004,746
46586,746
16139,746
5690,746
9397,746
49082,746
47532,746
29442,746
9373,745
26138,745
46131,745
39265,745
25283,744
44562,744
34209,744
23977,744
14295,744
32833,744
36039,744
29145,744
45918,744
49396,744
45739,743
43320,743
13882,743
20915,743
28137,743
35912,743
40316,743
22149,743
2397,742
36809,742
29565,742
25157,742
15485,742
17151,742
39748,741
10469,741
8993,741
26223,741
49508,741
8474,741
36135,740
6789,740
41009,740
30227,740
44491,740
41715,740
10117,739
27864,739
10667,739
14929,739
14863,739
7788,739
10902,739
10732,739
1197,738
26475,738
31523,738
928,737
12476,737
5006,737
39804,737
19634,737
35997,737
39101,736
12302,736
47099,736
23649,735
11323,735
6252,734
46393,734
23821,734
10481,734
36533,734
33959,734
12581,734
45937,733
38789,733
31103,733
9698,733
45343,733
42840,733
45097,733
44943,732
1200,732
19805,732
17944,732
37042,732
22053,732
29874,732
29156,732
12683,731
29689,731
41953,731
26429,731
23819,731
16033,731
35400,731
39236,730
44424,729
30806,729
45616,729
30574,729
14471,729
11896,729
39612,728
8366,728
10460,728
28983,728
13128,728
37867,727
6543,727
24059,727
15572,726
37247,726
42258,726
47225,726
12238,726
35289,726
22122,726
673,726
12068,726
33301,725
24157,725
3494,725
38995,725
35727,725
44923,724
22487,724
40945,724
648,724
34308,724
35821,724
6689,724
43050,724
7893,723
26932,723
35568,723
27033,723
5913,723
19080,723
42741,722
4687,722
43252,722
8584,722
1599,722
38113,722
6987,722
43645,722
25704,721
41340,721
18025,721
21349,720
11798,720
26764,720
41169,720
1365,720
21067,720
36046,720
47577,719
12323,719
38299,719
9106,719
14805,719
28764,719
48219,719
25740,719
49505,719
41990,718
1811,718
3829,718
45692,718
24114,717
48785,717
8149,717
3399,716
45056,716
39224,716
38819,716
2670,716
28285,716
20017,716
34755,715
22326,715
327,715
34946,715
46870,715
11556,715
16260,715
23549,715
37731,715
46363,714
12044,714
20704,714
19450,714
16108,714
17560,714
39250,714
33722,714
3861,713
43343,713
38926,713
3789,713
20818,713
36326,713
46699,712
35406,712
26488,712
31126,712
25471,712
23357,711
32548,711
18115,711
7393,711
30146,711
17993,711
47006,711
40145,711
38818,711
9644,711
24846,711
20410,711
6813,711
45321,711
30365,711
10991,711
2538,711
45762,710
35894,710
14165,710
23527,710
23809,709
20298,709
12500,709
47755,708
8774,708
22583,708
16494,708
778,707
6236,707
10558,707
14221,707
25504,707
44129,707
20191,707
47107,706
26736,706
39850,706
723,706
3801,706
9601,706
28,706
9486,706
23800,705
45500,705
14505,705
10407,705
7349,705
1483,705
34099,705
6350,705
3169,704
15707,704
14924,704
33124,704
40255,703
27216,703
44750,703
23079,703
17157,703
25666,702
18498,702
42832,702
14744,702
15686,701
37004,701
39279,701
44635,701
27239,701
44366,701
44614,701
16215,701
33381,701
33857,700
46145,700
4039,700
37238,700
30745,699
743,699
12499,699
4354,699
7992,699
1818,699
40232,699
27401,699
38118,698
24615,698
33664,698
1830,698
38250,698
23881,698
31439,698
21937,698
41302,697
28348,697
32204,697
1556,697
17533,697
14163,696
10478,696
39676,696
42269,696
38425,696
47658,696
2539,695
37504,695
33104,695
3885,695
48805,695
17328,694
24699,694
2977,694
14819,694
46496,693
3616,693
21641,693
38652,693
8465,693
36726,693
30411,693
48716,693
46325,693
4390,692
21329,692
40770,692
30073,692
16289,692
39623,692
31653,692
21153,692
46394,692
28511,692
10082,691
45014,691
23039,691
44663,691
39890,691
11784,691
7657,690
24660,690
19084,690
5902,690
12974,690
44473,690
15398,690
38802,690
47441,690
6849,689
48974,689
35585,689
37788,689
37148,689
35689,689
40403,689
1148,689
10545,689
27592,689
28748,688
16650,688
12891,688
30214,688
22340,688
2064,688
36313,687
32184,687
46020,687
37841,687
39201,687
36029,686
40612,686
38539,686
29094,686
11950,686
23760,686
4031,686
43957,686
48885,686
17920,685
3248,685
33156,685
25613,685
13049,685
46029,685
23840,684
17979,684
18218,684
4125,684
10341,684
13481,684
34428,684
28020,683
5737,683
15294,683
15999,683
19134,683
25570,683
26510,683
35328,682
695,682
30830,682
11628,682
27335,682
23965,682
30658,681
18091,681
30618,681
42224,681
36537,680
27642,680
49497,680
15164,680
29935,680
32059,680
34823,680
2141,680
34702,680
9407,680
44845,679
37890,679
7646,679
11308,679
760,679
11580,679
24826,679
47248,679
39966,679
11807,679
26666,678
21022,678
2391,678
38408,678
22553,678
27022,678
28277,678
29780,678
19309,678
31036,678
23740,677
29520,677
45432,677
3992,677
1154,677
44187,677
46611,676
4398,676
37709,676
7379,676
49476,676
41066,675
25494,675
43294,675
5537,675
12163,675
13425,675
40531,675
14861,675
40627,675
43115,674
22006,674
5141,674
6927,674
34974,674
37036,674
1354,674
44337,674
16019,674
3262,673
26937,673
36375,673
30309,673
18128,673
4846,672
10734,672
32906,672
44867,672
3836,672
16436,672
35942,672
40884,671
10301,671
28207,671
24041,670
3996,670
17375,670
10275,670
2234,670
37602,670
21863,669
17462,669
23991,669
25476,669
1969,669
32423,669
3143,669
43999,669
3252,669
14642,668
18960,668
22365,668
14077,668
41301,667
30908,667
8413,667
25980,667
9009,667
23910,667
27655,667
37728,666
37724,666
40759,666
43955,666
31445,666
46279,666
39550,666
14582,666
34893,666
5189,666
40299,666
3296,665
25408,665
40656,665
4168,665
34055,665
3107,665
18059,665
9216,664
12700,664
2019,664
23815,664
45302,663
5063,663
16703,663
44820,663
38430,663
46686,663
20524,662
12115,662
46378,662
15785,662
37609,662
626,662
11961,662
12697,662
17471,662
34968,662
19760,662
16133,662
33942,661
457,661
39729,661
34194,661
7411,661
27945,661
43376,660
30062,660
17905,660
9687,659
8832,659
3947,659
28051,659
42817,659
28560,659
43638,659
19811,658
1598,658
13110,658
31657,658
25926,658
31954,658
3398,658
45229,657
45607,657
24668,657
48348,657
330,657
20478,657
21134,657
8512,656
48927,656
8229,656
42667,656
8956,656
9346,656
18813,656
43136,656
18414,656
32130,656
48491,656
722,656
48043,656
37681,655
25493,655
45694,655
44022,655
11256,655
16460,655
47651,654
46593,654
35866,654
38729,653
36099,653
26194,653
7170,653
41176,653
37980,653
43633,653
10655,652
9783,652
17628,652
3381,652
31076,652
32051,652
34664,651
26246,651
39681,651
11247,651
8112,651
18573,650
17550,650
12159,650
40775,650
25286,650
22900,650
30456,650
10234,650
30388,650
13514,649
45345,649
17299,649
19619,649
16303,649
39037,649
5597,649
1685,649
25089,649
738,649
47504,649
45806,648
26839,648
33511,648
28767,648
41117,648
43460,648
17596,648
10084,648
11301,648
25976,648
21144,647
6288,647
25461,647
49588,647
23329,647
1308,646
9067,646
14636,646
7695,646
27235,646
99,646
17859,646
20269,646
22369,645
25842,645
45478,645
46227,645
16539,645
37113,645
48806,645
22524,645
33176,644
44704,644
20877,644
30901,644
7999,644
2449,644
1073,644
31236,644
47272,644
20217,644
21449,643
1393,643
48270,643
23938,643
5151,643
4217,643
47738,642
23623,642
1543,642
38416,642
6016,642
8519,642
22534,642
44500,641
20916,641
44328,641
7567,641
22106,641
16486,641
46524,641
40581,641
5616,640
11190,640
35102,640
5771,640
1096,640
49323,640
19244,639
11689,639
21384,639
43973,639
3219,638
39605,638
6178,638
17980,638
780,638
11456,638
23916,637
3442,637
10605,637
46470,637
39692,637
47065,637
28883,637
44932,637
44090,637
26477,637
16001,636
48552,636
28448,636
35353,636
49270,636
39636,636
23271,635
17273,635
29758,635
36436,635
14011,635
8376,635
33031,635
18566,635
13286,634
7509,634
44568,634
24115,634
33219,633
31973,633
15419,633
14886,633
26905,633
11107,633
25124,632
13841,632
3066,632
9127,632
5729,632
4478,631
27304,631
43644,631
43635,631
8570,631
24908,631
10823,631
47631,631
10476,631
36940,631
41354,630
39570,630
44277,630
2457,630
3023,630
8349,630
21766,630
2879,630
20641,630
48790,629
6224,629
8269,629
35919,629
30744,629
21294,629
40215,629
42471,629
41743,629
47438,629
47097,628
12591,628
12624,628
9155,628
34459,628
20367,628
40905,628
38666,627
35600,627
25839,627
6400,627
25438,627
41662,627
44219,627
41699,627
1003,627
32569,626
2657,626
30751,626
49269,626
16136,626
10827,626
11516,626
43698,626
46188,625
16748,625
24086,625
19333,625
3676,625
13976,625
43968,625
4692,625
41427,625
23470,624
29312,624
10371,624
219,624
4344,624
44629,624
26456,624
14378,624
49227,624
38049,624
17689,623
29671,623
9484,623
35613,623
22591,623
12397,623
21072,623
1542,623
18565,623
41349,623
788,623
3108,623
34058,622
2386,622
3192,622
10221,622
17449,622
37840,622
23374,622
517,622
37859,621
10908,621
49644,621
39950,621
30588,621
809,621
1112,620
39182,620
45854,620
26899,620
11224,620
27231,620
49652,620
9463,620
27177,619
4058,619
30592,619
14720,619
40982,619
19635,619
18851,619
16668,618
26148,618
23794,618
27701,618
21338,618
7480,618
4081,618
30683,618
10189,618
6747,617
19467,617
36943,617
18035,617
38255,617
41519,617
18292,616
10904,616
35670,616
48935,616
35202,616
24241,616
38978,616
10549,616
12448,616
44306,616
28379,616
28622,616
39394,615
36698,615
28127,615
47193,615
2969,615
21591,615
1110,615
7173,615
8959,615
17368,615
10126,615
47005,615
43509,614
6110,614
14131,614
34169,614
28749,614
35523,614
39023,614
9098,614
41912,614
3651,614
3807,614
19650,613
32982,613
18117,613
43954,613
39327,613
27933,613
27229,613
10402,613
10447,613
49072,613
26352,613
36496,613
33050,612
38635,612
4372,612
9532,612
12544,612
43148,612
25469,612
28628,612
23495,612
20197,612
5386,611
30278,611
24920,611
4933,611
18102,611
32420,611
17070,611
42221,611
14287,610
32588,610
7285,610
12053,610
11930,610
9194,610
24454,610
22533,610
12659,610
40350,610
30985,610
1643,610
15739,609
45311,609
48093,609
31681,609
20011,609
21890,609
32685,609
37377,609
8143,608
28242,608
12253,608
31459,608
25814,608
29950,608
43379,608
34127,608
10296,608
34284,608
27759,608
26558,608
46484,608
4639,608
31474,607
29910,607
35112,607
31086,607
12211,607
14182,607
30726,607
15924,607
22587,607
49032,607
27475,606
6586,606
22624,606
34531,606
33747,606
6971,606
15390,606
34627,605
6416,605
10494,605
2092,605
8480,605
9772,605
44626,605
44825,604
2022,604
1545,604
2579,604
8379,604
28281,604
27964,603
8800,603
33764,603
19459,603
23180,603
19368,603
22454,603
34817,603
26885,603
37052,602
8260,602
47884,602
7364,602
31933,602
19008,602
17617,602
15472,602
38548,602
36310,601
32762,601
32943,601
26347,601
9587,601
1835,601
13768,601
41414,601
42791,600
35424,600
1848,600
37795,600
23585,600
27237,600
10166,600
671,600
17426,600
38895,599
13578,599
20631,599
20309,599
17759,599
12727,599
37431,599
16466,598
20112,598
38427,598
49264,598
31563,598
2116,598
4982,598
18285,598
4779,597
10387,597
15487,597
39577,597
14955,597
26530,597
40817,597
26443,596
4977,596
3566,596
10616,596
44813,596
34931,595
42309,595
21484,595
48695,595
35577,595
10995,594
83,594
7303,594
31328,594
45594,594
4987,594
8997,593
19445,593
9243,593
30570,593
41377,593
2693,593
15414,593
48291,593
9862,593
9505,593
23715,592
26759,592
31264,592
10210,592
13650,592
9804,591
30910,591
39975,591
23761,591
21092,591
49622,590
8049,590
38799,590
10793,590
35440,590
857,589
27038,589
39157,589
26476,589
40470,589
47868,589
4391,589
30532,589
8833,589
24294,589
8743,589
4674,589
3231,588
46955,588
7563,588
1970,588
4619,588
12383,588
34368,588
33080,587
29013,587
7513,587
32773,587
33071,587
48196,587
2339,587
45810,587
9894,586
38620,586
19674,586
8529,585
12888,585
2547,585
44027,585
9634,585
10409,585
48493,584
17804,584
149,584
39261,584
26810,584
35084,584
44703,584
35365,584
23373,584
1649,584
25499,583
23413,583
2232,583
12316,583
15120,583
38455,583
35536,583
32753,583
7018,583
39282,583
27362,583
9172,583
35649,582
1439,582
41392,582
13853,582
26248,582
7870,582
32888,582
32505,582
14849,582
5002,582
11132,582
6066,581
186,581
41594,581
49570,581
24336,581
26286,581
39459,581
24214,581
33640,581
38129,581
6221,580
10890,580
26036,580
22242,580
34939,580
7815,580
25379,580
42397,579
19209,579
28481,579
24516,579
37104,579
48903,579
48588,579
47197,579
23248,579
14594,579
34592,579
48179,578
39425,578
42174,578
23957,578
34040,578
40554,577
17279,577
30589,577
30247,577
30082,577
16834,577
6809,577
40646,577
35343,577
47845,577
24983,577
10992,576
23625,576
26115,576
12816,576
14143,576
32170,576
1981,576
16782,576
48248,575
6841,575
28820,575
13511,575
3025,575
41580,575
24750,575
2820,575
4597,575
9120,575
6808,575
23685,575
46681,574
3060,574
23782,574
11006,574
27978,574
19571,573
18581,573
45186,573
2458,573
47953,573
9852,573
17864,573
40683,573
32562,573
15341,573
1653,572
26292,572
33113,572
34264,572
47026,572
30506,572
35090,572
41315,572
27979,572
11889,572
46284,572
16891,571
17154,571
21544,571
927,571
8940,571
2872,571
31693,570
31676,570
24534,570
6452,570
3844,570
2087,569
340,569
41391,569
30035,569
48241,569
47463,569
3499,569
25301,569
16182,569
33222,569
21694,569
19849,569
28976,568
5826,568
39071,568
39397,568
9389,568
41330,568
34809,568
42446,567
25084,567
4276,567
42097,567
32942,567
30820,567
48377,567
16959,567
32743,567
9060,566
47111,566
34648,566
28174,566
46388,566
34504,566
13116,566
44354,566
19106,566
29778,566
994,566
14470,566
22597,565
9285,565
39973,565
5228,565
20824,565
9139,565
29944,565
22886,565
15777,565
14312,565
4921,565
20344,565
43464,565
7976,565
21272,564
31995,564
32019,564
2994,564
12993,564
20914,564
32235,564
7338,564
44575,564
24670,564
45581,564
20406,564
44089,564
23729,564
14289,564
14036,563
37665,563
8767,563
14727,563
21678,563
37564,563
47752,563
33871,563
3094,562
30284,562
1301,562
17559,562
43298,562
26520,562
42455,562
18127,562
42578,562
44319,562
37059,562
22256,562
43143,562
11959,562
31307,562
19516,562
49543,562
15960,561
14028,561
31670,561
544,561
1925,561
4577,561
48283,561
38295,561
18212,561
40251,561
25422,560
31277,560
11399,560
17666,560
21169,560
38060,560
20660,560
43324,560
6388,560
25581,560
45394,560
41515,559
38222,559
28939,559
18048,559
29299,559
9340,559
4508,559
11344,559
35053,558
35171,558
37359,558
32679,558
27163,558
39968,558
34995,558
352,558
13519,558
42191,558
21326,558
16334,558
36835,558
2135,558
46770,557
26321,557
27019,557
19415,557
9077,557
47541,557
44393,557
36670,557
48520,557
22384,557
25464,557
4606,557
37197,556
47714,556
25442,556
31388,556
44282,556
28215,556
34601,555
32000,555
5589,555
16911,555
36658,555
49480,555
32677,555
19514,555
33398,555
35360,555
49158,555
7883,555
34768,555
29577,554
18488,554
46855,554
27757,554
8958,554
20896,554
27665,553
16615,553
6008,553
14005,553
44880,553
36506,553
40182,553
46304,553
29229,552
35347,552
48278,552
18327,552
45258,552
26795,552
28436,552
29722,552
36639,552
25167,552
7658,552
216,552
14089,552
32224,552
39806,552
40859,552
47660,552
12657,551
15251,551
6852,551
26367,551
34492,551
990,551
10711,551
35105,551
15727,551
46787,551
35551,551
43743,551
45094,551
47169,550
10540,550
29277,550
5735,550
11201,550
33463,550
5907,550
48175,550
2960,549
17223,549
46439,549
11451,549
8596,549
12240,549
38039,549
26509,549
15364,549
46971,548
3513,548
24389,548
4700,548
7344,548
46747,548
18499,548
30553,548
8619,548
38909,548
25903,548
20658,548
34022,547
22823,547
18353,547
47790,547
17840,547
32398,547
25779,547
27477,547
29228,547
24563,547
29133,547
30617,546
8680,546
31273,546
17163,546
15763,546
30878,546
36339,546
36482,546
5314,546
22176,546
40173,546
24649,545
19775,545
45310,545
18321,545
43764,545
3590,545
13634,545
23499,544
27178,544
1458,544
3699,544
49232,544
13808,544
29952,544
34433,544
23563,544
14348,544
15202,544
41582,544
16978,543
22241,543
34827,543
23273,543
32,543
29124,543
34766,543
29298,543
22481,543
23074,542
22658,542
36619,542
45668,542
2985,542
2360,542
33016,542
5805,542
38061,541
17017,541
29714,541
29742,541
16057,541
26504,541
23646,541
25134,540
1142,540
48455,540
12126,540
5415,540
36481,540
33109,540
42215,540
6890,539
30662,539
31932,539
13396,539
39238,538
23117,538
18994,538
7922,538
11292,538
28859,538
12186,537
30921,537
38267,537
27476,537
23015,537
35182,537
12798,537
35483,537
12857,537
49630,537
40623,536
24508,536
19190,536
4534,536
34325,536
18435,536
28350,536
30559,536
31871,536
39442,536
25535,535
24720,535
4174,535
31081,535
46630,535
20281,535
33314,535
35284,534
35418,534
34269,534
43788,534
2113,534
350,534
34427,534
38886,534
29700,534
17703,534
12569,533
7478,533
5214,533
9166,533
7353,533
38527,533
14962,533
8928,533
19749,533
31824,533
35097,533
43195,533
34533,532
13884,532
48722,532
29735,532
19819,532
49509,532
45099,532
44641,531
38233,531
22525,531
29437,531
22893,531
30425,531
42506,531
5127,531
15351,531
3188,531
45584,531
40519,530
22414,530
32818,530
12838,530
39889,530
23418,530
29092,530
2280,530
17946,529
48163,529
40663,529
15333,529
32200,529
3756,529
39618,529
19915,528
45253,528
4473,528
31724,528
45807,528
30133,528
421,528
13730,528
22899,528
3522,528
43705,528
47639,528
37576,527
35198,527
48965,527
46605,527
5545,527
44048,527
3245,527
36988,527
5725,527
1775,527
6173,526
2094,526
38044,526
34036,526
3761,526
26571,526
6402,526
16432,526
16855,526
14043,526
25556,526
9519,526
41195,526
32859,526
20243,526
25355,525
18873,525
29664,525
49491,525
3619,525
48068,525
5351,525
28834,525
26217,524
47155,524
29657,524
38903,524
31990,524
46638,524
2830,524
11943,524
5710,524
42239,524
8069,524
15357,524
36459,524
16541,524
48821,524
21711,524
47937,524
769,523
16042,523
17231,523
23951,523
16752,523
25554,522
11571,522
49296,522
9088,522
15689,522
40678,522
48070,522
44299,522
42327,522
48297,521
10448,521
4516,521
41371,521
9776,520
29864,520
1621,520
34955,520
39146,520
48022,520
22809,520
11215,520
40228,520
21802,520
26119,520
42425,520
16618,520
32912,520
7452,519
8996,519
46674,519
14680,519
42891,519
30814,519
13005,519
47531,519
29061,519
19037,519
47986,519
6245,519
17723,519
42049,519
39128,519
45125,518
31210,518
35412,518
43512,518
30999,518
43068,518
11286,518
44289,518
8442,517
43290,517
15518,517
19101,517
17303,517
36830,516
40330,516
45543,516
30898,516
19022,516
24131,516
47518,516
8805,516
34867,516
9963,516
34002,516
14709,516
25295,516
8514,516
9497,516
10111,515
32635,515
34023,515
38247,515
11599,515
24441,515
10668,515
33331,515
10130,515
39529,515
21316,515
22015,515
12551,515
28407,515
37931,515
2832,514
12541,514
9363,514
47098,514
38929,514
6271,514
8910,514
46305,514
27664,514
39057,514
36609,514
837,514
4673,514
39698,514
25836,513
24740,513
47772,513
43569,513
42612,513
43522,513
36192,513
47992,513
2588,512
16622,512
19384,512
1208,512
30095,512
31392,512
26559,512
26901,512
46799,512
48154,512
6974,512
26897,512
39441,512
26396,511
45795,511
502,511
13661,511
4034,511
10468,511
20158,511
3858,511
7166,510
38569,510
37951,510
22062,510
1391,510
42248,510
16220,510
35342,510
11744,510
13765,510
31481,510
24707,510
45604,510
41779,510
6374,510
11988,509
29104,509
48524,509
43962,509
29454,509
13637,509
1429,509
2026,509
42943,509
9533,509
41486,508
5679,508
8717,508
40849,508
46271,508
40254,508
17672,508
38240,507
42976,507
16578,507
33029,507
24099,507
13417,507
46697,507
20736,507
47800,507
17209,507
13573,507
32256,506
6470,506
17931,506
1452,506
8695,506
29262,506
48162,506
40289,506
35988,506
7702,506
35537,506
41223,506
12859,505
9799,505
35209,505
21471,505
33399,505
32497,505
37528,505
34278,505
28134,504
14227,504
31188,504
14952,504
1782,504
40380,504
41063,504
39142,504
36793,504
36884,504
28823,503
25171,503
25542,503
33343,503
15258,503
12754,502
23191,502
32768,502
14781,502
6194,502
19268,502
12455,502
8781,502
16856,502
2772,502
23753,502
10365,501
17105,501
8567,501
10176,501
3970,501
49414,501
35193,501
38974,501
20930,501
10107,501
44714,500
45860,500
43715,500
19053,500
4514,500
37311,500
26444,500
22438,500
46352,500
42059,500
18346,499
46184,499
45671,499
43619,499
11374,499
17409,499
18713,499
1846,499
23038,499
35687,499
1241,499
25368,499
25811,499
49351,499
33326,499
49522,499
49555,499
5181,498
38905,498
29852,498
24339,498
12538,498
106,498
34735,498
1934,498
40674,498
9513,498
45346,497
6047,497
39796,497
14095,497
23368,497
29939,497
44731,497
48672,497
23592,497
3976,497
25522,497
25843,497
44853,497
10411,497
34502,497
6482,497
27939,497
222,497
17594,496
15374,496
20622,496
21500,496
4235,496
7189,496
1080,496
39415,496
27874,496
46235,496
1525,496
46202,496
25227,495
45769,495
29295,495
26633,495
42106,495
45580,495
10755,495
38464,495
3953,495
4175,495
42399,495
25530,495
37933,495
11168,495
42811,494
32153,494
10102,494
30204,494
41840,494
29449,494
31317,494
31222,494
4216,494
9176,493
2964,493
3967,493
7914,493
7050,493
1216,493
29893,493
41545,493
20944,493
25347,493
17397,493
2186,493
18202,493
45999,492
19763,492
9365,492
26638,492
10537,492
13716,492
14058,492
9621,492
13370,492
34887,492
34446,492
49558,492
10834,492
49224,492
47674,492
29763,492
16773,491
37418,491
32978,491
37543,491
40619,491
14659,491
28175,491
5938,491
5928,491
35135,491
19658,491
27960,490
28914,490
7474,490
13452,490
22419,490
26499,490
41005,490
12640,490
16245,490
23504,490
20973,490
20757,490
42938,489
4795,489
10358,489
18827,489
43171,489
16277,489
19078,489
19643,489
38090,489
42513,489
4985,489
2517,489
9639,488
35595,488
22790,488
32205,488
15776,488
9266,488
21331,488
32281,488
20589,488
42509,488
14001,488
37002,487
35051,487
21601,487
17699,487
37050,487
18489,487
31305,487
9853,487
28241,487
1476,487
8047,487
11471,486
40877,486
7773,486
21822,486
1905,486
32330,486
46060,486
27133,486
1633,486
32304,486
8123,486
44419,486
24957,486
8873,486
4940,485
27361,485
32771,485
18695,485
19565,485
12847,485
18980,485
32390,485
44929,485
48940,485
23926,485
15322,485
17330,484
27238,484
27000,484
15866,484
14320,484
35786,484
630,484
2225,484
26227,484
13998,484
11112,484
16883,484
40574,484
39971,484
1481,484
2622,483
11258,483
1661,483
8448,483
31802,483
17734,483
28703,483
37904,483
11000,483
36687,483
26349,483
24276,483
33200,483
7571,482
34586,482
30245,482
5131,482
44609,482
8030,482
41650,482
14804,482
24058,482
12191,482
1450,482
19659,482
30428,482
22724,482
49440,482
31821,481
39549,481
5171,481
44501,481
1713,481
37332,481
1139,481
47509,481
13732,480
25477,480
9372,480
35184,480
46453,480
41120,480
27435,480
46169,480
40047,480
38959,480
20708,480
27077,480
5485,479
44334,479
46875,479
26876,479
47216,479
46434,479
43018,479
6358,479
47435,479
5384,479
19759,479
13328,479
44734,479
17022,479
15904,479
15477,478
24787,478
26503,478
22286,478
6146,478
19161,478
36729,478
38601,478
16857,478
7294,478
43112,478
23067,478
2574,478
49474,477
37080,477
11568,477
36697,477
43037,477
13375,477
23177,477
19305,477
16393,477
38054,477
5939,477
43378,477
28578,477
14290,477
31354,477
4776,476
39431,476
47817,476
41831,476
19559,476
13540,476
42458,476
40557,476
35370,476
30235,475
13018,475
47392,475
47337,475
38875,475
961,475
9849,475
27963,475
14689,475
37912,475
24347,475
23016,475
20938,475
21909,475
37040,475
14141,475
24204,474
3321,474
30583,474
45968,474
37693,474
47926,474
45924,474
23769,474
30610,474
14449,474
2556,474
27370,473
42873,473
47805,473
14390,473
31770,473
32315,473
29199,473
11676,473
33480,473
932,473
10763,473
22353,473
18626,473
38167,472
39429,472
32622,472
10984,472
46355,472
2202,472
40589,472
25211,472
32017,472
49510,472
19809,472
44112,472
39470,472
39991,471
7009,471
14648,471
7255,471
5493,471
6438,471
24604,471
15453,470
35495,470
23140,470
29600,470
29840,470
19461,470
31350,470
36510,470
31096,470
36603,470
43534,470
30928,470
39924,470
28322,469
2971,469
2077,469
25802,469
47763,469
24959,469
16454,469
9866,469
4312,469
30817,469
25634,468
1536,468
11383,468
10637,468
9162,468
35982,468
19585,468
9471,468
13718,468
5467,468
14508,468
18157,468
21157,468
47168,467
45650,467
17469,467
42733,467
30808,467
19624,467
26909,467
12905,467
20640,467
7678,467
14958,467
34829,467
26006,466
32259,466
32240,466
30669,466
23826,466
45850,466
30752,466
24739,466
11348,466
12332,466
44801,465
16540,465
19162,465
42297,465
47370,465
28881,465
46479,465
20316,465
8079,465
10235,465
10291,465
44342,465
32502,464
33632,464
24281,464
35702,464
27973,464
758,464
39083,464
10970,464
47861,463
1005,463
9261,463
27751,463
36207,463
17322,463
22317,463
43571,463
12223,463
9836,463
22428,463
26910,463
12480,463
19638,463
42693,462
28412,462
33087,462
16209,462
28609,462
20772,462
28202,462
37531,462
24940,462
12987,462
17104,462
44848,462
7878,461
12362,461
31575,461
28916,461
4813,461
31173,461
20699,461
18691,461
47157,461
16305,461
34148,461
1871,461
5941,461
3151,460
3413,460
48717,460
48898,460
9252,460
8481,460
3420,460
6772,460
38644,460
4836,460
36725,460
37156,459
19600,459
46280,459
12792,459
11115,459
33613,459
12524,459
20976,459
34106,459
16409,459
23352,459
45896,459
15718,458
33863,458
26711,458
6793,458
37115,458
39702,458
23637,458
47345,458
39130,458
38290,458
41072,458
8163,458
11437,458
45865,457
44182,457
38755,457
34175,457
20929,457
37674,457
38384,457
30222,457
44837,457
21929,457
12719,457
16320,457
3345,457
2079,457
23995,456
42001,456
35403,456
42592,456
15160,456
25447,456
39391,456
39242,456
36294,456
29302,456
41559,456
29805,456
5642,456
33700,456
45885,456
35591,456
48407,455
29865,455
4047,455
42014,455
48097,455
1131,455
45134,455
38782,454
34850,454
3546,454
11987,454
36709,454
13145,454
21800,454
23270,454
25217,454
28741,454
27668,453
27697,453
25849,453
6636,453
10499,453
34909,453
27278,453
16876,453
48039,453
7468,453
31526,453
25223,453
13221,453
31382,453
12702,452
32511,452
33379,452
6870,452
194,452
37725,452
19296,452
446,452
43123,452
45856,451
4422,451
9631,451
14564,451
40426,451
33724,451
43830,451
35496,451
5375,451
26566,451
28730,451
29009,451
26454,451
47180,451
495,450
39706,450
17389,450
6366,450
9450,450
19128,450
14283,450
16031,450
30551,450
22571,450
14719,449
46845,449
127,449
22195,449
15479,449
44492,449
5436,448
24397,448
15758,448
42388,448
24673,448
10251,448
29259,448
27984,448
41921,448
15146,448
1115,448
20019,448
14567,448
15482,448
18542,448
43049,447
20851,447
20567,447
33515,447
20837,447
10676,447
39021,447
34394,447
41870,447
22582,447
39614,447
38704,447
5857,447
19933,446
1583,446
6036,446
7554,446
17181,446
33793,446
49327,446
30919,446
41958,446
33471,446
13609,446
26646,446
16875,446
8884,446
6801,446
6086,446
33385,446
3658,445
19730,445
16365,445
6835,445
30746,445
5791,445
8861,445
45211,445
25546,445
40787,445
49566,445
6318,445
46531,445
41026,445
23046,445
33748,445
21468,444
35907,444
9886,444
15343,444
19570,444
41624,444
43398,444
17742,444
49006,444
44855,443
42255,443
2915,443
42234,443
27250,443
17490,443
48665,443
39929,443
35546,442
46326,442
5955,442
8639,442
27872,442
11597,442
27620,442
32755,442
41551,442
21265,442
10350,442
13895,442
24993,442
26344,442
3229,442
37645,442
36206,442
10715,442
46680,441
3618,441
3826,441
8777,441
49387,441
12889,441
17825,441
19457,441
12467,441
5917,440
33529,440
16789,440
29217,440
32320,440
10691,440
46410,440
37982,440
35672,440
11169,440
38751,440
36115,440
38946,440
5760,439
19801,439
44404,439
8923,439
29642,439
27968,439
6385,439
7912,439
20878,438
46383,438
2073,438
41364,438
43942,438
33552,438
21024,438
32786,437
27770,437
15074,437
27726,437
4975,437
100,437
7049,437
35391,437
21408,436
24419,436
20246,436
521,436
23774,436
48041,436
39604,436
10080,436
20009,436
49439,436
29284,436
41606,436
4642,436
35350,436
30041,436
32238,436
39277,436
14850,436
48761,436
26023,435
21986,435
44457,435
1327,435
15457,435
26425,435
2144,435
44919,435
4363,435
39814,435
23070,435
49633,435
16725,435
41520,435
8247,435
35697,435
12192,435
28754,435
41434,435
18644,434
29374,434
8835,434
28574,434
28522,434
7130,434
14142,434
25154,434
32760,434
41171,434
41064,434
34146,434
42102,434
8348,434
49151,434
17781,434
7326,433
7443,433
25938,433
36829,433
22270,433
35144,433
38387,433
10529,433
24203,433
26187,433
22129,433
26350,433
12693,433
35310,433
30955,433
32980,432
7786,432
48339,432
29499,432
697,432
16428,432
41140,432
10574,432
14734,432
36545,432
35359,432
7043,431
34881,431
12089,431
44021,431
17130,431
33457,431
27576,431
29956,431
28692,431
40154,431
35369,431
41680,431
8016,431
10662,431
1553,430
27062,430
6384,430
5042,430
28725,430
46166,430
49243,430
8358,430
21116,430
14783,430
26959,430
30223,430
22974,429
10765,429
26157,429
23237,429
28568,429
4030,429
21622,429
32472,429
15536,429
40738,429
37973,429
766,429
44199,429
4649,429
15547,429
24685,428
30989,428
45554,428
43304,428
15459,428
27001,428
7205,428
5404,428
37486,428
49524,428
31792,428
4931,428
11412,428
8721,428
24213,428
30950,428
41468,428
23679,427
48235,427
12784,427
7239,427
445,427
22671,427
21650,427
22814,427
30265,427
25518,427
22040,426
2057,426
24937,426
4485,426
17326,426
25547,426
34851,426
27953,426
29931,426
40963,426
44254,426
42806,426
40767,426
44969,426
37121,426
23103,426
44238,425
44968,425
23532,425
26139,425
32249,425
41248,425
8128,425
36906,425
1902,424
10869,424
1387,424
29965,424
10342,424
41043,424
13471,424
37803,424
23709,424
2488,424
9170,424
29393,424
33151,423
14144,423
13805,423
4870,423
46901,423
41135,423
12950,423
21043,423
10423,423
11210,423
1228,423
1087,423
19702,423
16902,423
8848,423
11636,422
44439,422
30500,422
16066,422
4256,422
35911,422
29463,422
38448,422
19480,422
44331,422
11791,422
37518,422
726,422
28518,422
45639,421
35505,421
18985,421
7243,421
17505,421
30645,421
14034,420
39782,420
9322,420
15109,420
2847,420
25683,420
15716,420
46309,420
4335,420
44667,420
44047,420
48066,420
44352,420
14087,420
49083,419
4044,419
15085,419
5723,419
31384,419
11345,419
46270,419
4100,419
31647,419
8664,419
11110,419
40865,419
705,419
15801,419
32820,419
36707,419
9838,419
44031,418
27037,418
40180,418
29251,418
46308,418
19957,418
48025,418
39028,418
19794,418
9494,418
41004,418
37132,418
1694,418
1709,418
32254,418
47117,418
37094,418
39726,417
41125,417
7113,417
48075,417
7501,417
7121,417
13329,417
32192,417
39452,417
19782,417
49521,417
43374,417
24093,417
35079,416
17421,416
6481,416
26124,416
20211,416
7728,416
40068,416
9883,416
17033,416
3773,416
18433,416
15996,416
28390,416
2353,416
13945,416
36517,416
5858,416
12554,415
24629,415
30020,415
18839,415
2431,415
34026,415
31611,415
42210,415
33973,415
9972,415
37068,415
12138,415
13479,415
28676,415
19873,415
41116,414
17735,414
33318,414
6980,414
36759,414
15363,414
40633,414
23544,414
47919,414
13869,414
7688,414
47305,414
25591,414
46708,414
18681,413
16628,413
28921,413
19964,413
34685,413
14656,413
23535,413
10666,413
28720,413
26029,413
18673,413
8656,413
48723,413
4871,413
28466,413
32580,413
39685,412
18113,412
6410,412
31136,412
3693,412
27315,412
43978,412
27644,412
18971,412
30326,412
46026,412
8409,412
45647,412
33686,411
24447,411
39166,411
46828,411
40142,411
44988,411
42341,411
27242,411
27977,411
44595,411
33136,411
3541,411
6644,411
4214,411
47682,411
20076,411
40756,411
39092,410
48313,410
34966,410
12562,410
1233,410
40042,410
20703,410
40921,410
33701,410
19007,410
36345,409
21701,409
9694,409
35287,409
37241,409
9101,409
10867,409
22793,409
26319,409
34763,409
46700,409
4089,409
4130,409
617,409
24003,408
38342,408
1183,408
44766,408
31829,408
2559,408
39465,408
38471,408
28240,408
36561,408
41089,408
42296,408
2635,408
26062,408
32637,408
27204,408
37586,408
16575,408
26599,408
34256,408
40353,407
2897,407
31426,407
6344,407
13672,407
6023,407
11379,407
38390,407
9028,407
5065,407
29582,406
35826,406
45662,406
19538,406
24859,406
48765,406
25920,406
21833,406
31860,406
26079,406
42728,406
32237,406
27794,406
34489,405
17247,405
42580,405
12342,405
42208,405
25309,405
46307,405
7469,405
11417,405
25970,405
49265,405
8792,405
27848,405
1235,405
1519,405
18049,405
23377,405
1993,405
403,404
43799,404
49164,404
10990,404
5426,404
33587,404
19239,404
8352,404
47192,403
19546,403
38349,403
1723,403
6735,403
20361,403
24956,403
14542,403
3235,403
42871,403
48223,403
43769,403
42623,402
4056,402
17572,402
29879,402
22236,402
8725,402
10307,402
23170,402
10306,402
39834,402
640,402
39203,402
17640,402
22422,402
14148,402
25095,402
22929,402
22957,402
27191,402
27440,402
35208,402
15802,402
47061,402
15248,402
19002,401
38892,401
26113,401
18699,401
1399,401
11072,401
15078,401
17584,401
25025,401
43251,401
47512,401
16561,401
24291,401
38793,400
29658,400
39137,400
25806,400
1612,400
38885,400
40586,400
28550,400
47596,400
16676,400
28443,400
2368,400
6197,400
34305,400
37995,400
16219,400
4314,399
39285,399
4749,399
11800,399
45103,399
40681,399
44706,399
6381,399
11091,399
41623,399
35361,399
16619,399
38160,398
35077,398
34494,398
21291,398
37959,398
31183,398
4098,398
48657,398
18142,398
2005,398
35142,398
45135,398
12340,398
47086,398
35372,398
12237,398
16754,397
23777,397
3959,397
9663,397
22463,397
14408,397
15162,397
32106,397
45873,397
48888,397
23693,397
30702,397
18643,396
46813,396
41671,396
32069,396
47368,396
36598,396
46435,396
43804,396
41959,396
21646,396
7838,396
37400,396
32534,396
17093,396
6073,396
7561,396
32810,396
29182,396
4818,396
47249,395
31074,395
24123,395
378,395
24386,395
15478,395
6422,395
40313,395
33521,395
39988,395
775,395
21301,395
38279,394
26100,394
32316,394
24482,394
13797,394
3520,394
33225,394
28214,394
13721,394
41963,394
30319,394
25242,394
49463,394
28798,394
15178,393
43258,393
39174,393
43950,393
35943,393
42123,393
33387,393
15396,393
48875,393
34523,393
22581,393
6844,393
38470,393
16505,393
42406,393
300,393
37590,392
43415,392
48890,392
18221,392
10933,392
3663,392
36159,392
5183,392
37442,392
10331,392
17311,392
42169,392
23147,392
44604,392
8320,392
1427,392
45464,392
9383,392
6359,392
35900,392
15050,392
21997,391
43517,391
937,391
41083,391
9964,391
44,391
41803,391
256,391
26569,391
22071,391
1658,391
34473,391
19146,391
11870,391
37063,391
5328,390
36808,390
8572,390
17745,390
35899,390
8329,390
18986,390
35038,390
43860,390
14097,390
36839,390
22672,390
30824,389
34625,389
25695,389
1106,389
38271,389
34615,389
32272,389
25642,389
44391,389
13363,389
7084,389
11519,389
4833,389
12035,389
42664,388
388,388
21206,388
15150,388
28110,388
115,388
1461,388
38824,388
40794,388
22211,388
41289,388
42969,388
2012,388
2929,388
3894,387
853,387
25760,387
45254,387
10360,387
11824,387
10885,387
19620,387
7069,387
29980,387
30831,387
31150,387
7103,387
5333,387
9420,387
47503,387
37675,386
38207,386
20385,386
29007,386
40672,386
28941,386
16893,386
17829,386
4264,386
669,386
36780,386
39218,386
47498,386
21962,386
8151,386
2382,386
38967,386
16135,386
17040,386
27115,386
33592,386
41249,386
21252,386
25579,385
2110,385
28987,385
21323,385
29450,385
25204,385
1366,385
17007,385
16566,385
42813,385
6593,385
13346,385
28517,385
37001,385
30778,385
13277,385
36881,385
11226,385
18956,384
7315,384
1449,384
32799,384
7123,384
45875,384
9544,384
48870,384
18949,384
35902,384
25877,384
18443,384
39803,384
30946,384
26495,384
6281,384
27096,384
16913,384
26038,383
43697,383
6652,383
21133,383
2712,383
21813,383
21661,383
45413,383
16282,382
6822,382
27402,382
38415,382
31113,382
17981,382
16143,382
43724,382
8367,382
26924,382
16072,382
21575,382
35616,382
27865,382
24582,382
39680,382
3776,381
41293,381
2839,381
34112,381
32550,381
48555,381
48026,381
31706,381
33637,381
1373,381
15792,381
20153,381
16642,381
35317,381
35743,381
35451,381
17418,380
4341,380
32714,380
19231,380
8205,380
38180,380
32545,380
20964,380
9781,380
25341,380
32441,380
13955,380
29409,380
20888,380
43990,380
30387,380
25876,379
45492,379
18790,379
28106,379
27030,379
26293,379
12864,379
41003,379
28781,379
6679,379
45575,379
13828,379
33504,379
22569,379
10240,378
47222,378
14337,378
25152,378
46908,378
32396,378
35173,378
30137,378
33460,378
1823,378
12459,378
44076,378
15709,378
6646,378
49668,378
37938,378
49678,377
39352,377
36519,377
22600,377
7376,377
26872,377
18561,377
20469,377
28158,377
45765,377
9238,377
24407,377
6119,377
22716,377
22526,377
11750,377
40415,377
46639,377
23631,377
211,377
19562,377
14895,377
2692,376
22204,376
34594,376
20489,376
16948,376
17541,376
42620,376
6848,376
34717,376
17221,376
29635,376
48206,376
28238,376
5517,375
24159,375
4897,375
41192,375
36463,375
15557,375
29659,375
23416,375
38993,375
35161,375
13542,375
33464,375
44213,375
42565,375
21445,375
36002,375
40530,375
8216,375
3289,374
2729,374
14742,374
32288,374
17434,374
24249,374
25370,374
15025,374
21754,374
25425,374
36101,374
25393,374
1219,374
20980,373
13921,373
45483,373
13107,373
37086,373
35696,373
15410,373
44640,373
3260,373
7354,373
45787,373
17427,373
7908,373
15263,372
18638,372
15425,372
29527,372
10859,372
2192,372
19393,372
20115,372
32108,372
3638,372
26390,372
21477,372
26322,372
45630,372
29674,372
11631,371
19165,371
40778,371
5648,371
6994,371
4005,371
7734,371
20649,371
30277,371
44788,371
34456,371
44590,371
5588,370
41500,370
47595,370
29767,370
17824,370
15286,370
12129,370
25405,370
16665,370
35257,370
9885,370
32124,370
44189,370
10675,370
34165,370
28438,370
20324,369
34703,369
32160,369
40472,369
11535,369
43351,369
45375,369
9473,369
32255,369
45192,369
28555,369
19935,369
5164,369
6506,368
45100,368
20779,368
26031,368
22655,368
4471,368
23037,368
3290,368
18385,368
3584,368
28244,368
33045,368
19283,367
12666,367
23817,367
40177,367
10439,367
28797,367
45316,367
32946,367
22090,367
46660,367
4726,367
26575,366
14191,366
30151,366
47187,366
26651,366
26251,366
15016,366
36500,366
4321,366
25878,366
6494,366
969,366
24476,366
14511,366
33986,366
22417,366
42678,366
37266,365
5693,365
13012,365
16096,365
14671,365
25901,365
14134,365
12621,365
42777,365
1581,365
33966,365
24906,365
45427,365
3712,365
34080,365
25503,365
9470,365
32597,364
28311,364
16339,364
15765,364
13079,364
15416,364
18537,364
11614,364
3305,364
39481,364
5477,364
47283,364
28234,364
2675,364
29821,364
32329,364
5803,364
29681,363
35640,363
18426,363
40196,363
10517,363
48398,363
39559,363
42231,363
37084,363
8175,363
22923,363
18148,363
29732,363
36023,363
31116,363
4683,363
33690,363
15752,363
33557,362
18718,362
21361,362
38547,362
35970,362
19251,362
44504,362
30996,362
18653,362
7456,362
26805,362
552,362
45195,362
7807,362
6212,362
9431,362
22358,362
17929,362
34975,361
10455,361
33117,361
21756,361
43629,361
22489,361
7968,361
48356,361
14492,361
39215,361
43965,361
17974,361
16152,361
4659,361
11662,361
35917,361
5100,361
31966,361
2179,361
14334,361
18410,361
13435,360
3362,360
40549,360
3916,360
2265,360
23672,360
6833,360
23142,360
15673,360
35742,360
42026,359
31502,359
40614,359
32078,359
3796,359
12575,359
6515,359
20142,359
25782,359
43094,359
37749,359
11977,359
21332,359
16341,359
20883,359
2543,359
36268,359
8357,359
34111,359
23369,359
27551,359
18632,359
13391,359
9189,358
34045,358
4443,358
23194,358
35803,358
4497,358
12008,358
4574,358
5962,358
14913,358
5165,358
14057,358
10585,358
9359,358
37927,358
44669,358
42230,358
47843,358
11277,358
28582,358
36118,357
15913,357
38310,357
6074,357
3519,357
43641,357
31692,357
37835,357
21634,357
4476,357
16309,357
3016,357
30885,357
3221,357
1998,357
12626,357
35915,357
43355,357
22322,357
8425,357
17670,357
2432,357
633,357
7522,357
44780,357
16207,356
3458,356
48939,356
35150,356
41455,356
24531,356
16637,356
42153,356
14204,356
25487,356
25048,355
30567,355
9208,355
46364,355
19987,355
9104,355
42804,355
34550,355
24730,355
4304,355
28494,355
26754,355
33565,355
9593,355
11669,355
7663,355
39066,355
9245,354
36321,354
26493,354
31337,354
37265,354
41129,354
45217,354
24727,354
15287,354
17115,354
16803,354
15991,354
16148,354
24747,353
18719,353
49169,353
27890,353
215,353
16813,353
37465,353
33559,353
45886,353
13675,353
443,353
8789,353
19665,353
10782,353
36600,353
28547,353
22683,353
27627,353
24307,353
21261,353
20838,353
28331,353
16417,352
25247,352
24026,352
23217,352
24369,352
1909,352
13502,352
35765,352
30427,352
2566,352
33251,352
28493,352
19615,352
32730,352
49353,352
25088,352
13372,352
15526,352
26294,352
16268,352
24780,351
45089,351
7748,351
12910,351
39737,351
32110,351
20721,351
30325,351
2462,351
38966,351
18917,351
42658,351
41755,351
6555,350
17604,350
30549,350
34871,350
20705,350
32846,350
13291,350
11203,350
6089,350
19061,350
44123,350
39859,350
19705,350
42416,350
14740,350
9163,350
24012,350
18119,350
31769,350
28912,350
21314,350
33018,350
9474,350
28252,350
28296,350
31987,349
48031,349
44377,349
31694,349
25746,349
19885,349
18543,349
7747,349
31951,349
36372,349
31141,349
26343,349
45150,349
11307,349
33237,348
21782,348
1614,348
41863,348
28594,348
40022,348
28757,348
15348,348
39981,348
36790,348
33395,348
15241,348
38573,348
37818,348
26765,347
7886,347
29526,347
10944,347
44712,347
23710,347
45322,347
21027,347
32619,347
33792,347
42052,347
35926,347
48284,347
32448,347
5110,347
37592,347
17923,347
44091,347
37765,347
12004,346
17096,346
45693,346
7970,346
35183,346
34524,346
17177,346
27671,346
30430,346
39653,346
5023,346
30763,346
24101,346
43881,346
25601,346
36672,346
15790,346
17715,346
21525,346
34873,346
3737,346
32639,346
5516,345
16535,345
20898,345
4896,345
15660,345
47612,345
33315,345
48744,345
24002,345
12380,344
36476,344
23931,344
20676,344
39116,344
19167,344
3075,344
8802,344
9182,344
26916,344
21689,344
4660,344
36680,344
10612,344
5157,344
36702,344
23087,344
34379,344
39245,344
37711,344
36422,343
7733,343
45313,343
21806,343
16507,343
33978,343
40605,343
32819,343
15544,343
47551,343
18026,343
23612,343
48841,343
42534,343
12622,342
41692,342
43513,342
32641,342
7552,342
47854,342
493,342
41373,342
17580,342
33466,342
3527,342
34816,342
20274,342
41168,342
48320,342
8865,342
39404,342
41746,342
40864,342
46565,342
35830,341
19845,341
42865,341
11063,341
47569,341
15782,341
880,341
17201,341
26028,341
27913,341
13242,341
41222,341
3384,340
27027,340
47559,340
47916,340
5947,340
795,340
41783,340
39378,340
15703,340
47310,340
49239,340
1719,340
10208,340
46587,340
6829,340
7953,340
10779,340
28498,340
2327,340
15179,340
35971,340
17272,340
37997,340
18381,339
5038,339
46778,339
30339,339
33273,339
6217,339
2516,339
28147,339
2493,339
46510,339
5374,339
9948,339
27684,339
32813,339
10022,339
33230,339
33497,339
16564,339
12127,339
36549,338
15107,338
38447,338
18010,338
8908,338
22744,338
24297,338
37838,338
11259,338
1368,338
39962,338
21707,338
40004,338
10346,337
10215,337
12565,337
43413,337
17159,337
34841,337
2823,337
15697,337
35963,337
34650,337
24199,337
16125,337
2592,337
6459,337
16425,336
21313,336
44072,336
2961,336
1140,336
17331,336
9217,336
17918,336
36434,336
9055,336
2040,336
7405,336
34205,336
40676,336
14124,336
15829,336
19176,336
28012,336
354,335
19835,335
15563,335
35906,335
47136,335
23799,335
42135,335
1437,335
45920,335
4290,335
15467,335
22186,335
31748,335
17275,335
9953,335
3118,334
44611,334
14835,334
12616,334
2568,334
38190,334
39837,334
26,334
536,334
45019,334
39127,334
34312,334
29978,334
23560,334
19878,334
7042,333
13159,333
39350,333
41649,333
36681,333
41889,333
25265,333
36802,333
47,333
46949,333
45994,333
38286,333
37289,333
38476,333
25187,333
44096,333
20810,332
4736,332
24695,332
30754,332
39479,332
28052,332
44616,332
4734,332
30464,332
41569,332
25055,332
18309,332
3560,332
3405,332
13649,331
15566,331
5275,331
42320,331
47787,331
18461,331
1576,331
40606,331
46123,331
4664,331
33947,331
4821,331
46134,331
49226,331
4020,331
18867,331
18152,331
8808,331
48681,331
5312,331
40352,331
27143,331
13751,331
48548,331
37164,331
25126,331
7738,331
47950,331
43065,331
19189,330
17302,330
6724,330
32653,330
31148,330
9314,330
37742,330
30337,330
39281,330
37371,330
9580,330
25000,330
27502,330
22666,330
40931,330
19041,330
39600,330
14639,330
21991,330
21066,330
6533,330
26826,330
36323,330
17083,330
24575,329
35560,329
15442,329
30787,329
41679,329
14154,329
40722,329
40458,329
3344,329
41883,329
4,329
40091,329
29648,329
17771,329
17983,329
14688,329
6518,329
47589,329
19102,329
19228,329
19429,329
28004,329
11859,329
20634,329
37490,329
36601,329
25720,329
34144,328
49249,328
49534,328
33606,328
21176,328
44710,328
14771,328
22249,328
1138,328
21095,328
37506,328
18451,328
26254,328
32636,328
9909,328
16127,328
10848,328
44538,328
33337,328
33380,328
17435,328
15383,328
44966,328
31139,328
49598,328
3704,328
21241,328
8718,327
3071,327
15328,327
35126,327
46105,327
8799,327
10650,327
11454,327
27330,327
10983,327
44594,327
40596,327
40538,327
26084,327
925,327
18634,327
6442,327
41837,327
20740,327
4798,327
35993,327
2338,326
42646,326
47491,326
37286,326
1426,326
26397,326
17833,326
41348,326
48038,326
7896,326
20404,326
8451,326
47023,326
15235,326
41984,326
2509,326
16202,326
12805,326
1214,326
11034,325
45753,325
15835,325
21128,325
49397,325
15539,325
37204,325
35788,325
23829,325
2632,325
13092,325
19437,325
46636,325
10300,325
21635,325
43083,325
11230,325
34094,325
33593,325
7280,325
27289,325
11008,325
557,324
4477,324
7217,324
22058,324
44497,324
41785,324
401,324
38365,324
25727,324
25637,324
26660,324
17460,324
33059,324
45232,324
16847,324
34259,324
33313,324
9321,324
32964,323
19605,323
45620,323
20636,323
46065,323
6457,323
46946,323
23059,323
33757,323
36818,323
22999,323
44406,323
16192,323
12331,323
8237,323
24400,323
46287,323
40873,323
30593,323
34981,323
34479,323
38259,323
12070,323
1287,322
28688,322
14696,322
7872,322
17261,322
10897,322
8558,322
12299,322
18894,322
38657,322
2587,322
47379,322
32112,322
29592,322
16159,322
45801,322
30316,322
28472,322
35085,322
3085,322
11314,322
31425,322
10442,321
43750,321
14903,321
3694,321
35315,321
44166,321
15516,321
38526,321
34389,321
36340,321
26528,321
15869,321
6227,321
1728,321
5734,321
20137,321
2775,320
21390,320
6334,320
6396,320
7826,320
3375,320
25758,320
3124,320
11149,320
1188,320
26735,320
45318,320
4681,320
23293,320
15626,320
24664,320
15698,320
10401,320
16645,320
48197,320
34453,319
28900,319
11487,319
26472,319
10110,319
42387,319
22268,319
21894,319
43974,319
14669,319
18767,319
13936,319
46486,319
3887,319
26134,319
16082,319
19970,319
7705,319
37468,319
41613,319
38093,319
46256,319
15000,318
39735,318
30230,318
40734,318
36594,318
7926,318
26873,318
11686,318
17167,318
15406,318
25747,318
28687,318
14986,318
11720,318
49385,318
41510,318
5845,318
5306,318
27767,318
13899,318
40479,318
28626,318
20413,318
744,317
7761,317
39298,317
28148,317
28425,317
10133,317
6007,317
16465,317
15975,317
21015,317
29905,317
322,317
43902,317
8484,317
37929,317
40252,317
12246,317
45525,316
33325,316
18514,316
41110,316
16871,316
28419,316
34304,316
18539,316
14490,316
33044,316
20078,316
17726,316
12080,316
4546,316
4442,316
19539,316
29082,316
2106,316
33898,316
10713,316
49587,316
33240,316
17890,316
39432,316
29198,316
22690,316
29380,316
13977,316
1868,316
49567,316
967,315
18595,315
39708,315
29970,315
30796,315
36290,315
29731,315
16553,315
13250,315
10669,315
37565,315
27024,315
17757,315
9499,315
48263,315
29141,315
45685,315
14409,315
12493,315
18834,315
41035,315
25280,315
23962,315
38102,315
21184,315
3675,315
48480,314
30328,314
47978,314
20057,314
24368,314
22613,314
31793,314
42202,314
45884,314
10646,314
358,314
32460,314
34631,314
3744,314
32404,314
42263,314
6258,314
7225,314
48130,314
14922,314
35134,314
2544,314
14877,314
16170,314
9416,314
35127,314
823,314
24716,314
44931,314
24442,314
13193,313
48095,313
33402,313
1870,313
32739,313
43987,313
8693,313
27910,313
1322,313
17003,313
13767,313
31572,313
46006,313
44579,313
3665,313
25638,313
35224,313
36129,313
7343,313
18067,313
18871,313
11766,313
14306,313
47385,313
36838,313
43622,313
12557,313
2376,313
5899,313
23075,313
44288,313
19803,313
23229,313
2905,312
15570,312
26122,312
1266,312
13707,312
19138,312
8838,312
12026,312
37477,312
34894,312
44126,312
6121,312
11699,312
31991,312
1924,312
40670,312
26635,312
12325,312
25627,312
20909,312
28255,311
46011,311
38840,311
2278,311
41956,311
46958,311
10752,311
22961,311
24487,311
10031,311
36157,311
12834,311
40788,311
43519,311
9647,311
23043,311
36142,311
10116,311
19741,311
33945,311
27647,311
26919,311
42073,311
35,311
44532,311
21091,311
33513,311
25509,311
29830,310
35985,310
15276,310
4579,310
1028,310
5655,310
5198,310
15405,310
37322,310
9107,310
40934,310
43435,310
45118,310
17783,310
12432,310
27227,310
48881,310
24034,310
27244,310
15132,310
18164,310
8620,310
3006,310
23215,310
13241,310
1242,310
1897,310
49320,310
25999,309
33668,309
32607,309
43500,309
38355,309
13631,309
47412,309
16293,309
49417,309
17951,309
33624,309
39927,309
9454,309
1648,309
33274,309
49429,309
43335,309
43259,309
12516,309
24218,309
8747,309
16659,309
14577,309
2482,309
23864,309
22646,309
41811,309
32407,309
28250,308
137,308
33025,308
26870,308
28399,308
39423,308
28349,308
41332,308
36616,308
37046,308
12920,308
28433,308
7286,308
45126,308
36796,307
32041,307
20809,307
6892,307
13597,307
31818,307
40186,307
21557,307
47318,307
46239,307
19963,307
3898,307
29586,307
19701,307
3166,307
20148,307
27930,307
7383,307
46303,307
32539,307
30226,307
22675,307
27331,307
11794,307
23804,307
1120,307
2943,307
49110,307
40462,307
2029,307
30304,307
24544,307
17861,307
44847,306
9840,306
25050,306
7347,306
15602,306
15498,306
22114,306
23252,306
13621,306
29736,306
27028,306
30091,306
29263,306
28325,306
9582,306
3573,306
7165,306
2922,306
30237,306
2473,305
41896,305
26857,305
14298,305
6970,305
28303,305
33027,305
8694,305
8281,305
21187,305
46935,305
47018,305
24789,305
43560,305
47599,305
26968,305
3176,305
10078,305
46104,305
38925,305
48090,305
32902,305
29287,305
25904,305
7660,305
31747,305
40339,305
15227,304
19748,304
32658,304
25191,304
18637,304
47260,304
39139,304
16927,304
7589,304
33657,304
38583,304
38941,304
46609,304
903,304
48375,304
44367,304
30607,304
9401,304
35246,304
18196,304
48164,304
33910,304
26273,303
15551,303
32374,303
31217,303
23722,303
44752,303
17319,303
9574,303
43319,303
46052,303
33875,303
21304,303
15653,303
46528,303
41915,303
30154,303
38087,303
22289,303
8368,303
17286,303
20628,303
10573,303
21203,302
7408,302
25587,302
23228,302
39251,302
23414,302
40281,302
5089,302
44545,302
34360,302
29912,302
42669,302
20764,302
2589,301
36775,301
14325,301
27098,301
35113,301
4634,301
8322,301
4981,301
43717,301
25110,301
11325,301
41461,301
2953,301
6324,301
31279,301
3491,301
21784,301
34573,301
13462,301
18304,301
28738,301
24043,301
29869,300
26375,300
37074,300
39667,300
5812,300
11390,300
21435,300
27374,300
35429,300
34934,300
15880,300
4146,300
21655,300
35795,300
5242,300
16610,300
32921,300
36012,300
3486,300
29453,300
10011,300
32744,300
36267,300
30220,300
48931,300
6616,300
43490,300
5158,299
10781,299
35341,299
38000,299
20935,299
20868,299
7993,299
33718,299
20305,299
17216,299
2533,299
26135,299
32167,299
11304,299
23545,299
42122,299
25344,299
2051,299
33215,299
49647,299
8140,299
17606,299
40847,298
2088,298
34247,298
8872,298
3057,298
46590,298
5793,298
38074,298
18211,298
36198,298
33127,298
13023,298
49499,298
25101,298
8733,298
29564,298
24553,298
32225,298
77,298
36794,298
28892,298
36056,298
1132,298
34610,298
24616,297
15460,297
24139,297
22469,297
1950,297
38655,297
6493,297
14941,297
28076,297
39774,297
38135,297
30536,297
9759,297
42827,297
33354,297
3914,297
3334,297
2747,297
4647,297
1121,297
7597,297
38139,297
40292,297
41845,297
7828,297
42789,297
28814,296
288,296
20796,296
18529,296
31510,296
44792,296
9859,296
2439,296
16620,296
38381,296
48409,296
7387,296
32904,296
20364,296
27070,296
10273,296
43756,296
21286,296
26925,296
23451,295
7186,295
12358,295
30334,295
36446,295
40364,295
43424,295
17663,295
27400,295
29051,295
6057,295
20226,295
32226,295
10776,295
42563,295
2934,295
18404,295
40421,295
42686,295
6507,295
49120,295
45283,295
2878,295
19343,295
37284,294
19932,294
138,294
36765,294
12992,294
4085,294
32352,294
16558,294
36526,294
2564,294
21698,294
29484,294
36285,294
32439,294
38016,294
3092,294
25314,294
7251,294
26836,294
8915,294
9462,294
6549,294
41124,294
48967,294
24981,294
9351,294
44887,293
7134,293
15271,293
23748,293
3115,293
44561,293
28321,293
2935,293
7114,293
24555,293
38852,293
44041,293
16169,293
11843,293
40616,293
2633,293
1172,293
28666,293
32520,293
44227,293
15327,293
12154,293
34953,293
25437,293
42867,293
16218,293
999,293
14613,293
28232,292
14623,292
47643,292
46776,292
2332,292
42732,292
39185,292
47457,292
36064,292
9537,292
1841,292
16501,292
18751,292
43040,292
9034,292
42814,292
28646,292
17335,292
4601,292
38475,292
40559,292
48129,292
35903,292
6342,292
39663,292
7645,291
9079,291
24391,291
14959,291
44395,291
35165,291
2541,291
44000,291
5622,291
48739,291
17863,291
25981,291
29268,291
43080,291
4967,291
20166,291
26360,291
45124,291
17511,291
16625,291
26661,291
26739,291
3888,291
27921,290
37848,290
25898,290
38856,290
5910,290
8896,290
47376,290
26831,290
16459,290
43845,290
7222,290
43913,290
29502,290
6310,290
23440,290
43045,290
27938,290
30459,290
36480,290
14073,290
9941,290
36399,290
43980,290
41339,290
40178,290
35738,290
38495,290
37656,290
31164,290
24903,290
42940,290
42724,289
33698,289
4161,289
46003,289
37291,289
31517,289
5392,289
31454,289
17605,289
30680,289
40025,289
18893,289
23049,289
48426,289
49099,289
512,289
1930,289
30742,289
9806,289
49637,289
47123,289
16548,288
2263,288
17953,288
8007,288
31326,288
28762,288
24864,288
37376,288
17339,288
4339,288
20769,288
47475,288
377,288
37307,288
13477,288
45717,288
3645,288
16029,288
48158,288
27405,288
15685,288
24514,288
12822,288
48737,288
20555,288
4268,288
47252,288
12100,288
7477,287
34756,287
15623,287
9371,287
22064,287
22740,287
50,287
24438,287
29191,287
20396,287
39115,287
14803,287
33236,287
47903,287
33776,287
14499,287
15129,287
11159,287
32852,287
935,287
181,287
8762,286
27582,286
2320,286
22864,286
47944,286
15992,286
42243,286
33378,286
7556,286
16445,286
14620,286
15131,286
41719,286
41023,286
47519,286
16885,286
11460,286
30194,286
12772,286
42948,286
38294,286
38641,286
23076,286
34079,286
48565,285
17738,285
28573,285
8121,285
38147,285
39599,285
11645,285
16434,285
40271,285
15943,285
43611,285
27710,285
20433,285
39353,285
6779,285
26664,285
46282,285
40919,285
30974,285
6887,285
20827,285
32300,285
33729,284
14069,284
2170,284
33248,284
46631,284
23241,284
6934,284
43703,284
33752,284
30627,284
33780,284
46569,284
25367,284
1434,284
40550,284
32394,284
3093,284
18842,284
1032,284
9465,284
37817,284
42812,284
41949,284
9121,284
5697,284
28610,284
17016,284
31218,284
41678,283
7780,283
6998,283
31235,283
32572,283
15713,283
4988,283
7667,283
34289,283
38831,283
29406,283
20597,283
29942,283
18229,283
27328,283
15064,283
18648,283
17029,282
48868,282
47996,282
24248,282
5957,282
23862,282
4452,282
46462,282
30557,282
27116,282
18798,282
27023,282
46218,282
1726,282
19256,282
14130,282
14259,282
1004,282
21586,282
13668,281
20163,281
6107,281
2178,281
17235,281
20419,281
46618,281
1919,281
3918,281
9976,281
37144,281
22175,281
32563,281
39936,281
21465,281
926,281
33621,281
32480,281
5875,281
21667,281
23008,280
20528,280
21715,280
30682,280
17225,280
44955,280
17821,280
46594,280
10252,280
23485,280
36978,280
11306,280
32466,280
7331,280
13337,280
20890,280
35918,280
24795,280
38773,280
5160,280
40080,279
5035,279
36284,279
17417,279
30978,279
47194,279
25808,279
41355,279
45239,279
13893,279
13815,279
31043,279
32826,279
48750,279
20395,279
18358,279
12951,279
30060,279
7542,279
35695,279
12542,279
43230,279
48203,279
11934,279
14453,279
5856,279
5241,279
38203,278
13968,278
5082,278
36301,278
40017,278
15794,278
12082,278
26780,278
6778,278
3332,278
334,278
3605,278
38636,278
40645,278
43552,278
3374,278
42127,278
16593,278
14136,278
49071,278
43687,278
13265,278
33495,278
8041,278
45335,278
37626,278
42350,277
3,277
19671,277
22470,277
15075,277
23161,277
10914,277
36403,277
11849,277
3655,277
31380,277
46669,277
27283,277
24338,277
17258,277
43314,277
4972,277
19294,277
42162,277
19282,277
47482,277
45700,277
18580,277
5695,276
45673,276
8296,276
6884,276
17424,276
45800,276
18978,276
19484,276
22833,276
46923,276
22285,276
13504,276
31406,276
2242,276
29138,276
15861,276
44741,276
20601,276
17403,276
43027,276
49638,276
20297,276
28643,276
32748,276
10087,276
39876,276
21375,276
27760,276
33985,276
13488,276
30363,276
34604,275
11644,275
33813,275
1808,275
32827,275
36847,275
46877,275
4872,275
48640,275
15885,275
28014,275
26589,275
38960,275
21662,275
37234,275
44834,275
27353,275
12109,275
2691,275
39199,275
16798,275
42032,275
3603,275
14303,275
28377,275
8847,275
14357,275
19065,275
43474,275
33116,275
21298,275
6777,275
9267,275
1319,275
49102,275
28566,274
28411,274
4808,274
522,274
29750,274
17583,274
9535,274
3396,274
15297,274
16469,274
22599,274
4054,274
28357,274
2510,274
6025,274
23432,274
17710,274
23263,274
1065,274
777,274
33362,274
5459,274
44841,274
28874,274
34070,274
35724,274
47969,274
3146,273
15003,273
38760,273
10916,273
25190,273
29900,273
34182,273
15674,273
15761,273
129,273
40648,273
21908,273
30548,273
27567,273
8351,273
3806,273
40319,273
47083,273
26193,273
10436,273
40366,273
38940,273
41745,273
48296,272
18879,272
48347,272
28191,272
39270,272
32952,272
42398,272
38100,272
38072,272
20213,272
7332,272
6263,272
20424,272
17500,272
32644,272
34195,272
16918,272
2806,272
34457,272
16495,272
36934,272
13854,272
24671,272
40631,272
1674,272
46539,272
8607,272
30923,272
31114,272
25081,272
25059,272
8927,272
782,271
10148,271
20865,271
30534,271
15125,271
25884,271
26174,271
46670,271
11507,271
28154,271
37167,271
47290,271
45624,271
33199,271
49332,271
5987,271
42129,271
17987,271
25032,271
10309,271
37832,271
12143,271
39009,271
27748,271
29748,271
9952,271
46332,271
43508,271
31942,270
20844,270
32380,270
3991,270
2785,270
19902,270
44032,270
39602,270
39539,270
36291,270
24881,270
9382,270
33665,270
8311,270
44895,270
19784,270
5680,270
1118,270
48238,270
42737,270
7301,270
47613,270
5747,270
18902,269
39369,269
16015,269
16939,269
43056,269
5350,269
4192,269
36194,269
32422,269
25974,269
37527,269
36114,269
36234,269
44684,269
47427,269
12959,269
14358,269
14140,269
45562,269
31823,269
42394,269
187,269
31712,269
25679,269
43160,269
34064,269
44019,269
13879,269
43861,269
16328,269
10077,269
31642,268
4482,268
29125,268
27694,268
48018,268
32086,268
48390,268
23621,268
46725,268
15176,268
25741,268
39664,268
4538,268
21852,268
24669,268
14844,268
43510,268
34122,268
29419,268
45863,268
19709,268
27458,268
35227,268
18022,268
6982,268
13284,267
38576,267
5420,267
4739,267
7095,267
41809,267
13521,267
14235,267
35823,267
22431,267
199,267
7639,267
19260,267
5285,267
30573,267
31741,267
25525,267
49037,267
4132,267
20400,267
33434,266
456,266
35578,266
18627,266
20960,266
45571,266
15973,266
18778,266
22808,266
34154,266
14529,266
22292,266
4924,266
26917,266
4011,266
16933,266
45053,266
22971,266
48119,266
18999,266
24011,266
12251,266
43691,266
31952,266
4928,266
15452,266
21142,265
28060,265
1822,265
4042,265
20437,265
4524,265
20090,265
33786,265
43822,265
3161,265
3730,265
36523,265
46597,265
16235,265
747,265
49126,265
37763,265
47017,265
6592,265
12589,265
33138,264
13719,264
1958,264
31567,264
47852,264
18895,264
24109,264
16644,264
39149,264
11853,264
36456,264
40399,264
40034,264
33392,264
1522,264
34405,264
3518,264
38407,264
29928,264
26142,264
11074,264
32102,264
6492,264
24420,264
27209,264
30315,263
4645,263
19054,263
3738,263
11555,263
13008,263
5951,263
38125,263
18348,263
25136,263
1022,263
959,263
21347,263
11096,263
27267,263
30229,263
15318,263
33728,263
41445,263
27113,263
7508,263
17477,263
17438,263
25743,263
31124,263
43044,263
16712,263
32775,263
22967,263
43158,263
1159,263
36278,263
5855,263
30643,263
11905,263
12870,263
42112,263
30535,263
41475,263
7675,262
40356,262
44418,262
45913,262
40168,262
7528,262
42344,262
26060,262
28360,262
44672,262
18850,262
15411,262
36112,262
5313,262
38936,262
14657,262
48916,262
6858,262
33295,262
351,262
29036,262
36833,262
16446,262
33949,262
8071,262
9015,262
45295,262
12057,262
41079,261
1751,261
21454,261
26898,261
47955,261
40008,261
27868,261
15979,261
17997,261
37176,261
12322,261
37274,261
3045,261
49475,261
40671,261
33433,261
5624,261
27569,261
46024,261
11495,261
5124,261
18801,261
34161,261
8699,261
35825,261
21524,261
30877,261
35676,260
46274,260
14117,260
24765,260
15692,260
29166,260
47564,260
13759,260
15264,260
6228,260
42515,260
48132,260
35534,260
11763,260
28218,259
43609,259
11029,259
8386,259
2115,259
37557,259
18245,259
659,259
30517,259
43774,259
48526,259
37647,259
33123,259
34568,259
22528,259
40032,259
42974,259
44950,259
45548,259
35030,259
19742,259
3672,259
15186,259
25763,259
37347,259
24527,259
40219,258
28902,258
31267,258
47645,258
6705,258
5095,258
47301,258
40451,258
15211,258
7891,258
41789,258
29697,258
11540,258
12128,258
20900,258
25331,258
42644,258
26904,258
3601,258
18516,258
17295,258
8851,258
20147,258
13223,258
39783,258
11895,258
16146,258
44972,258
47809,258
40928,257
4618,257
46253,257
46988,257
43331,257
21300,257
48585,257
39178,257
10762,257
40183,257
33881,257
49259,257
3586,257
7346,257
47795,257
16327,257
16296,257
33602,257
12927,257
43948,257
36615,257
17751,257
16473,256
44265,256
21946,256
16113,256
22622,256
19840,256
1711,256
32829,256
9699,256
10420,256
46748,256
5355,256
35431,256
15846,256
41763,256
37402,256
49659,256
17998,256
39090,256
24020,256
28977,256
47322,256
10706,256
40302,256
16526,256
35106,256
23258,256
31713,255
28118,255
33002,255
14269,255
23262,255
46841,255
1492,255
32140,255
18468,255
26639,255
22843,255
14523,255
32837,255
30719,255
16178,255
36874,255
31691,255
34108,255
28196,255
11796,255
14403,255
37228,255
12831,255
26329,255
9187,255
1169,255
10256,255
16523,255
29310,255
45163,255
49395,255
2388,255
20514,255
2522,255
1382,254
12018,254
42564,254
8246,254
3820,254
34638,254
30872,254
29851,254
45267,254
14424,254
2256,254
16730,254
26489,254
42137,254
26798,254
47934,254
41553,254
13052,254
9662,254
38176,254
40269,254
3207,254
36173,254
28871,254
49038,254
42931,254
26052,254
31571,254
5914,253
32742,253
29930,253
37824,253
4807,253
46327,253
15233,253
8612,253
19135,253
8568,253
38938,253
37773,253
29901,253
34666,253
30294,253
13342,253
2616,253
37194,253
14878,252
16274,252
18364,252
33158,252
34654,252
22708,252
45493,252
34467,252
46547,252
43960,252
23723,252
4186,252
10889,252
14443,252
17309,252
40110,252
46719,252
6229,252
11071,252
29878,252
49275,252
7437,252
37334,252
13579,252
11740,252
47166,251
10581,251
35247,251
37619,251
46245,251
27197,251
42317,251
6661,251
10386,251
21207,251
5176,251
28369,251
41581,251
24289,251
41053,251
38298,251
44642,251
31630,251
15595,251
49100,251
13293,251
19350,251
307,251
44010,251
19351,251
21377,251
14100,251
44361,251
44676,251
48259,250
9805,250
12770,250
4759,250
41098,250
32438,250
25279,250
19168,250
36390,250
47115,250
41030,250
14679,250
15280,250
48631,250
45156,250
1190,250
20860,250
34849,250
16633,250
11371,250
38979,250
36679,250
31525,250
18325,250
12183,249
12058,249
42837,249
29075,249
40892,249
2575,249
23917,249
42216,249
29516,249
14811,249
45429,249
28606,249
31416,249
36426,249
39802,249
11665,249
36264,249
8605,249
19951,249
9708,249
15159,249
2446,249
12031,249
31551,249
25240,249
43329,249
38697,249
43009,249
43286,249
43894,249
1034,249
35044,248
48002,248
18796,248
29466,248
32013,248
36370,248
30028,248
39582,248
11561,248
4540,248
13127,248
4176,248
12313,248
15154,248
3714,248
47040,248
31285,248
19558,248
36922,248
29136,248
47309,248
19313,248
784,248
20123,248
9403,248
39544,247
15113,247
39004,247
20286,247
14398,247
38964,247
8105,247
33210,247
39554,247
46127,247
14722,247
26436,247
36028,247
38888,247
9459,247
48624,247
2475,247
18779,247
3237,247
45202,247
17053,247
11611,247
33740,247
15840,247
2304,247
16251,247
38540,247
40013,247
15325,247
29846,247
40731,247
41024,247
41164,247
22998,246
21047,246
28523,246
15139,246
17556,246
26105,246
615,246
31269,246
30043,246
32276,246
41019,246
17240,246
5853,246
42029,246
9449,246
31296,246
9192,246
29868,246
35494,246
33073,246
217,246
6278,246
46210,246
48368,246
41485,246
6216,246
45023,246
30771,246
28761,246
43207,246
20698,246
47177,246
43377,246
17566,246
7351,246
26518,246
20526,246
8500,246
12,246
23764,246
42672,246
11278,246
13645,246
34971,245
16408,245
5014,245
29967,245
16846,245
4817,245
34509,245
31233,245
16332,245
17576,245
43390,245
43742,245
11615,245
1306,245
42310,245
31509,245
13082,245
14506,245
34675,245
16680,245
30069,245
20330,245
46945,245
41331,245
5045,245
28922,245
48047,245
33458,245
13803,245
25609,245
6904,245
32676,245
47052,244
8027,244
49600,244
32093,244
46651,244
7723,244
16089,244
32752,244
2053,244
40765,244
20852,244
24831,244
27125,244
16048,244
18219,244
12763,244
40940,244
31410,244
1693,244
22337,244
29917,244
5620,243
21089,243
37600,243
30441,243
24726,243
25796,243
6162,243
25648,243
11162,243
30657,243
28752,243
17565,243
12902,243
11484,243
43719,243
37727,243
29184,243
3307,243
1071,243
22153,243
40087,243
45989,243
33189,243
35499,243
16138,243
24968,243
42440,243
12923,243
26090,243
11080,243
38321,243
2097,243
7330,243
21006,242
7664,242
17097,242
43340,242
16970,242
49171,242
47728,242
13559,242
21459,242
17407,242
20655,242
1932,242
39639,242
1845,242
26422,242
43174,242
30160,242
11642,242
32832,242
27886,242
11823,242
15947,242
14048,242
17966,242
15719,242
15675,242
42491,242
19477,242
18208,242
25234,242
4802,242
28691,242
41118,242
6635,242
24359,242
9196,242
41345,242
9144,242
6716,241
7694,241
32873,241
3069,241
5798,241
29584,241
9714,241
44860,241
37851,241
41196,241
38610,241
24185,241
38796,241
15934,241
46416,241
44082,241
2422,241
25685,241
13490,241
28169,241
17294,241
21773,241
32525,241
18722,241
26381,241
8377,241
31889,241
30525,241
19454,241
43815,241
38278,240
21090,240
40189,240
9803,240
38908,240
11683,240
29225,240
30936,240
13058,240
17865,240
41935,240
11033,240
43029,240
10265,240
25906,240
9219,240
10771,240
30280,240
14905,240
40885,240
15354,240
18473,240
16275,240
874,240
6022,240
29129,240
30059,240
20659,240
7067,240
2805,240
31159,240
43184,239
14450,239
38698,239
33579,239
1100,239
9049,239
35155,239
37487,239
13926,239
5663,239
48513,239
47915,239
20355,239
29523,239
4588,239
36162,239
1048,239
6081,239
44808,239
31840,239
15816,239
22965,239
4365,239
34145,239
34103,239
18284,239
5645,239
42829,239
12469,239
7403,239
31437,239
17632,239
37410,239
42082,239
38194,239
3899,239
968,238
4103,238
5236,238
22293,238
24238,238
29791,238
9370,238
32072,238
38308,238
5965,238
836,238
25457,238
22432,238
16594,238
43422,238
41383,238
8266,238
35164,238
10519,238
40804,238
37030,238
43476,238
24232,238
15377,238
849,238
38833,238
40913,238
15094,238
47933,238
8869,238
13626,238
14328,238
7151,238
23811,238
16482,238
19149,238
41264,238
1247,238
3212,238
46987,238
26955,237
16295,237
14826,237
37076,237
23970,237
45933,237
45528,237
15197,237
1825,237
47920,237
13861,237
23031,237
42323,237
42477,237
15183,237
1465,237
32953,237
7306,237
14452,237
16943,237
11858,237
38397,237
25450,237
47824,237
40866,237
8697,237
33673,237
6673,237
8532,237
12853,237
32190,237
15962,237
46758,237
37895,237
37092,236
66,236
17260,236
33358,236
3667,236
49614,236
30063,236
18570,236
12548,236
48596,236
41077,236
44323,236
33209,236
20569,236
13430,236
48417,236
42299,236
23670,236
45688,236
11899,236
47307,236
17095,236
25681,236
45574,236
25052,236
42538,236
36690,236
28198,235
31900,235
16704,235
37044,235
36528,235
46914,235
12103,235
46554,235
29755,235
17752,235
11818,235
4167,235
14800,235
42220,235
22745,235
24832,235
18387,235
30103,235
13130,235
13030,235
44314,235
49436,235
36753,235
26834,235
2463,235
40753,235
43817,235
38749,235
34445,235
39262,235
31035,234
3053,234
10841,234
40721,234
3935,234
25307,234
13319,234
12209,234
20428,234
15023,234
13715,234
36362,234
22508,234
9362,234
38963,234
47681,234
29336,234
35548,234
1692,234
24303,234
30144,234
22751,234
16364,234
16511,234
32476,234
3377,234
40298,234
11441,234
46490,234
29240,234
29833,234
6106,234
43116,234
47687,233
7557,233
11174,233
47552,233
5983,233
42368,233
28290,233
47918,233
24725,233
42700,233
23505,233
47234,233
29908,233
44384,233
45905,233
30512,233
22087,233
18806,233
9738,233
3543,233
31018,233
6031,233
24915,233
2413,233
31880,233
2627,233
47813,233
24639,233
9973,233
27530,233
23789,233
47590,233
25363,233
13368,233
38368,233
13980,233
49412,232
33228,232
49492,232
40534,232
34110,232
5091,232
1371,232
24475,232
36822,232
4638,232
16247,232
41770,232
3454,232
32651,232
10475,232
37366,232
25031,232
31707,232
42980,232
34583,232
26746,232
15708,232
22037,232
20989,232
32413,232
14284,232
17549,232
32776,232
27456,232
6478,232
35091,232
41216,231
42941,231
47397,231
42176,231
8397,231
43953,231
1151,231
26171,231
35207,231
755,231
41254,231
2109,231
35998,231
37283,231
27011,231
13261,231
39161,231
12604,231
18110,231
7197,231
3280,231
20370,231
8200,231
29854,231
26284,231
20823,231
44402,230
29076,230
11673,230
20747,230
27462,230
40076,230
26730,230
13451,230
9146,230
20239,230
41111,230
21602,230
11270,230
19981,230
25380,230
29006,230
49027,230
39348,230
33091,230
12585,230
19116,230
34398,230
32138,230
12450,230
23354,230
10722,230
2636,229
19536,229
43905,229
10570,229
46996,229
11687,229
44283,229
32940,229
23302,229
37017,229
9084,229
44954,229
15987,229
39820,229
21085,229
36139,229
49670,229
25304,229
11781,229
11197,229
20595,229
15391,229
2468,229
31140,228
305,228
23806,228
8525,228
13619,228
44702,228
16410,228
38659,228
33102,228
15115,228
17350,228
28359,228
44971,228
8569,228
33784,228
7758,228
39980,228
48936,228
29818,228
27584,228
19280,228
48734,228
8661,228
31363,228
41636,228
42648,228
13179,228
22638,228
4843,228
24524,228
38546,228
42800,228
4652,228
47232,228
29611,227
49216,227
47924,227
3724,227
19867,227
27954,227
24735,227
18427,227
32544,227
23441,227
49368,227
22752,227
13016,227
8515,227
4862,227
20540,227
33655,227
10878,227
15369,227
41162,227
22857,227
15030,227
21542,227
37330,227
44866,227
35169,226
16382,226
48749,226
32353,226
427,226
22719,226
15831,226
10493,226
15760,226
37891,226
27622,226
45205,226
17366,226
20743,226
38376,226
11768,226
42454,226
49051,226
45869,226
13055,226
16351,226
32081,226
1642,226
6151,226
8080,226
2669,226
13783,226
28528,226
47361,226
22490,226
47324,225
49299,225
38189,225
188,225
17870,225
46050,225
46386,225
2150,225
15848,225
10053,225
4994,225
33833,225
41917,225
8043,225
21906,225
18198,225
2524,225
19218,225
6935,225
20654,225
25181,225
33386,225
47298,225
13371,225
34003,225
33119,225
46684,225
1411,225
4593,225
39027,225
17300,225
12405,225
47605,225
17208,225
13350,225
10290,225
40585,224
11996,224
7960,224
11309,224
12169,224
23767,224
22375,224
7518,224
11020,224
16859,224
21823,224
30089,224
48864,224
38150,224
43826,224
16194,224
37453,224
47761,224
6912,224
36784,224
8650,224
19290,224
40591,224
26763,224
3574,224
29163,224
46777,224
31093,224
38459,224
27271,223
4469,223
41080,223
10530,223
863,223
45944,223
14592,223
13958,223
17110,223
21799,223
46982,223
39825,223
35382,223
3226,223
41396,223
5340,223
2799,223
30038,223
34025,223
7099,223
48866,223
20104,223
8326,223
3114,223
4277,223
126,223
38703,223
16338,223
15355,223
17388,223
3582,223
2949,223
7270,223
6075,223
9989,223
46696,223
22718,223
3827,223
32861,223
14346,222
40131,222
42197,222
13119,222
7547,222
38117,222
47477,222
11549,222
12515,222
2101,222
19095,222
5525,222
38674,222
1179,222
1460,222
16102,222
46591,222
36010,222
15779,222
26149,222
39400,222
18074,222
4824,222
48926,222
12577,222
43871,222
15433,222
27920,222
25029,222
883,222
40484,222
6839,222
33750,222
6928,222
24710,222
35094,221
9227,221
44678,221
212,221
29368,221
49677,221
24848,221
6268,221
37897,221
31921,221
37719,221
36176,221
7980,221
48103,221
12957,221
35655,221
46409,221
33288,221
29960,221
740,221
27010,221
41255,221
10497,221
36954,221
29467,221
43,221
28653,221
26402,221
28044,221
7333,221
9239,221
44944,221
6869,221
5615,221
49507,220
30175,220
46981,220
6569,220
14908,220
18308,220
47135,220
2359,220
17450,220
48277,220
4711,220
3989,220
30518,220
11811,220
27442,220
353,220
27040,220
34734,220
29025,220
43975,220
24860,220
27080,220
32333,220
11300,220
25153,220
975,220
8811,220
40590,220
12652,220
40360,220
34465,220
18578,220
23671,220
28015,220
48797,220
28604,219
34819,219
21884,219
19781,219
5502,219
39147,219
33144,219
43427,219
38514,219
12706,219
13499,219
32100,219
17251,219
42295,219
43017,219
1284,219
40416,219
41767,219
12124,219
23211,219
27472,219
32804,219
37978,219
7619,219
45029,219
21260,219
48819,219
19402,219
40301,219
32453,219
47265,219
13830,219
33554,218
5331,218
2090,218
10429,218
43575,218
29911,218
9419,218
13040,218
10743,218
15012,218
29205,218
9212,218
18419,218
28625,218
18700,218
18184,218
34614,218
23200,218
18399,218
4187,218
29,218
21739,218
45179,218
34864,217
26878,217
28545,217
48318,217
44914,217
13720,217
15519,217
11716,217
30111,217
41687,217
10261,217
44477,217
29221,217
1231,217
47120,217
19191,217
17173,217
45193,217
26700,217
13931,217
37915,217
6436,217
15731,217
21242,217
27649,217
28885,217
23852,217
3148,217
25090,217
8393,217
15951,217
27297,217
12072,217
36586,217
45251,217
8264,217
44363,217
37382,217
9299,217
25439,216
46126,216
17256,216
41419,216
118,216
19773,216
20007,216
19254,216
14660,216
31963,216
45822,216
23249,216
14021,216
18716,216
11993,216
40960,216
3711,216
17614,216
15083,216
18061,216
11732,216
41096,216
4828,216
30703,216
24295,216
15136,216
14195,216
29989,216
40620,216
41056,216
42603,216
1620,216
18380,216
15601,216
16430,216
25860,216
46440,216
19265,216
5534,215
25910,215
20072,215
15952,215
45215,215
40746,215
39315,215
24271,215
42721,215
28064,215
39821,215
9069,215
28386,215
35231,215
8934,215
39683,215
33948,215
4814,215
6371,215
20843,215
25273,215
9850,215
9114,215
428,215
32657,215
2231,215
17938,215
12289,215
22368,215
19607,215
12207,215
29443,215
9466,215
7292,214
33739,214
541,214
48028,214
1432,214
20706,214
16903,214
28967,214
18209,214
7160,214
419,214
6450,214
9995,214
8118,214
7300,214
8257,214
23480,214
5427,214
699,214
35390,214
43093,214
18762,214
29333,214
19777,214
22542,214
27474,214
18903,214
3544,214
1929,214
38615,214
40277,214
43803,214
18391,214
21871,213
47014,213
49010,213
46838,213
42896,213
36276,213
23508,213
45960,213
41985,213
48781,213
17492,213
1166,213
48352,213
4134,213
6899,213
20686,213
7492,213
48708,213
43686,213
4995,213
35302,213
1471,213
17994,213
37751,213
41155,213
42144,213
45006,213
31613,213
24854,213
22717,213
2741,213
34185,213
12514,213
9119,213
22564,213
35618,213
35107,213
15804,212
1952,212
12664,212
25064,212
39760,212
18855,212
23927,212
8444,212
33525,212
29413,212
30966,212
25826,212
40812,212
20817,212
20125,212
6013,212
40406,212
28307,212
7126,212
9626,212
21055,212
25537,212
30717,212
23420,212
5930,212
39504,212
18957,212
7913,212
29617,212
16743,211
41514,211
45659,211
2062,211
19679,211
24092,211
45542,211
19639,211
20086,211
1962,211
45998,211
12007,211
5406,211
27203,211
25221,211
18804,211
44995,211
14632,211
27937,211
16013,211
19898,211
29035,211
45117,211
3886,211
43868,211
38515,211
19453,211
22278,211
25987,210
16122,210
7989,210
18000,210
7569,210
2727,210
6458,210
21139,210
25602,210
19664,210
35850,210
34048,210
15978,210
41074,210
23932,210
13929,210
22187,210
23673,210
44618,210
26972,210
44386,210
9784,210
7200,210
38124,210
19831,210
18953,209
7510,209
23866,209
38457,209
15793,209
47271,209
6967,209
34748,209
34091,209
11375,209
20553,209
19591,209
11427,209
18512,209
360,209
48904,209
19246,209
20393,209
33494,209
15206,209
33903,209
29717,209
36768,209
40618,209
48755,209
22295,209
21000,209
24283,209
7091,209
48591,209
13025,209
46535,209
31878,209
44443,209
37965,209
1558,209
21612,209
36486,209
25567,209
49404,209
5513,209
30000,209
48498,209
40954,209
20230,209
3293,208
28828,208
29537,208
286,208
23874,208
15184,208
7489,208
22080,208
31450,208
5326,208
41711,208
32044,208
18354,208
23758,208
20067,208
3392,208
32436,208
25962,208
35864,208
44713,208
26643,208
11381,208
23388,208
18301,208
10623,208
18290,208
42058,208
6704,208
31953,208
20845,208
3191,208
10974,208
41823,208
47991,208
30422,208
13383,208
17676,208
6491,208
7842,208
22180,208
36484,208
22801,208
46926,208
46671,208
48494,208
156,207
47697,207
16427,207
13642,207
12821,207
41294,207
24632,207
19779,207
34520,207
20496,207
34913,207
24243,207
6098,207
22872,207
41061,207
37750,207
31956,207
21727,207
15640,207
25915,207
19069,207
10939,207
25676,207
29352,207
513,207
24613,207
18334,207
2580,207
8911,207
38919,207
7360,207
36918,207
29558,207
25329,207
42904,207
34600,207
47021,207
14687,206
3323,206
40326,206
39787,206
39764,206
17573,206
42329,206
39202,206
48275,206
12451,206
18877,206
43003,206
21186,206
10999,206
21464,206
36901,206
10038,206
23182,206
9876,206
23602,206
47317,206
44353,206
24122,206
9128,206
4334,206
24924,206
44631,206
8428,206
34643,206
26483,206
7722,206
34052,206
27249,206
33476,206
6992,206
6682,206
32933,206
46933,206
32703,206
150,206
31585,206
40027,205
31027,205
10787,205
737,205
30569,205
23125,205
35216,205
15512,205
26727,205
3931,205
41998,205
14618,205
19543,205
38494,205
22318,205
22805,205
41862,205
33467,205
27599,205
11489,205
32053,205
15370,205
40829,205
2009,205
33886,205
12764,204
11651,204
44137,204
18901,204
33549,204
24941,204
1422,204
12146,204
11698,204
3465,204
12699,204
25350,204
26308,204
25335,204
6105,204
38193,204
6818,204
26362,204
21397,204
26806,204
8430,204
26080,204
43475,204
32395,204
593,204
2814,204
45759,204
9974,204
5474,204
37255,204
14864,204
29870,204
12979,204
49445,204
44071,204
10446,204
42696,204
48304,204
1600,204
3674,204
13995,203
11536,203
5634,203
47045,203
1358,203
2378,203
44212,203
15955,203
23603,203
18377,203
23226,203
2927,203
45497,203
25354,203
20804,203
32500,203
39328,203
33132,203
16167,203
9557,203
30123,203
27924,203
11672,203
32616,203
13794,203
45864,203
37975,203
31744,203
25123,203
48325,203
33596,203
23619,203
45877,203
21554,203
32905,203
11173,202
19200,202
1124,202
39220,202
20814,202
36475,202
33571,202
38763,202
3818,202
10523,202
28073,202
37358,202
34778,202
46157,202
16839,202
20070,202
20434,202
2678,202
43212,202
30483,202
12721,202
19761,202
21780,202
15920,202
4875,202
12897,202
39069,202
21013,202
41930,202
16423,202
21889,202
26265,202
40858,202
11163,202
47079,202
40863,202
30825,202
14157,202
2371,201
42833,201
25065,201
7830,201
37364,201
26881,201
43690,201
22315,201
30187,201
36668,201
33010,201
10182,201
30765,201
37542,201
21713,201
498,201
31429,201
12590,201
34117,201
12549,201
3614,201
7882,201
29044,201
25693,201
20668,201
44862,201
20619,201
20609,201
46603,201
33937,201
27565,201
4411,201
9283,201
6006,201
41603,201
25397,201
18975,201
2163,201
47838,201
8180,201
38287,201
46815,201
29341,201
35355,201
319,201
1253,201
17802,200
39117,200
13474,200
980,200
37939,200
18180,200
43265,200
2443,200
18174,200
33989,200
15654,200
31194,200
3400,200
22429,200
12519,200
21025,200
40844,200
32745,200
48613,200
10201,200
15612,200
34303,200
26860,200
15638,200
16259,200
19850,200
25302,200
25316,200
13369,200
15694,199
34376,199
16017,199
17877,199
31616,199
22041,199
6863,199
5233,199
39625,199
28249,199
4207,199
48128,199
1505,199
5595,199
27877,199
21865,199
34469,199
17075,199
2731,199
32524,199
31837,199
4446,199
41661,199
36490,199
22867,199
45359,199
873,199
21106,199
32289,199
21307,199
10266,199
48576,199
16276,199
42890,198
12074,198
17649,198
47464,198
10437,198
35610,198
43923,198
34655,198
16530,198
21757,198
30394,198
20850,198
21767,198
22979,198
2810,198
96,198
15470,198
35293,198
23185,198
48152,198
9875,198
33868,198
27646,198
33276,198
2146,198
5613,198
48938,198
32610,198
5609,198
18373,198
19020,198
17694,198
7682,198
35277,198
19039,198
14426,198
48822,198
44522,198
8791,198
44068,197
35303,197
25147,197
13114,197
34370,197
24037,197
3697,197
6269,197
7070,197
8018,197
2183,197
31636,197
31632,197
6326,197
13939,197
45524,197
42516,197
37948,197
23155,197
771,197
6571,197
27378,197
23023,197
24808,197
8461,197
21450,197
26579,197
14064,197
1338,197
42632,197
44584,197
3272,197
26224,197
955,197
39078,197
43865,197
22535,197
10864,197
40802,197
35339,197
28366,197
39204,196
8223,196
43831,196
42897,196
28889,196
3944,196
40524,196
1725,196
45288,196
39823,196
10714,196
5084,196
37507,196
3705,196
31302,196
16173,196
2477,196
35678,196
48351,196
8887,196
930,196
36538,196
21577,196
24807,196
5671,196
46805,196
47182,196
8496,196
8645,196
47737,196
9816,196
15049,196
12228,196
5244,196
32979,196
31850,196
29189,196
24360,195
9482,195
22984,195
25035,195
10896,195
40056,195
20762,195
36843,195
34521,195
8914,195
20784,195
49350,195
9492,195
12055,195
30755,195
30157,195
13017,195
20709,195
15010,195
15658,195
39177,195
8372,195
12452,195
4013,195
44518,195
16971,195
16441,195
2362,195
49346,195
5205,195
11135,195
30071,195
11350,195
1299,195
14741,195
12050,195
9649,195
49617,195
16021,195
28909,195
12998,195
26386,195
19765,195
37629,194
702,194
21830,194
22038,194
40732,194
23437,194
35554,194
28516,194
32325,194
25478,194
17482,194
38935,194
38120,194
28264,194
46769,194
43269,194
279,194
28442,194
36941,194
1776,194
1991,194
48333,194
31278,194
27505,194
13746,194
11392,194
41969,194
16522,194
281,194
19614,194
14045,194
418,194
32373,194
10288,194
8261,194
27145,194
33943,194
36138,194
40781,194
28848,194
1210,193
24323,193
7450,193
35908,193
18188,193
28997,193
47174,193
34141,193
41039,193
46323,193
25838,193
20023,193
31205,193
575,193
335,193
39898,193
30845,193
4498,193
12844,193
6718,193
44812,193
38920,193
38580,193
27575,193
17315,193
26185,193
39662,193
10695,193
31247,193
20889,192
48181,192
41900,192
7244,192
29610,192
6338,192
10131,192
16206,192
39518,192
21608,192
38642,192
1272,192
31726,192
7707,192
36897,192
2852,192
38344,192
43879,192
13898,192
37911,192
17002,192
20195,192
22316,192
18222,192
4252,192
43124,192
23010,192
13595,192
13954,192
16711,192
16975,192
35980,192
12412,192
45138,192
27365,191
1530,191
38530,191
17323,191
13323,191
46643,191
10620,191
17142,191
46062,191
36247,191
2757,191
31614,191
2582,191
756,191
14261,191
25577,191
3266,191
33944,191
779,191
36410,191
5421,191
25707,191
28710,191
39256,191
7546,191
43979,191
339,191
30801,191
2033,191
19258,191
48614,191
22654,191
48715,191
5528,191
38701,191
17396,191
21420,190
16630,190
49070,190
5105,190
30088,190
29881,190
41855,190
10606,190
43580,190
12195,190
38405,190
10719,190
33258,190
19132,190
24079,190
23064,190
4399,190
48514,190
32440,190
34680,190
5247,190
8831,190
43663,190
21425,190
48121,190
13389,190
23886,190
5696,190
49495,190
34377,190
48655,190
37720,190
34121,190
45351,190
40846,190
22839,190
36210,190
46474,190
31224,190
42382,190
10853,189
36583,189
10569,189
24573,189
3577,189
8415,189
32355,189
8586,189
15088,189
36020,189
31160,189
37089,189
12968,189
32886,189
28945,189
22511,189
26428,189
11353,189
15732,189
17884,189
20685,189
33060,189
24224,189
26976,189
38754,189
31702,189
49184,189
43127,189
32958,189
20427,189
16177,189
27052,189
48448,189
48102,189
35149,189
29873,189
20077,189
19949,189
6360,189
11738,189
30842,189
45091,189
19310,189
41968,189
8886,189
32835,189
31059,189
18412,189
17796,189
41013,189
31519,189
29849,188
36060,188
19647,188
22277,188
47818,188
41583,188
31003,188
48578,188
24818,188
3854,188
26313,188
14697,188
6242,188
39407,188
42010,188
26971,188
23052,188
44964,188
239,188
47520,188
21963,188
20377,188
21829,188
40329,188
32004,188
44740,188
36177,188
49664,188
21645,188
2351,188
5363,188
11007,188
40488,188
31667,188
40448,188
32498,188
37991,188
27390,188
2282,187
35729,187
270,187
16091,187
36050,187
21951,187
7063,187
31672,187
10008,187
31190,187
40664,187
35792,187
6225,187
18569,187
8990,187
34876,187
8852,187
2841,187
25219,187
46204,187
21663,187
15720,187
46164,187
1943,187
32284,187
21576,187
26098,187
43732,187
37405,187
5779,187
19017,187
45259,187
21580,187
17475,187
42998,187
18052,187
47803,187
32549,186
30292,186
4292,186
8400,186
34202,186
20761,186
12296,186
38930,186
12713,186
47415,186
359,186
23308,186
13444,186
44864,186
8226,186
17727,186
23183,186
24311,186
34534,186
47261,186
31505,186
4464,186
32723,186
27747,186
46621,186
14239,186
15217,186
27621,186
46790,186
16938,186
5169,186
36239,186
6790,186
7188,186
20891,186
45573,186
21360,186
46899,186
3348,186
7057,186
22912,186
40576,186
28600,186
41423,186
44088,186
48529,185
5028,185
44138,185
25421,185
41608,185
3327,185
25937,185
43496,185
21670,185
102,185
5321,185
14268,185
8004,185
23013,185
48554,185
5282,185
21630,185
29010,185
15744,185
46953,185
10239,185
34957,185
15662,185
21296,185
32449,185
37318,185
35186,185
7157,185
3267,185
666,185
26061,185
28696,185
22423,185
32718,185
15704,185
31365,185
35252,185
6234,185
768,185
5439,185
1743,185
36066,185
38382,185
40862,185
22387,185
7625,185
46213,185
206,184
27,184
17695,184
44716,184
6231,184
22485,184
29792,184
8070,184
2456,184
24889,184
24744,184
13278,184
35276,184
38584,184
30113,184
15582,184
38428,184
3860,184
47365,184
22245,184
1232,184
11757,184
24708,184
14061,184
584,184
29923,184
4444,184
10754,184
7240,184
35020,184
15764,184
20198,184
25104,184
44460,184
3256,184
31890,184
37352,184
29651,184
26257,184
5201,184
46740,184
26287,184
19623,184
20241,184
23175,184
49025,183
6462,183
33009,183
38947,183
24867,183
18702,183
24255,183
41245,183
48168,183
35384,183
24064,183
23989,183
6966,183
17569,183
6160,183
45669,183
38347,183
293,183
38297,183
36148,183
7164,183
32621,183
8723,183
19991,183
42136,183
24597,183
14285,183
23351,183
20240,183
46623,183
4143,183
14258,183
11380,183
29922,183
13701,183
40194,183
34077,183
10069,183
48538,183
8384,183
25946,183
32988,183
21290,183
26907,183
5817,183
21421,183
16103,183
177,183
40520,183
15809,183
15223,182
44817,182
40560,182
8714,182
21368,182
19882,182
35660,182
39979,182
14194,182
15177,182
5792,182
664,182
8626,182
20200,182
15102,182
25169,182
22862,182
44690,182
5995,182
36260,182
40166,182
8662,182
43345,182
44340,182
10547,182
21143,182
3545,182
24630,182
2434,182
43223,182
31836,182
27830,182
48721,182
16906,182
47140,182
14272,182
26071,181
30196,181
16440,181
34129,181
22938,181
7588,181
11253,181
44898,181
35515,181
40882,181
29085,181
2119,181
26554,181
44124,181
32080,181
683,181
176,181
29685,181
40583,181
7229,181
31112,181
39862,181
38234,181
158,181
29613,181
42181,181
13214,181
15053,181
16032,181
19193,181
6920,181
6908,181
17705,181
8939,181
24644,181
31377,181
42671,181
14820,181
4832,181
5163,181
6663,181
29130,181
39380,181
31558,181
6399,181
33023,181
30312,181
47449,181
27931,181
28937,180
1326,180
35748,180
41247,180
46803,180
24995,180
36185,180
74,180
15314,180
9851,180
34947,180
25751,180
4065,180
46567,180
36789,180
43666,180
7988,180
30260,180
46350,180
16399,180
21109,180
11104,180
45392,180
20834,180
11303,180
42111,180
4688,180
13332,180
6109,180
2277,180
6174,180
42882,180
33472,180
13173,180
46938,180
42808,180
17820,180
38826,180
32874,180
17889,180
23616,179
6604,179
9294,179
15190,179
44061,179
32005,179
31162,179
8882,179
10177,179
2776,179
40424,179
44107,179
34493,179
13493,179
17370,179
34279,179
10899,179
16115,179
19111,179
44388,179
48718,179
40073,179
7907,179
46286,179
20833,179
22313,179
22609,179
12130,179
41388,179
262,179
33072,179
4249,179
32419,179
21970,179
10197,179
15035,179
38119,179
4834,179
8850,179
44296,178
38145,178
47692,178
24542,178
2779,178
46242,178
34418,178
36004,178
36136,178
12618,178
14209,178
38078,178
39566,178
25231,178
33053,178
36975,178
17356,178
41229,178
12375,178
34164,178
21394,178
42985,178
4837,178
7250,178
42762,178
39831,178
23256,178
29105,178
30992,178
38603,178
39061,178
17658,178
48032,178
24746,178
47657,178
47206,178
37588,178
43781,178
43199,178
12491,178
5041,178
26374,178
28765,178
49511,178
23697,177
34327,177
19958,177
33238,177
41370,177
16669,177
34749,177
9614,177
10560,177
530,177
40962,177
9059,177
20277,177
19219,177
25480,177
9095,177
18680,177
33803,177
8446,177
27148,177
5711,177
5632,177
12466,177
2323,177
20998,177
17926,177
38784,177
24398,177
1250,177
14311,177
17800,177
46533,177
12032,177
42490,177
23752,177
101,177
9094,177
39482,177
23445,177
4298,177
15252,177
41865,177
9248,177
20358,177
7213,177
40562,176
10747,176
47404,176
34347,176
33284,176
28056,176
19104,176
10894,176
6447,176
39141,176
7431,176
12134,176
33075,176
20939,176
2138,176
49620,176
6387,176
47806,176
16986,176
14384,176
45552,176
5841,176
31988,176
23370,176
36612,176
2790,176
35806,176
23700,176
22585,176
27326,176
14072,176
48572,176
13078,176
2453,176
7749,176
4580,176
37956,176
31055,175
24551,175
39751,175
13588,175
22796,175
1763,175
13102,175
49349,175
30190,175
8485,175
27780,175
23259,175
15784,175
37734,175
44269,175
26013,175
13393,175
2176,175
15236,175
41885,175
7520,175
29211,175
49504,175
22418,175
19318,175
1547,175
653,175
35089,175
41523,175
39938,175
46514,175
22568,175
44924,175
16463,175
24234,174
45657,174
39457,174
42511,174
23569,174
19160,174
4281,174
34977,174
29416,174
29983,174
5238,174
35977,174
30013,174
27224,174
27719,174
1801,174
30812,174
8421,174
13745,174
22856,174
14067,174
15079,174
12081,174
26231,174
47702,174
41601,174
24674,174
29480,174
38992,174
34838,174
28799,174
39723,174
40935,174
6613,174
20482,174
48587,174
15469,174
4835,174
24528,174
34796,174
4180,174
32667,174
284,174
46369,174
41068,174
2504,174
29213,173
15968,173
13591,173
36396,173
29880,173
35392,173
46113,173
30383,173
6329,173
35275,173
32726,173
26644,173
26243,173
18125,173
14994,173
34353,173
25205,173
41133,173
34328,173
6132,173
49315,173
15616,173
33252,173
1204,173
22593,173
48444,173
3184,173
15588,173
6623,173
44760,173
26482,173
35607,173
4608,173
45867,173
36596,173
44771,173
27126,173
36555,173
9356,173
40546,173
20232,173
16605,173
13717,173
15535,173
40162,173
41994,173
9844,173
20397,173
33372,173
37573,172
33519,172
46150,172
11703,172
19800,172
47489,172
33541,172
18366,172
15949,172
27036,172
45927,172
42503,172
16301,172
30965,172
12187,172
40914,172
1037,172
17252,172
33622,172
23250,172
18601,172
23017,172
1336,172
2214,172
38649,172
25500,172
44859,172
4105,172
17779,172
5681,172
21809,172
41873,172
25456,172
48961,172
18341,172
39647,172
3269,172
30816,172
34434,172
19034,172
18151,172
17838,172
32001,172
18501,172
39314,172
263,172
36605,172
32189,172
16188,172
42548,171
28007,171
21282,171
19723,171
22140,171
23534,171
36950,171
11022,171
35151,171
13814,171
48549,171
21568,171
25927,171
45003,171
6391,171
42654,171
40733,171
2310,171
7039,171
25165,171
5192,171
25865,171
7253,171
28544,171
29719,171
44512,171
30371,171
7283,171
46455,171
42805,171
11609,171
6981,171
32071,171
16552,171
20857,171
17577,171
21935,171
31420,171
43599,171
38613,171
33305,171
33424,171
31256,171
13549,171
23232,171
26050,171
12882,171
9282,171
49172,171
32640,171
22588,171
11424,170
15124,170
17936,170
43450,170
28989,170
26143,170
4198,170
17046,170
12413,170
26272,170
14410,170
17627,170
42413,170
888,170
19943,170
21014,170
22237,170
24326,170
47428,170
26743,170
12701,170
24198,170
3617,170
20986,170
20490,170
29919,170
26612,170
12326,170
27891,170
8505,170
41121,170
5824,170
47896,170
13169,170
4003,170
25086,170
13150,170
41367,170
17092,170
18687,170
39707,170
22436,170
41291,169
7861,169
14187,169
25162,169
17489,169
7380,169
37454,169
19073,169
48492,169
40333,169
26388,169
9070,169
18372,169
30161,169
17061,169
32251,169
41209,169
24907,169
8652,169
27199,169
29121,169
16590,169
44534,169
37833,169
28713,169
47405,169
16062,169
42847,169
3751,169
25769,169
35056,169
27479,169
31386,169
4519,169
18841,169
44336,169
24364,169
29886,169
29084,169
26111,169
45489,169
42151,169
36620,169
27503,169
7040,169
996,168
6058,168
8754,168
38172,168
23321,168
15336,168
41151,168
47667,168
39075,168
48589,168
11347,168
46244,168
35297,168
15841,168
24595,168
33808,168
15041,168
17964,168
20192,168
31293,168
21804,168
24504,168
25805,168
47367,168
6179,168
31253,168
1130,168
15418,168
5291,168
22217,168
22885,168
45529,168
3487,168
29546,168
26993,168
10034,168
11116,168
46425,168
3893,168
2111,168
3690,168
45468,168
97,168
26274,168
11449,168
26255,168
415,168
41924,168
17916,168
37072,168
22921,167
13318,167
4515,167
31529,167
32985,167
4169,167
19291,167
46960,167
13210,167
2489,167
40522,167
25433,167
40134,167
24170,167
22576,167
20953,167
3515,167
48786,167
2629,167
21248,167
41635,167
35340,167
16524,167
16236,167
27897,167
2972,167
36832,167
3678,167
24899,167
31002,167
1716,167
15209,167
20547,167
17363,167
5370,167
48481,167
24698,166
17702,166
32068,166
5569,166
16100,166
124,166
48685,166
16144,166
5742,166
22330,166
28974,166
41866,166
22442,166
12760,166
32253,166
21273,166
11024,166
49426,166
16400,166
30138,166
49107,166
41951,166
31535,166
11222,166
25764,166
30873,166
40088,166
47189,166
25664,166
27364,166
5659,166
27540,166
7369,166
37977,166
1603,166
27686,166
33809,166
7256,166
35772,166
39815,166
42189,166
8924,166
11989,166
39489,166
3709,166
7004,166
42857,166
4227,166
18246,166
34495,166
12801,165
42582,165
17637,165
29064,165
35225,165
14569,165
9056,165
47959,165
36981,165
9695,165
8746,165
27078,165
36795,165
4195,165
12663,165
31948,165
2965,165
12504,165
43637,165
37860,165
28833,165
16314,165
44246,165
38175,165
33680,165
33677,165
20040,165
16203,165
24943,165
44136,165
26712,165
5866,165
8761,165
41725,165
20016,165
15598,165
9244,165
25160,165
5162,165
25298,165
8,165
5009,164
38068,164
8252,164
30954,164
40883,164
21432,164
30006,164
18303,164
5891,164
9990,164
32961,164
35486,164
12550,164
34543,164
26034,164
45577,164
13175,164
18313,164
19857,164
34255,164
23461,164
20604,164
6230,164
35381,164
9323,164
42305,164
3198,164
40336,164
33391,164
21743,164
32508,164
41237,164
38707,164
44446,164
43728,164
16180,164
28548,164
48874,164
17079,164
17472,164
28868,164
11354,164
4893,164
49298,164
43922,163
17150,163
10664,163
40312,163
15005,163
33330,163
46831,163
40584,163
13946,163
44033,163
14759,163
43283,163
40879,163
40701,163
13941,163
11362,163
39386,163
30651,163
42084,163
35058,163
20815,163
49531,163
4500,163
18658,163
11404,163
42035,163
20199,163
36527,163
33535,163
2829,163
32976,163
2797,163
5196,163
26785,163
43001,163
23395,163
24645,163
49302,163
32938,162
122,162
16996,162
47303,162
42493,162
47434,162
17465,162
28217,162
45372,162
16988,162
28061,162
18253,162
17344,162
29470,162
46042,162
31216,162
7264,162
5966,162
36009,162
49202,162
26883,162
20287,162
31736,162
5346,162
14282,162
45724,162
24948,162
26583,162
8963,162
20320,162
45569,162
43447,162
35857,162
38766,162
18305,162
267,162
37032,162
41206,162
35312,162
4751,162
49173,162
34570,162
14730,162
23908,162
46734,162
46876,162
49035,162
28630,162
47676,162
17245,162
28732,162
45000,162
15543,162
39356,162
41861,162
24809,161
40044,161
25034,161
44012,161
5974,161
1592,161
2938,161
37668,161
36263,161
1346,161
18535,161
44920,161
22842,161
8676,161
20031,161
14871,161
28642,161
44165,161
11047,161
41677,161
42502,161
19929,161
7731,161
21289,161
28835,161
9643,161
37409,161
41686,161
35362,161
28039,161
43495,161
46889,161
36819,161
14365,161
39297,161
32218,161
21618,161
17660,161
42864,161
46691,161
15783,161
19030,161
2656,161
14815,161
40902,161
47224,160
37635,160
22443,160
9347,160
33152,160
1261,160
18739,160
31511,160
38774,160
24662,160
2854,160
31531,160
41404,160
1877,160
26771,160
9869,160
9651,160
7783,160
39615,160
18860,160
12579,160
20534,160
29783,160
46880,160
42901,160
11675,160
27495,160
10137,160
10969,160
38325,160
49291,160
34684,160
36553,160
18138,160
16373,160
21815,160
24343,160
12034,160
2437,160
15629,160
12030,160
31803,160
14173,160
16101,160
36196,160
41099,160
24207,160
23659,160
37411,160
921,159
47179,159
25813,159
17041,159
43138,159
854,159
34713,159
47654,159
35093,159
34726,159
38737,159
48328,159
23945,159
9890,159
48435,159
6091,159
13087,159
41828,159
37006,159
34174,159
42843,159
30197,159
4974,159
42853,159
40494,159
27961,159
35552,159
7768,159
24704,159
30342,159
43452,159
19395,159
45709,159
47640,159
48553,159
29478,159
9264,159
49272,159
14175,159
23150,159
22673,159
20215,159
32327,159
11903,159
31208,159
45366,159
8278,159
48245,159
898,158
34227,158
27781,158
38658,158
14893,158
18800,158
4506,158
17135,158
46096,158
17296,158
8416,158
35200,158
14356,158
18826,158
39112,158
34292,158
26862,158
234,158
6757,158
3535,158
36275,158
34371,158
1936,158
27461,158
16200,158
21658,158
47339,158
45404,158
45521,158
19356,158
37013,158
48049,158
508,158
14018,158
47961,158
40880,158
16727,158
19183,158
15466,158
13158,158
19968,158
1873,158
48556,158
24876,158
22944,157
35999,157
16273,157
8824,157
5546,157
27069,157
4939,157
49618,157
18260,157
14498,157
4115,157
8769,157
8659,157
31262,157
43063,157
44122,157
38156,157
65,157
15207,157
7389,157
57,157
37428,157
40118,157
20864,157
21012,157
7512,157
29080,157
38887,157
23126,157
22453,157
2999,157
17283,157
40404,157
48810,157
23572,157
23012,157
22406,157
1521,157
24929,157
38957,157
47548,157
36116,157
9,156
7905,156
15663,156
36837,156
46927,156
2702,156
21362,156
23593,156
5349,156
4045,156
10803,156
37696,156
29107,156
44202,156
13216,156
16519,156
19338,156
30366,156
2070,156
49447,156
29938,156
42702,156
48683,156
285,156
43598,156
1609,156
38602,156
15029,156
34480,156
18585,156
37797,156
5230,156
42024,156
23109,156
12284,156
2714,156
19616,156
33580,156
31975,156
18682,156
8437,156
48399,156
43253,156
43472,156
20847,155
34921,155
38902,155
21760,155
47743,155
16679,155
43668,155
45271,155
26196,155
44054,155
30925,155
48851,155
49053,155
4116,155
48269,155
44080,155
70,155
41929,155
23491,155
37908,155
38073,155
27182,155
5072,155
34716,155
19304,155
2007,155
18436,155
30611,155
10120,155
31078,155
4475,155
19028,155
19769,155
8452,155
1067,155
18343,155
45402,155
8614,155
35521,155
578,155
14845,155
8244,155
34105,155
6589,155
6209,155
40053,154
3609,154
35408,154
39492,154
13913,154
33322,154
190,154
37820,154
7318,154
20790,154
7423,154
42444,154
3490,154
31252,154
30913,154
38406,154
9656,154
42170,154
20312,154
8212,154
9945,154
38488,154
16801,154
26145,154
23393,154
12623,154
9912,154
36920,154
27186,154
3727,154
18357,154
41782,154
48443,154
32365,154
34232,154
43736,154
35635,154
2055,154
7430,154
15397,154
42907,154
1652,154
20972,154
6403,154
40476,154
5231,154
18555,154
39766,154
35271,154
47904,154
15506,154
15868,153
10534,153
34511,153
43584,153
32155,153
15751,153
26669,153
22348,153
37302,153
34731,153
30240,153
37389,153
34233,153
21205,153
34183,153
25918,153
36587,153
40185,153
29999,153
1156,153
11364,153
30941,153
8542,153
27500,153
11453,153
47202,153
17108,153
31067,153
17153,153
23473,153
41062,153
33658,153
19455,153
3187,153
9019,153
35642,153
5083,153
13167,153
28421,153
17664,153
19033,153
38779,153
14514,153
32909,153
41360,153
33028,153
34563,153
26354,153
26568,152
535,152
6668,152
40351,152
37414,152
32275,152
17882,152
20307,152
35074,152
13446,152
29226,152
8653,152
42364,152
4715,152
2152,152
38168,152
31762,152
44756,152
23487,152
11764,152
27904,152
44390,152
25997,152
32738,152
30155,152
12839,152
47459,152
1490,152
22662,152
19359,152
36924,152
970,152
21679,152
3890,152
38486,152
26183,152
25186,152
45333,152
4956,152
14974,152
28149,152
24165,152
33280,152
21088,152
30114,152
2035,152
22452,152
43958,152
32435,152
23036,152
33970,152
25589,152
31721,152
32807,152
1390,152
3120,152
48783,152
28453,151
39574,151
29337,151
3698,151
3104,151
46730,151
46,151
44315,151
2336,151
2316,151
28942,151
19424,151
18915,151
14377,151
53,151
28146,151
39727,151
19645,151
9608,151
17348,151
31615,151
19888,151
23513,151
35436,151
383,151
18724,151
18703,151
27824,151
44612,151
20134,151
1311,151
11586,151
29785,151
37990,151
15409,151
25555,151
5054,151
27482,151
4662,151
44016,151
11317,151
20826,151
32919,151
40871,151
22826,151
41669,151
28959,151
46472,151
21253,151
43453,151
26923,151
39125,151
48610,151
5532,151
37221,151
49140,151
22070,151
43583,151
40543,151
49594,151
30799,150
27092,150
43943,150
28328,150
6406,150
15575,150
25209,150
26749,150
21317,150
44173,150
6979,150
43597,150
19482,150
39564,150
18116,150
25945,150
14658,150
40062,150
24970,150
2704,150
48373,150
1267,150
15608,150
18429,150
2175,150
16379,150
16376,150
42357,150
13620,150
27638,150
13340,150
43052,150
2992,150
43074,150
43289,150
43829,150
3607,150
40124,150
44985,150
32599,150
26845,150
46489,150
32560,150
36861,150
15647,150
10280,150
3034,150
8871,150
34556,150
470,150
18144,150
763,150
15181,150
12637,150
30729,150
31271,149
19169,149
6814,149
45506,149
7093,149
15446,149
40727,149
13273,149
21888,149
49513,149
36437,149
1282,149
40104,149
4114,149
1122,149
33360,149
20902,149
11194,149
11171,149
30086,149
19517,149
22757,149
28145,149
22684,149
12063,149
22033,149
25998,149
5602,149
21324,149
42449,149
46370,149
35563,149
48593,149
21516,149
7230,149
349,149
1186,149
21562,149
14699,149
33649,149
11815,149
34677,149
36280,149
10710,149
14531,149
27673,149
30034,148
5896,148
43850,148
30014,148
5218,148
37178,148
45572,148
40872,148
32917,148
24168,148
13979,148
20768,148
17134,148
39734,148
35714,148
46391,148
27928,148
31329,148
49305,148
47927,148
40079,148
35626,148
11972,148
26753,148
28621,148
35031,148
6500,148
28598,148
1357,148
2198,148
20116,148
41119,148
35138,148
26316,148
48416,148
6986,148
49187,148
5571,148
2498,148
5464,148
43874,148
28376,148
27478,148
16452,148
685,148
6497,148
42257,148
4052,148
21343,148
24211,148
39335,148
21357,148
19532,148
21786,148
35556,147
35617,147
44572,147
35506,147
24415,147
24376,147
24124,147
24049,147
24025,147
1534,147
47334,147
1587,147
36395,147
25636,147
8375,147
26170,147
10438,147
43767,147
34620,147
10681,147
26607,147
26779,147
2021,147
21121,147
27057,147
43232,147
4729,147
645,147
38343,147
38380,147
7085,147
631,147
33479,147
19074,147
28480,147
33312,147
18900,147
18782,147
38921,147
515,147
39051,147
28953,147
33003,147
13021,147
46089,147
4874,147
29461,147
32706,147
29609,147
6018,147
13449,147
5984,147
16916,147
32426,147
40144,147
40151,147
30165,147
16046,147
40714,147
30704,147
14180,147
31601,147
35570,147
32664,146
9748,146
49435,146
30022,146
21076,146
13537,146
36074,146
8633,146
28165,146
47726,146
26056,146
43451,146
6845,146
28220,146
35201,146
37434,146
39501,146
17775,146
31541,146
1665,146
38748,146
3864,146
36487,146
10993,146
6261,146
47353,146
40223,146
9710,146
13190,146
39293,146
37745,146
3863,146
16682,146
1348,146
27293,146
8034,146
995,146
21917,146
10677,146
735,146
30542,146
47720,146
37723,146
40926,146
1820,146
20488,146
30585,146
3774,146
14796,146
47152,146
31689,146
48421,146
30648,146
27980,146
44157,146
30672,146
39762,146
5372,145
4907,145
27276,145
17199,145
34422,145
4825,145
30400,145
10366,145
8290,145
17971,145
872,145
23730,145
108,145
19537,145
19649,145
43164,145
18146,145
47744,145
12668,145
17801,145
44224,145
17433,145
38884,145
28356,145
4539,145
8045,145
29403,145
10232,145
13938,145
24254,145
43929,145
32104,145
21995,145
48056,145
22026,145
43135,145
2312,145
35475,145
10095,145
10081,145
19094,145
37547,145
30840,145
22987,145
13060,145
37199,145
48505,145
41858,145
2778,145
21589,145
6472,145
44297,145
34393,145
14222,145
18355,145
3244,145
29360,145
14254,145
15076,145
46432,145
35822,145
6277,144
19050,144
15384,144
4763,144
37422,144
16358,144
43300,144
16300,144
21533,144
44459,144
5720,144
7400,144
41282,144
37190,144
18452,144
24909,144
26552,144
45966,144
24154,144
43175,144
7581,144
39371,144
28771,144
35371,144
1853,144
41810,144
35870,144
29998,144
22051,144
15912,144
41765,144
677,144
30581,144
4004,144
33687,144
8841,144
11753,144
19787,144
43000,144
13289,144
6129,144
36031,144
40741,144
37563,144
46551,144
8314,144
40810,144
19447,144
43893,144
25908,144
31754,144
36469,144
25696,144
36442,144
8116,144
8310,143
43365,143
47235,143
47663,143
28721,143
28704,143
31265,143
28657,143
25215,143
23704,143
23636,143
29272,143
48167,143
15222,143
45768,143
36304,143
49031,143
23144,143
19298,143
48137,143
29457,143
47698,143
22875,143
29491,143
42527,143
33537,143
4481,143
32656,143
15759,143
48108,143
15839,143
36972,143
2148,143
275,143
15929,143
49282,143
33785,143
27692,143
26460,143
27678,143
16027,143
29781,143
2121,143
13617,143
30276,143
32229,143
27281,143
7610,143
36777,142
29255,142
31085,142
3556,142
12280,142
48566,142
2243,142
844,142
20822,142
29239,142
36019,142
34714,142
31709,142
9032,142
23130,142
7636,142
20774,142
13850,142
45265,142
10962,142
20752,142
26828,142
1963,142
33995,142
24777,142
2515,142
10852,142
4552,142
41395,142
28872,142
31446,142
14621,142
31412,142
26974,142
14785,142
32477,142
46757,142
47238,142
5717,142
20302,142
15174,142
37123,142
49341,142
22870,142
24467,142
37110,142
27643,142
28227,142
18226,142
21040,142
18545,142
39961,142
14439,142
48531,142
34513,142
16574,142
40601,142
39704,142
48551,142
23990,142
31826,142
41430,142
16595,142
43676,142
8127,142
28451,142
8344,142
23943,142
3784,142
9437,142
36359,142
38179,142
27248,142
2411,142
41592,142
4900,142
17202,142
22208,142
13138,142
5490,142
1273,142
45628,142
34637,142
18810,142
25210,142
13302,142
29408,141
46114,141
36161,141
27269,141
577,141
31930,141
47382,141
28177,141
17798,141
24533,141
33567,141
40790,141
5508,141
5531,141
22274,141
48687,141
36905,141
49484,141
33243,141
38197,141
49300,141
39267,141
21135,141
22150,141
15004,141
11701,141
468,141
13418,141
9376,141
38990,141
15964,141
9348,141
2460,141
39308,141
30439,141
35736,141
4925,141
977,141
44603,141
16838,141
49560,141
47499,141
5730,141
46381,141
37294,141
32346,141
21117,141
11315,141
11155,141
37396,141
7656,141
48340,141
25392,141
8644,141
47205,141
25490,141
49028,141
6276,141
19070,140
28808,140
15948,140
39361,140
19358,140
24967,140
10195,140
43812,140
14682,140
17876,140
23460,140
5327,140
28364,140
42757,140
43368,140
48528,140
44038,140
32855,140
6715,140
23824,140
8177,140
31099,140
11838,140
41543,140
32244,140
10913,140
18698,140
28489,140
21473,140
34075,140
13256,140
26921,140
21504,140
30984,140
21517,140
40164,140
10029,140
47089,140
23922,140
32741,140
6503,140
47331,140
45825,140
22299,140
48247,140
1451,140
26684,140
46397,140
13688,140
3485,140
17888,140
40637,140
26219,140
12366,140
8566,140
8739,140
18977,140
1504,140
42895,140
8559,140
27486,140
20423,140
29621,140
49283,140
46537,140
45042,139
19937,139
11165,139
9086,139
36948,139
3695,139
28381,139
41381,139
37007,139
9749,139
41776,139
7574,139
38056,139
2950,139
8867,139
34526,139
25934,139
12314,139
31163,139
3500,139
49616,139
23570,139
27640,139
21875,139
1378,139
828,139
3255,139
33914,139
24825,139
14786,139
5944,139
37877,139
17547,139
34073,139
48332,139
23492,139
13872,139
23486,139
14318,139
28304,139
30218,139
16670,139
48404,139
23795,139
31974,139
44990,139
8301,139
19732,139
43008,139
28129,139
43016,139
40889,139
11813,139
33653,139
24217,138
24719,138
21828,138
39284,138
30934,138
4291,138
46426,138
29862,138
1911,138
21747,138
47731,138
37688,138
19510,138
3163,138
33353,138
19515,138
19724,138
12094,138
471,138
16150,138
13428,138
43564,138
8194,138
2398,138
642,138
10566,138
27771,138
34382,138
11680,138
4549,138
30730,138
22145,138
938,138
31696,138
34083,138
29047,138
46480,138
8238,138
35779,138
49590,138
19946,138
17698,138
7819,138
282,138
35586,138
32031,138
48036,138
39800,138
46356,138
18899,138
41144,138
25085,138
19185,138
23134,138
15775,138
13964,138
12802,138
10159,138
15344,138
5843,138
30490,138
16406,138
46635,138
10414,138
43363,138
4287,138
42561,138
26407,138
47785,138
242,138
36910,138
37643,138
37987,138
26547,138
46668,137
28770,137
10433,137
42402,137
48537,137
15137,137
11195,137
40917,137
25252,137
3270,137
37736,137
18,137
19529,137
18816,137
38653,137
40058,137
21002,137
39451,137
34562,137
43734,137
43775,137
30622,137
33630,137
3928,137
19199,137
42415,137
19884,137
41207,137
25440,137
20925,137
18040,137
15141,137
27380,137
38874,137
7718,137
21485,137
5895,137
20248,137
4735,137
1177,137
25483,137
12793,137
47131,137
23254,137
37545,137
8259,137
44581,137
47327,137
42665,137
35456,137
28888,137
38513,137
28675,137
14031,137
3217,137
4916,137
42194,137
31644,137
32987,136
39360,136
39381,136
42647,136
33204,136
12265,136
13133,136
2334,136
12046,136
17364,136
39792,136
27936,136
19944,136
27843,136
29706,136
29786,136
38013,136
29814,136
43190,136
37903,136
20530,136
40077,136
20678,136
33996,136
37680,136
37514,136
7777,136
10932,136
10842,136
14162,136
1727,136
48754,136
41643,136
5389,136
14266,136
25550,136
41617,136
23409,136
44169,136
35235,136
31716,136
23745,136
31295,136
31453,136
4343,136
44468,136
24431,136
28966,136
37839,135
44524,135
15615,135
25299,135
6581,135
42920,135
35329,135
9690,135
22022,135
9501,135
26270,135
14708,135
42577,135
24102,135
15103,135
49593,135
48438,135
13343,135
42650,135
15791,135
39610,135
7585,135
8024,135
45285,135
15830,135
12758,135
1888,135
6956,135
12338,135
46997,135
25590,135
18919,135
367,135
37753,135
36383,135
14257,135
39635,135
37768,135
14228,135
35984,135
45950,135
1144,135
2349,135
45915,135
39507,135
36471,135
7775,135
18544,135
12092,135
48519,135
28230,135
35684,135
41977,135
24147,135
4880,135
31732,134
31244,134
15795,134
39670,134
37800,134
933,134
17162,134
15569,134
48632,134
39705,134
27826,134
22139,134
2821,134
8561,134
25294,134
32724,134
10654,134
17432,134
18550,134
12766,134
28211,134
7812,134
24804,134
40446,134
40280,134
33333,134
46168,134
13727,134
19610,134
16381,134
23028,134
40295,134
27657,134
27677,134
8812,134
41700,134
10375,134
10376,134
26188,134
33815,134
27466,134
38360,134
19286,134
36221,134
47617,134
8954,134
47995,134
30375,134
46330,134
49549,134
31449,134
34135,134
3754,134
44573,134
36392,134
3578,134
4243,134
42820,134
12170,134
24434,134
39331,134
18603,134
31283,134
32751,134
41946,134
31499,134
45096,133
43432,133
37124,133
4338,133
11560,133
12871,133
5993,133
33261,133
35846,133
18254,133
2609,133
6454,133
14539,133
18449,133
42437,133
45804,133
15293,133
31335,133
38719,133
31785,133
15319,133
23376,133
42818,133
28804,133
1596,133
2585,133
12885,133
28339,133
38598,133
9897,133
41179,133
9201,133
16697,133
20748,133
40210,133
40409,133
31897,133
40867,133
7737,133
13891,133
22761,133
25978,133
42367,133
29975,133
46557,133
4970,133
20541,133
28109,133
22465,133
30119,133
11949,133
40779,133
11919,133
38353,133
24791,133
13326,133
7396,133
34432,133
14753,133
16126,133
30072,133
19930,133
1788,133
14846,133
27892,133
16087,133
15805,133
8011,133
46225,133
37009,133
28884,133
20132,133
35332,132
18616,132
24018,132
25023,132
35867,132
24960,132
8935,132
40373,132
43506,132
4654,132
32203,132
49679,132
13804,132
30393,132
3438,132
43582,132
13515,132
17031,132
30520,132
3968,132
45560,132
27746,132
21201,132
20066,132
38146,132
17203,132
17213,132
27916,132
32024,132
17306,132
2235,132
48408,132
15743,132
44992,132
29548,132
15636,132
26082,132
17451,132
33523,132
36693,132
34799,132
22901,132
25757,132
28853,132
30882,132
13669,132
41361,132
12762,132
44055,132
43471,132
8613,132
9737,132
9718,132
23478,132
39548,132
13044,132
38969,132
45883,131
28216,131
19412,131
32711,131
41297,131
14675,131
45334,131
38467,131
38414,131
45660,131
26091,131
26211,131
11973,131
21687,131
41947,131
6138,131
38370,131
42195,131
6628,131
17077,131
22329,131
34210,131
10508,131
29710,131
11634,131
26524,131
36246,131
31501,131
26338,131
19130,131
16075,131
41609,131
29835,131
2004,131
49411,131
24893,131
9229,131
4141,131
20220,131
45766,131
41629,131
3876,131
16870,131
8763,131
32424,131
46431,131
23203,131
30228,131
48776,131
38115,131
18398,131
6691,131
34988,131
3654,131
11137,131
19839,131
21491,131
40153,131
14933,131
17563,131
3592,131
34905,131
10092,131
11511,131
21571,131
41780,130
32870,130
26513,130
24096,130
17146,130
46918,130
33185,130
11252,130
38157,130
11125,130
7363,130
43200,130
11742,130
18239,130
44689,130
7972,130
13935,130
14712,130
39126,130
11894,130
21710,130
40464,130
30348,130
19626,130
28085,130
30098,130
10821,130
7446,130
13775,130
5473,130
34781,130
10224,130
22657,130
25882,130
22853,130
37729,130
29446,130
28284,130
20793,130
16721,130
36424,130
38582,130
48769,130
5412,130
29436,130
5172,130
40920,130
86,130
6255,130
31001,130
2652,130
24313,130
35096,130
36244,130
29366,130
7774,130
9272,130
38706,130
33356,130
36212,130
48326,130
18961,130
39029,130
9585,130
46338,130
4279,130
13456,130
41815,130
30449,130
15953,130
37018,130
10236,129
15587,129
13801,129
27371,129
5665,129
42015,129
8449,129
45355,129
20253,129
29728,129
37561,129
33842,129
40493,129
40179,129
38004,129
5559,129
44578,129
42374,129
33270,129
49338,129
42555,129
47960,129
2893,129
22235,129
35002,129
30109,129
9878,129
23214,129
22112,129
3703,129
30212,129
10491,129
25455,129
31399,129
43140,129
16551,129
22197,129
34598,129
15823,129
13506,129
47820,129
8689,129
6880,129
18009,129
33148,129
48215,129
23958,129
5691,129
8158,129
35174,129
42758,129
39370,129
22136,129
36,129
38803,129
30676,129
48280,129
48000,129
47802,129
34746,129
49199,129
40123,129
29508,129
28023,129
14177,129
16608,129
10833,129
33520,129
1984,128
34415,128
6423,128
2835,128
26602,128
5932,128
41703,128
4704,128
21759,128
13174,128
47619,128
1281,128
13171,128
30968,128
36933,128
32780,128
5688,128
27432,128
40696,128
17848,128
23446,128
31578,128
9432,128
17574,128
32816,128
26691,128
37852,128
35416,128
39339,128
9659,128
2118,128
47847,128
13390,128
31213,128
2089,128
1369,128
40535,128
36662,128
31414,128
32131,128
32116,128
39682,128
21530,128
44908,128
30188,128
4592,128
6332,128
6026,128
33194,128
5865,128
45130,128
17903,128
34311,128
49634,127
22023,127
31972,127
37492,127
29012,127
44113,127
7487,127
9262,127
11964,127
44776,127
40991,127
10796,127
14436,127
28740,127
27007,127
3105,127
28188,127
26994,127
17332,127
33367,127
49285,127
5338,127
41018,127
41590,127
24223,127
25349,127
46010,127
37744,127
21093,127
47121,127
36773,127
24150,127
43852,127
34156,127
24965,127
9495,127
5802,127
32261,127
21604,127
47496,127
46217,127
18276,127
27202,127
45034,127
47015,127
27321,127
22686,127
13843,127
23904,127
48176,127
38862,127
49222,127
25115,127
33802,127
6095,127
25257,127
12135,127
11288,127
22765,127
7511,127
3347,127
16228,127
614,127
30347,127
15065,127
23206,127
30017,127
41203,127
13800,127
39076,127
16853,127
20399,127
46315,127
18786,127
2085,127
39072,127
3669,127
46706,127
35466,127
31661,127
4937,126
7964,126
27880,126
40405,126
35195,126
14500,126
41335,126
43989,126
47758,126
28430,126
39278,126
36621,126
18848,126
20765,126
35345,126
35829,126
36111,126
9197,126
34593,126
2885,126
29340,126
35427,126
38243,126
13152,126
11708,126
16189,126
35776,126
24677,126
46729,126
19764,126
41217,126
25074,126
41366,126
48073,126
41107,126
46293,126
616,126
2853,126
22557,126
44593,126
131,126
23483,126
22787,126
539,126
9827,126
36188,126
14330,126
2389,126
17713,126
42746,126
43461,126
4782,126
28773,126
3879,126
16389,126
45276,126
14885,126
40716,126
41306,126
28104,126
47907,126
25615,126
38632,126
17760,126
14278,126
41741,126
38828,126
27072,125
7624,125
30132,125
26983,125
13823,125
13826,125
40344,125
28954,125
10900,125
16722,125
5788,125
5787,125
26721,125
11358,125
40436,125
26670,125
26649,125
11403,125
37214,125
20474,125
45475,125
8008,125
2759,125
47525,125
17032,125
20183,125
47138,125
11612,125
27711,125
39905,125
38153,125
47418,125
675,125
17310,125
1078,125
9102,125
33058,125
34765,125
22639,125
19363,125
17501,125
10061,125
19345,125
19341,125
30841,125
30848,125
13205,125
6978,125
1646,125
30875,125
3036,125
44059,125
39226,125
47346,125
42830,125
13163,125
3263,125
9756,125
38738,125
28483,125
13033,125
4373,125
23584,125
48316,125
29019,125
12728,125
25097,125
6677,125
1295,125
5180,125
9205,125
14596,125
5090,125
42567,125
5867,125
30058,125
30112,125
11070,124
8849,124
29178,124
23859,124
35305,124
23842,124
8827,124
9525,124
42340,124
46663,124
15208,124
36179,124
8712,124
41584,124
31092,124
33382,124
84,124
23342,124
9834,124
48777,124
8526,124
23100,124
22925,124
48511,124
10268,124
26220,124
8236,124
14119,124
24496,124
29937,124
9043,124
8106,124
17089,124
20149,124
3963,124
21944,124
41337,124
1878,124
47077,124
12681,124
13486,124
48473,124
24600,124
3824,124
26593,124
20440,124
21730,124
3828,124
20493,124
11153,124
13757,124
11158,124
34274,124
2925,124
13610,124
7494,124
27333,124
46800,124
47627,124
3596,124
9308,124
40410,124
12900,124
48969,124
44668,124
24842,123
47988,123
47747,123
47020,123
46176,123
44637,123
43280,123
41819,123
41503,123
41170,123
40443,123
40235,123
39136,123
37070,123
36699,123
36062,123
35493,123
35298,123
33335,123
32194,123
31679,123
30957,123
30047,123
30018,123
29666,123
29098,123
29055,123
28631,123
28564,123
28529,123
27419,123
25807,123
25406,123
24541,123
23681,123
23556,123
22941,123
22909,123
21869,123
21664,123
20332,123
19062,123
19036,123
17939,123
17741,123
17056,123
17020,123
14479,123
14343,123
14294,123
13623,123
13606,123
13373,123
12715,123
12669,123
12505,123
11366,123
11004,123
9354,123
7328,123
7277,123
6150,123
5483,123
5371,123
4706,123
4189,123
3940,123
3783,123
1989,123
1129,123
904,123
845,123
668,123
45472,122
22446,122
1706,122
42742,122
20959,122
24835,122
4948,122
16756,122
6612,122
12420,122
9140,122
47985,122
43373,122
33564,122
45465,122
4094,122
2224,122
20756,122
24785,122
34691,122
24325,122
11248,122
41841,122
45327,122
28022,122
6667,122
14960,122
24216,122
47241,122
22482,122
24260,122
8031,122
22539,122
6307,122
32152,122
46275,122
6857,122
6881,122
5140,122
29011,122
3921,122
3852,122
17399,122
47502,122
46764,122
34945,122
14795,122
11729,122
31907,122
25713,122
41317,122
4448,122
5728,122
43013,122
11884,122
15558,122
22054,122
44680,122
12010,122
3802,122
38758,122
2612,122
16977,122
373,122
31817,122
49437,122
26596,122
26506,122
44739,122
21933,122
7135,122
15400,122
25608,122
43395,122
35658,122
3551,122
28760,122
46200,121
31734,121
46377,121
40012,121
47139,121
4722,121
46921,121
46520,121
11643,121
43117,121
9763,121
39807,121
17866,121
21452,121
43060,121
1964,121
8936,121
33224,121
342,121
21985,121
48458,121
21299,121
28261,121
37521,121
33488,121
33502,121
2861,121
9483,121
34794,121
37748,121
34758,121
3111,121
8125,121
21947,121
42154,121
20233,121
20150,121
25732,121
13957,121
20000,121
7460,121
19992,121
31492,121
14351,121
33840,121
22185,121
1423,121
223,121
23157,121
3805,121
11387,121
47396,121
47371,121
15255,121
21692,121
45936,121
29757,121
9835,121
2476,121
24774,121
15944,121
29845,121
46135,121
29861,121
32490,121
36969,121
40297,121
27658,120
6001,120
24996,120
30834,120
8685,120
29804,120
16808,120
48107,120
3640,120
40389,120
14717,120
49448,120
24609,120
28387,120
4401,120
22246,120
10322,120
27542,120
37170,120
37351,120
17358,120
39772,120
46773,120
49686,120
34257,120
16043,120
36617,120
27463,120
6099,120
39845,120
15312,120
16345,120
39436,120
18089,120
531,120
20268,120
19029,120
7951,120
11617,120
42289,120
9536,120
15421,120
30614,120
7794,120
9242,120
20381,120
9464,120
24210,120
20578,120
35357,120
42325,120
20053,120
30285,120
45055,120
12995,120
12930,120
40425,120
30384,120
24152,120
40300,120
30710,120
16926,120
8627,120
25075,120
38217,120
38242,120
6455,120
36025,119
31007,119
9399,119
43924,119
11502,119
11572,119
43106,119
28344,119
12017,119
43642,119
28269,119
33478,119
24619,119
42760,119
12398,119
8245,119
28002,119
8074,119
27994,119
13673,119
7717,119
14014,119
27754,119
49330,119
29604,119
14806,119
6907,119
14957,119
31648,119
40927,119
15555,119
40751,119
6386,119
40521,119
35983,119
16261,119
46277,119
5943,119
46290,119
5834,119
46483,119
35194,119
5462,119
23459,119
46607,119
33143,119
26716,119
49612,119
4646,119
1293,119
26471,119
30412,119
23209,119
38585,119
19374,119
19670,119
19727,119
3648,119
47624,119
22981,119
37549,119
2631,119
48298,119
21839,119
1644,119
28424,118
21584,118
45407,118
5752,118
47739,118
43231,118
22135,118
35565,118
6296,118
38968,118
25539,118
39780,118
23511,118
8029,118
43827,118
37168,118
4965,118
45077,118
47883,118
39883,118
28901,118
26525,118
39124,118
5619,118
30677,118
8184,118
9475,118
20733,118
21975,118
23714,118
47976,118
33574,118
29196,118
28180,118
22350,118
28956,118
47060,118
41420,118
32437,118
18802,118
22067,118
1571,118
44327,118
43336,118
34167,118
8764,118
30314,118
33241,118
1767,118
49276,118
41730,118
26199,118
48217,118
31441,118
17015,117
30266,117
22183,117
18494,117
16961,117
26564,117
39019,117
23292,117
18584,117
26978,117
49134,117
16791,117
26462,117
26458,117
15933,117
6609,117
34537,117
45882,117
6731,117
19072,117
28932,117
15036,117
19186,117
32602,117
14825,117
49294,117
14751,117
27578,117
19337,117
36776,117
34987,117
35853,117
35849,117
7163,117
7337,117
23069,117
35270,117
10718,117
19975,117
7451,117
7620,117
7840,117
13505,117
3282,117
24312,117
33611,117
47939,117
33597,117
32858,117
12482,117
2880,117
35691,117
28841,117
37613,117
42764,117
29140,117
8722,117
25651,117
44707,117
9021,117
29028,117
1595,117
25030,117
48214,117
43187,117
10144,117
48713,117
39656,117
11386,117
39563,117
17415,117
1084,117
46527,117
46792,117
10767,117
4950,117
34385,117
5598,117
1187,117
27871,117
46742,116
10065,116
24578,116
24517,116
24401,116
49340,116
24140,116
765,116
1027,116
23531,116
49067,116
25404,116
31755,116
25418,116
35083,116
48813,116
1670,116
36644,116
31039,116
36743,116
48594,116
25682,116
36983,116
2257,116
37142,116
48323,116
2813,116
37659,116
20334,116
34718,116
20140,116
30543,116
34642,116
19628,116
30516,116
19496,116
3892,116
38643,116
26403,116
24711,116
38861,116
18423,116
39163,116
34419,116
26692,116
39272,116
26720,116
39434,116
34318,116
46723,116
17598,116
17237,116
16945,116
5780,116
16741,116
46333,116
16231,116
15806,116
40699,116
15352,116
41106,116
41186,116
29629,116
14469,116
14164,116
45454,116
14025,116
27815,116
7714,116
33704,116
28024,116
12984,116
12814,116
28103,116
44888,116
8497,116
28233,116
44779,116
12249,116
24617,116
8926,116
29062,116
9064,116
44485,116
43150,116
44399,116
28896,116
43586,116
10567,116
1269,115
39601,115
4495,115
48877,115
5235,115
35722,115
27836,115
25352,115
36273,115
18345,115
29350,115
27840,115
19697,115
9970,115
37069,115
17743,115
7060,115
33205,115
6468,115
34607,115
4848,115
31619,115
46944,115
16648,115
26163,115
42121,115
45268,115
29766,115
13633,115
34349,115
13441,115
45643,115
15578,115
42051,115
28633,115
1563,115
9638,115
26339,115
24610,115
33979,115
47533,115
35101,115
23063,115
11951,115
3804,115
43301,115
20979,115
44523,115
46382,115
12304,115
44692,115
42986,115
30903,115
16985,115
20832,115
14271,115
2786,115
29828,115
21086,115
46436,115
41640,115
47501,115
37536,115
45461,115
41230,115
10868,115
9200,115
2956,115
31004,115
10140,115
38669,115
6126,115
8493,115
14102,115
47293,115
32171,115
35627,115
47642,115
7577,115
18821,115
30723,115
17525,115
46117,115
6946,115
13878,115
17590,115
28316,114
26178,114
44547,114
34754,114
22948,114
48602,114
25196,114
650,114
23928,114
40092,114
16771,114
7192,114
31866,114
7297,114
45491,114
6698,114
5576,114
39874,114
33771,114
46512,114
45388,114
17376,114
39684,114
21771,114
45329,114
17712,114
7772,114
21675,114
25798,114
10941,114
37233,114
2466,114
48462,114
21610,114
39396,114
5046,114
18161,114
13331,114
1915,114
30823,114
45059,114
26557,114
45032,114
18683,114
8285,114
42409,114
18749,114
44975,114
25094,114
1916,114
4236,114
44906,114
18906,114
47313,114
47316,114
21182,114
42569,114
42574,114
4118,114
23205,114
12555,114
10040,114
47470,114
23190,114
35978,114
11257,114
35673,114
48902,114
8678,114
20945,114
42802,114
10152,114
6874,114
8773,114
25416,114
8775,114
32603,114
19945,114
8830,114
9295,114
3439,114
20795,114
33474,113
35128,113
711,113
12678,113
23736,113
18992,113
12673,113
43784,113
34532,113
35858,113
25755,113
19672,113
5563,113
49626,113
1012,113
598,113
42635,113
22726,113
25385,113
43963,113
6368,113
15989,113
48923,113
47757,113
2262,113
39399,113
17854,113
18247,113
46780,113
13662,113
6665,113
233,113
39959,113
45152,113
14981,113
17693,113
26799,113
22522,113
4699,113
26592,113
26801,113
1817,113
35320,113
46392,113
40977,113
22518,113
25357,113
45024,113
46380,113
21749,113
45583,113
27311,113
45988,113
12924,113
4362,113
29964,113
26353,113
12860,113
41847,113
25142,113
12796,113
10631,113
22468,113
35211,113
37992,113
43607,113
46316,113
8440,113
27041,113
14836,113
1691,112
15240,112
15813,112
6427,112
759,112
25517,112
35015,112
25545,112
22741,112
34874,112
37461,112
2740,112
25941,112
10048,112
43555,112
10153,112
30737,112
34795,112
9286,112
20598,112
1986,112
1937,112
47849,112
20310,112
33415,112
3326,112
36479,112
44660,112
19986,112
3613,112
25419,112
38379,112
38625,112
18876,112
6364,112
42529,112
18844,112
42395,112
8265,112
33599,112
45035,112
8185,112
4610,112
518,112
32812,112
35723,112
4712,112
13232,112
13253,112
4787,112
29369,112
39329,112
46863,112
17968,112
5060,112
45257,112
32297,112
17681,112
7740,112
45314,112
13817,112
5441,112
36160,112
14071,112
17145,112
41676,112
606,112
39912,112
14230,112
41517,112
36065,112
27035,112
41424,112
32628,112
45707,112
14896,112
16068,112
46063,112
29807,112
24971,111
30010,111
46827,111
19323,111
1884,111
30577,111
35219,111
35544,111
30811,111
24691,111
17321,111
17329,111
12139,111
36860,111
6352,111
9156,111
38238,111
47633,111
44261,111
49597,111
43524,111
32535,111
31156,111
1105,111
43152,111
12736,111
38251,111
730,111
43727,111
12347,111
6769,111
12361,111
30736,111
21532,111
5869,111
45419,111
16731,111
12937,111
24633,111
16781,111
32181,111
33738,111
3337,111
8817,111
21879,111
48088,111
27618,111
5237,111
20032,111
9268,111
2856,111
46053,111
22551,111
47765,111
15151,111
27465,111
26928,111
39642,111
44338,111
28492,111
47685,111
45281,111
26935,111
30108,111
7544,111
36024,111
39377,111
17950,111
8930,111
213,111
36488,111
3474,111
32822,111
47078,111
43977,111
19325,111
15256,111
37258,110
604,110
25012,110
31641,110
5581,110
24778,110
31542,110
14892,110
38088,110
36365,110
42510,110
23588,110
8042,110
17197,110
46553,110
22844,110
16109,110
25629,110
39826,110
19110,110
1310,110
39184,110
44480,110
13694,110
42609,110
13698,110
21699,110
18395,110
36635,110
37488,110
44205,110
9447,110
36912,110
11218,110
38196,110
7680,110
37185,110
24316,110
46228,110
14973,110
36967,110
4450,110
45926,110
41346,110
38912,110
20313,110
8187,110
46281,110
39266,110
15520,110
49018,110
23319,110
28415,110
2866,110
48625,110
4414,110
1211,110
8735,110
1257,110
24456,110
24321,110
42424,110
16224,110
44025,110
13026,110
27651,110
11912,110
14389,110
43196,110
20024,110
11733,110
19408,110
28456,110
18371,110
32772,110
37297,110
23933,110
43540,110
9657,110
20974,110
17074,110
13624,110
9096,110
28306,110
47175,110
9273,109
40536,109
37306,109
4590,109
40565,109
29836,109
43936,109
18368,109
47004,109
32220,109
31352,109
13195,109
33627,109
34056,109
44470,109
42275,109
35730,109
10856,109
20665,109
34776,109
37787,109
2076,109
27528,109
37694,109
20871,109
23889,109
35489,109
47831,109
40239,109
35218,109
7044,109
27561,109
15379,109
20362,109
27581,109
634,109
28361,109
33969,109
12182,109
816,109
48807,109
44385,109
8982,109
5804,109
47566,109
23696,109
12210,109
33835,109
46417,109
30502,109
29990,109
38506,109
25521,109
44772,109
42786,109
12293,109
14248,109
10552,109
22876,109
28397,109
5584,109
22455,109
3905,109
43998,109
5505,109
8524,109
41095,109
12566,109
34912,109
4088,109
13934,109
1834,109
8488,109
17570,109
23257,109
18990,109
33217,109
2364,109
32003,109
6742,109
25575,109
17746,109
29426,109
47291,109
10948,109
13655,109
25810,109
26095,109
39487,109
35960,109
21595,109
9655,109
1579,109
44232,109
12931,109
13534,109
38911,109
18156,109
6248,109
32838,109
13419,109
13010,109
4522,109
17763,108
44849,108
48623,108
10091,108
6969,108
22727,108
45764,108
8181,108
40307,108
42971,108
19252,108
25100,108
12406,108
44936,108
31926,108
49682,108
9116,108
10524,108
17125,108
41664,108
27713,108
38128,108
30750,108
24837,108
48636,108
48543,108
37615,108
36097,108
35550,108
46893,108
386,108
38880,108
21974,108
43456,108
43577,108
38091,108
1682,108
13539,108
18132,108
23873,108
22078,108
27610,108
4898,108
3652,108
29727,108
44149,108
27981,108
32972,108
30552,108
1605,108
10209,108
27816,108
17536,108
39036,108
19031,108
12601,108
8456,108
5224,108
13766,108
11438,108
42921,108
24526,108
26466,108
10489,108
19059,108
42607,108
37163,108
36853,108
17307,108
45389,108
36133,108
11581,108
27769,108
10830,108
13453,108
39868,108
28370,107
47979,107
37705,107
41225,107
48809,107
38186,107
42918,107
33361,107
12108,107
26232,107
28272,107
9336,107
9787,107
43288,107
36377,107
29165,107
19207,107
48616,107
18941,107
30379,107
12761,107
1704,107
42494,107
9541,107
8370,107
30341,107
18760,107
28048,107
11018,107
18576,107
39038,107
8154,107
32222,107
29329,107
30246,107
7998,107
13394,107
13400,107
42088,107
566,107
2523,107
13586,107
10658,107
27876,107
46793,107
5116,107
28581,107
7743,107
22501,107
32335,107
29462,107
5302,107
5329,107
13922,107
25311,107
46626,107
35175,107
24038,107
46507,107
45440,107
6327,107
27260,107
7416,107
17030,107
7390,107
16787,107
46349,107
41447,107
23732,107
27346,107
41326,107
40191,107
16549,107
27558,107
14799,107
40283,107
29883,107
35936,107
49271,107
879,107
36524,107
37826,107
20571,107
31095,107
35588,107
40996,107
28695,106
4022,106
13022,106
35311,106
32916,106
2247,106
43770,106
31674,106
49665,106
43035,106
44838,106
24811,106
24786,106
42040,106
4560,106
31609,106
31739,106
22179,106
6754,106
5061,106
29410,106
30279,106
20653,106
8096,106
45269,106
20781,106
113,106
4267,106
29242,106
28877,106
23428,106
3509,106
6434,106
33988,106
16932,106
21196,106
5999,106
1318,106
32513,106
37937,106
37270,106
43694,106
47665,106
2366,106
8464,106
27571,106
21177,106
33309,106
41886,106
42074,106
6483,106
11747,106
3656,106
7159,106
22792,106
9344,106
49333,106
16709,106
21160,106
28796,106
11892,106
19648,106
6232,106
34374,106
33891,106
24584,106
23210,106
47387,106
23666,106
24116,106
9590,106
37503,106
25793,105
6893,105
9300,105
26434,105
28337,105
34123,105
36498,105
38716,105
45018,105
29625,105
30129,105
26323,105
36711,105
1807,105
1098,105
23466,105
29541,105
12573,105
46561,105
26641,105
42787,105
22687,105
8951,105
11058,105
9635,105
25733,105
30201,105
2211,105
37075,105
10854,105
47448,105
43792,105
32880,105
29482,105
35457,105
40481,105
45849,105
2753,105
43277,105
15239,105
1111,105
48397,105
12391,105
12155,105
21555,105
37152,105
25787,105
36728,105
44239,105
34858,105
22917,105
25887,105
29115,105
32862,105
23665,105
11434,105
13109,105
29319,105
28899,105
1420,105
34602,105
28329,105
20751,105
4941,105
33086,105
21628,105
19024,105
43819,105
9910,105
42989,105
24275,105
17784,105
488,105
37783,105
48730,105
13589,105
14606,105
14925,105
46172,105
5133,105
27170,105
47911,105
24577,105
35122,105
34115,105
9214,105
26522,104
13576,104
15983,104
22029,104
12904,104
12836,104
46808,104
23401,104
6851,104
22530,104
6313,104
576,104
28727,104
9922,104
23456,104
3388,104
42605,104
17485,104
23244,104
41817,104
26875,104
12556,104
30435,104
19112,104
19136,104
11,104
2742,104
19164,104
34552,104
49409,104
14190,104
36098,104
1552,104
48913,104
6725,104
3752,104
30904,104
33829,104
22243,104
1898,104
38491,104
30990,104
24495,104
23116,104
32875,104
5860,104
33223,104
14611,104
19843,104
16662,104
25625,104
24731,104
5960,104
15473,104
25208,104
33220,104
19922,104
16450,104
20335,104
3523,104
38158,104
28979,104
8857,104
6420,104
1509,104
31639,104
47957,104
2933,104
20049,104
11011,104
25671,104
13384,104
42126,104
13494,104
37984,104
35048,104
29149,104
5435,103
27008,103
44863,103
21973,103
47980,103
26416,103
16815,103
20951,103
14459,103
44225,103
33751,103
10384,103
38076,103
4891,103
33975,103
5821,103
33425,103
17453,103
7836,103
47882,103
4348,103
38302,103
16685,103
48949,103
33384,103
5279,103
43430,103
31645,103
43895,103
12690,103
9571,103
27564,103
37663,103
5221,103
6290,103
23286,103
266,103
46250,103
26226,103
31120,103
19908,103
45715,103
16515,103
30933,103
37485,103
18166,103
37671,103
13592,103
4840,103
44271,103
39535,103
35975,103
29843,103
40346,103
28382,103
27439,103
28520,103
6144,103
46163,103
6164,103
26200,103
28923,103
18069,103
33161,103
10263,103
43839,103
15959,103
34560,103
20457,103
39882,103
28006,103
17086,103
304,103
34992,103
5658,103
30977,103
39869,103
48044,103
47555,103
30447,103
35527,103
10544,103
47390,103
25288,103
32290,103
13068,103
33268,102
48127,102
3872,102
7499,102
6815,102
16403,102
23297,102
16018,102
9275,102
29567,102
21460,102
25356,102
45275,102
18635,102
29004,102
37885,102
22970,102
42979,102
14299,102
44746,102
33832,102
43612,102
5357,102
40371,102
24180,102
30031,102
12475,102
5822,102
43467,102
25249,102
25203,102
46162,102
25633,102
47100,102
38151,102
41653,102
33812,102
47970,102
17504,102
29690,102
17508,102
2936,102
5295,102
37416,102
47560,102
49190,102
4396,102
3792,102
34687,102
27898,102
12227,102
39365,102
13842,102
17611,102
41359,102
22132,102
22880,102
12689,102
45979,102
45438,102
18966,102
34412,102
29264,102
31599,102
42061,102
45325,102
2563,102
724,102
4423,102
7795,102
21312,102
10716,102
24772,102
23453,102
9418,102
1973,102
29858,102
7013,102
4382,102
26155,102
14132,102
41708,102
32399,102
49039,102
31044,102
33492,102
21068,102
39555,102
29813,102
7851,102
75,102
22223,101
22168,101
31049,101
36648,101
35032,101
48414,101
31782,101
48799,101
21124,101
48811,101
20695,101
47951,101
20672,101
25459,101
37875,101
20435,101
20304,101
3275,101
38035,101
20122,101
23021,101
3444,101
1455,101
3591,101
3622,101
10330,101
44125,101
38690,101
34499,101
26491,101
1236,101
23371,101
4797,101
4823,101
5019,101
26783,101
39660,101
16805,101
16565,101
146,101
15926,101
27279,101
9848,101
41183,101
44086,101
45817,101
41284,101
45737,101
32626,101
33861,101
33854,101
7227,101
31311,101
27740,101
7472,101
24153,101
13917,101
24222,101
7801,101
45255,101
7909,101
42188,101
35482,101
8176,101
32823,101
8209,101
33212,101
478,101
12781,101
42517,101
32876,101
12671,101
12625,101
466,101
444,101
24392,101
10477,101
44757,101
12220,101
375,101
11880,101
44044,101
8981,101
28383,101
35349,101
9202,101
33376,101
33017,101
11398,101
44317,101
11213,101
11202,101
28729,101
28554,101
25593,101
35604,100
47586,100
25717,100
13297,100
33160,100
21824,100
48584,100
5129,100
48869,100
18338,100
19847,100
36229,100
32499,100
237,100
30182,100
43308,100
3598,100
14967,100
33344,100
28961,100
39300,100
46939,100
42114,100
25963,100
24044,100
42543,100
33558,100
41316,100
27485,100
21882,100
15605,100
27377,100
28113,100
44527,100
25768,100
22303,100
15073,100
44525,100
35262,100
16664,100
20407,100
31569,100
104,100
34737,100
37198,100
8356,100
27014,100
7238,100
31767,100
47228,100
32400,100
8868,100
20483,100
28870,100
45010,100
6617,100
9696,100
43514,100
32391,100
132,100
17084,100
46461,100
47104,100
22356,100
7447,100
39892,100
600,100
33291,100
26208,100
21980,100
4623,100
8146,100
19475,100
24019,100
5369,100
27448,100
24724,100
24175,100
17514,100
27996,100
17540,100
26824,100
33499,100
17654,100
45139,100
13791,100
48006,100
8473,100
39867,99
23605,99
42496,99
20667,99
41327,99
9752,99
1575,99
14677,99
47282,99
29053,99
47270,99
10670,99
39942,99
30295,99
5150,99
19776,99
20430,99
43650,99
44493,99
37450,99
7672,99
36957,99
1198,99
29943,99
39186,99
2754,99
31500,99
35847,99
37782,99
19883,99
46478,99
8486,99
17873,99
14080,99
39424,99
48165,99
32172,99
17921,99
40010,99
46095,99
23024,99
29137,99
14078,99
41555,99
17215,99
3881,99
47967,99
19955,99
37292,99
18672,99
49386,99
1168,99
1880,99
2409,99
44210,99
5471,99
44455,99
13480,99
2917,99
3019,99
40140,99
42681,99
48515,99
28151,99
25130,99
33079,99
11131,99
13009,99
11602,99
20141,99
20004,99
5470,99
38525,99
4242,99
43436,99
47481,99
4714,99
7394,99
45680,99
48711,99
26927,99
15521,99
47534,99
26628,98
47074,98
20096,98
41357,98
25675,98
22663,98
22163,98
32632,98
35036,98
16677,98
14617,98
16681,98
42482,98
14602,98
29815,98
5844,98
22280,98
3144,98
22517,98
32885,98
45592,98
38873,98
35813,98
3447,98
26572,98
48684,98
3099,98
4406,98
30860,98
15093,98
32397,98
44009,98
48981,98
40752,98
18669,98
47695,98
42951,98
26546,98
35110,98
997,98
42290,98
27698,98
22755,98
48582,98
17680,98
49061,98
548,98
43193,98
10372,98
21163,98
17737,98
48136,98
4586,98
20908,98
34086,98
20917,98
4166,98
15956,98
41670,98
37638,98
7947,98
28280,98
41938,98
44247,98
39899,98
34396,98
11310,98
43386,98
28468,98
12463,98
25723,98
35972,98
40929,98
46004,98
387,98
44544,98
17172,98
6309,98
39110,98
40246,98
46713,98
15633,98
22174,98
20054,98
11475,98
2273,98
40172,98
29761,98
30434,98
24623,98
8583,97
26182,97
29073,97
8888,97
20045,97
11897,97
49287,97
19599,97
24486,97
12131,97
33885,97
7001,97
27349,97
40188,97
34155,97
15087,97
23738,97
29929,97
25553,97
41172,97
45590,97
41524,97
2404,97
41572,97
41578,97
14331,97
15907,97
46072,97
21642,97
7433,97
30015,97
39900,97
44070,97
24950,97
37098,97
21794,97
41747,97
21325,97
172,97
13978,97
21263,97
13947,97
9822,97
37467,97
7671,97
21192,97
21190,97
17677,97
9468,97
5148,97
5126,97
21103,97
30159,97
25328,97
24031,97
2773,97
4984,97
31728,97
25338,97
4842,97
26654,97
18269,97
2883,97
27967,97
45144,97
31969,97
33022,97
31177,97
39067,97
42306,97
13039,97
33172,97
20602,97
23832,97
6395,97
9957,97
31289,97
38893,97
43142,97
32178,97
48833,97
18819,97
6629,97
8429,97
1737,97
16378,97
32015,97
10799,97
29214,97
38071,97
23776,97
38691,97
4069,97
46302,96
19055,96
34883,96
12535,96
48710,96
31700,96
2644,96
36057,96
8503,96
12580,96
44447,96
15529,96
22763,96
38634,96
24586,96
40630,96
18383,96
41073,96
9668,96
49398,96
28792,96
14773,96
32231,96
11696,96
469,96
14338,96
43985,96
24056,96
14344,96
2628,96
20617,96
23768,96
42547,96
47497,96
38230,96
38586,96
38002,96
3883,96
42868,96
22995,96
30405,96
44785,96
12009,96
15232,96
7341,96
45522,96
11770,96
30507,96
19423,96
23048,96
31281,96
18195,96
43626,96
18207,96
36801,96
45784,96
11276,96
18118,96
32999,96
31,96
10795,96
26659,96
29399,96
9845,96
39346,96
400,96
9712,96
13618,96
32887,96
5185,96
30164,96
11817,96
13635,96
26837,96
49335,96
6192,96
13121,96
5109,96
42785,96
7757,96
45442,96
16899,96
44858,96
15037,96
38651,96
8494,96
41971,96
32032,96
41250,96
9530,96
34095,96
23439,96
14481,96
30706,96
14206,96
17117,96
41452,96
16786,96
1212,96
21706,95
15303,95
46735,95
13785,95
9508,95
41082,95
30899,95
45791,95
36348,95
43849,95
33020,95
43399,95
46606,95
9274,95
37427,95
35022,95
17248,95
39853,95
14113,95
36599,95
21565,95
25269,95
39022,95
33084,95
4543,95
4532,95
4517,95
4513,95
16936,95
8233,95
32202,95
45523,95
26995,95
3411,95
44997,95
26366,95
7267,95
42408,95
24410,95
1794,95
14427,95
36750,95
27254,95
36799,95
38639,95
16700,95
2321,95
44939,95
8394,95
14626,95
49317,95
49602,95
6517,95
48489,95
5968,95
8410,95
7020,95
34140,95
18852,95
6915,95
22091,95
25001,95
4205,95
16467,95
24797,95
23098,95
11816,95
36867,95
31777,95
30205,95
27893,95
35148,95
18266,95
32793,95
22409,95
15283,95
31617,95
28970,95
42004,95
48574,95
42185,95
28778,95
29059,95
9815,95
23887,94
850,94
6767,94
22457,94
16233,94
14942,94
40331,94
16411,94
6926,94
24084,94
16484,94
14737,94
5958,94
40113,94
41474,94
10557,94
27650,94
27687,94
31698,94
7505,94
41740,94
39741,94
17571,94
13693,94
17899,94
17906,94
5033,94
42083,94
18162,94
13398,94
7975,94
563,94
13360,94
31604,94
13139,94
35726,94
8098,94
47055,94
8111,94
18491,94
26577,94
25021,94
12956,94
4418,94
484,94
38876,94
4284,94
30982,94
29234,94
4208,94
18942,94
44889,94
38757,94
48945,94
3981,94
19274,94
3780,94
19404,94
30509,94
19872,94
44671,94
11915,94
49547,94
24605,94
43066,94
25451,94
20510,94
22252,94
3038,94
20647,94
26026,94
26017,94
37650,94
9379,94
21023,94
21165,94
36945,94
11200,94
48141,94
9556,94
21419,94
1588,94
28697,94
10946,94
25785,94
35950,94
29747,94
25206,94
32556,94
40710,94
44105,94
46039,94
6356,94
111,93
2239,93
2601,93
14869,93
23571,93
7994,93
38764,93
2869,93
45405,93
19993,93
45176,93
11385,93
31493,93
26191,93
19492,93
46942,93
47827,93
6788,93
45213,93
40429,93
17425,93
35793,93
38377,93
40453,93
47656,93
5257,93
29739,93
15721,93
34929,93
39502,93
21105,93
11138,93
14985,93
18868,93
36666,93
47478,93
49573,93
15114,93
10349,93
7017,93
40599,93
21175,93
40642,93
20353,93
29875,93
36844,93
30433,93
6005,93
42472,93
15577,93
30357,93
40158,93
42462,93
47383,93
3810,93
27366,93
22173,93
25742,93
44996,93
38933,93
31239,93
20106,93
32056,93
40989,93
20557,93
3052,93
31771,93
6322,93
44821,93
7234,93
2395,93
40391,93
979,93
29289,93
7324,93
14353,93
18596,93
1630,93
26442,93
18587,93
20121,93
10945,93
9824,93
34591,93
43206,93
22928,93
17103,93
14151,93
22288,93
21519,93
49118,93
3313,93
10308,93
23356,93
46148,93
26616,93
39152,93
45165,93
38110,92
19263,92
47425,92
32974,92
30419,92
43047,92
47781,92
6722,92
30396,92
47841,92
26490,92
18825,92
44945,92
36311,92
4388,92
48972,92
43151,92
12961,92
40705,92
39000,92
49378,92
32221,92
31174,92
18438,92
2901,92
43796,92
13339,92
45169,92
4831,92
31940,92
13415,92
20975,92
46894,92
36254,92
35758,92
22851,92
22631,92
46097,92
17719,92
17709,92
2719,92
22196,92
37500,92
43636,92
39580,92
7690,92
5256,92
2667,92
37474,92
5335,92
17412,92
45383,92
34268,92
24166,92
5442,92
14115,92
2271,92
17072,92
24149,92
41634,92
41628,92
10926,92
36633,92
10925,92
45502,92
10888,92
7287,92
14512,92
5806,92
24672,92
15108,92
15552,92
16631,92
16563,92
16516,92
27546,92
8796,92
8776,92
3635,92
35432,92
47686,92
38389,92
31682,92
36451,92
46179,92
19307,92
49413,92
26370,92
44775,91
33412,91
9777,91
16993,91
9936,91
33609,91
24040,91
4612,91
2995,91
36379,91
28567,91
19633,91
44725,91
24874,91
14326,91
3247,91
49129,91
48474,91
38953,91
30857,91
14394,91
3528,91
43733,91
16831,91
47148,91
36084,91
30863,91
622,91
15317,91
38681,91
36317,91
26539,91
9033,91
35000,91
16667,91
28755,91
4405,91
18973,91
20283,91
27066,91
22117,91
18742,91
4311,91
10093,91
4295,91
8408,91
22225,91
43354,91
13763,91
467,91
49212,91
10329,91
33544,91
43104,91
37475,91
23425,91
11223,91
4973,91
15185,91
17624,91
46903,91
391,91
10052,91
893,91
42537,91
45198,91
17398,91
5431,91
40730,91
3240,91
6355,91
8786,91
44230,91
43239,91
41778,91
11414,91
13314,91
25470,91
45830,91
6690,91
23949,91
13115,91
6693,91
32690,91
22390,91
21520,91
32900,91
48789,91
42316,91
27527,91
24978,90
31381,90
31602,90
49371,90
692,90
2,90
31158,90
1756,90
1838,90
1931,90
48517,90
48260,90
48249,90
48189,90
31931,90
47664,90
47648,90
3859,90
4000,90
47304,90
47297,90
4221,90
5590,90
30004,90
6077,90
46108,90
32521,90
29707,90
45721,90
7140,90
32705,90
7662,90
45245,90
32779,90
29281,90
8403,90
29172,90
8623,90
8765,90
32963,90
44273,90
9545,90
10320,90
10383,90
43766,90
43741,90
43723,90
10554,90
33272,90
33298,90
33324,90
43271,90
43067,90
11872,90
28257,90
28172,90
12571,90
42614,90
42568,90
12790,90
12958,90
13399,90
13663,90
13758,90
41673,90
14520,90
14537,90
14695,90
14763,90
15213,90
40896,90
40685,90
40555,90
40498,90
16690,90
16879,90
17669,90
18256,90
39172,90
19093,90
26409,90
19667,90
19842,90
37657,90
21499,90
21596,90
21619,90
36448,90
23195,90
23253,90
23361,90
36137,90
23691,90
23756,90
35947,90
35913,90
35893,90
24446,90
35653,90
5594,89
46506,89
44150,89
10816,89
15607,89
21798,89
29356,89
14509,89
17287,89
29579,89
39791,89
41562,89
39728,89
8342,89
44272,89
22137,89
28627,89
12873,89
38537,89
36964,89
45363,89
6411,89
45369,89
35680,89
31458,89
29612,89
48862,89
41054,89
28816,89
6699,89
18688,89
13365,89
15896,89
36411,89
44901,89
34791,89
21752,89
27258,89
33550,89
48686,89
23171,89
15958,89
40572,89
13402,89
29192,89
4430,89
20770,89
18508,89
48173,89
15260,89
16149,89
7104,89
33490,89
1634,89
22855,89
8635,89
36570,89
24543,89
31731,89
40355,89
16407,89
36213,89
6080,89
29110,89
37949,89
42861,89
30267,89
18437,89
8807,89
2649,89
40973,89
40912,89
45235,89
8885,89
7327,89
40139,89
49688,89
36630,89
38094,89
13240,89
27051,89
30779,89
6564,89
40128,89
49189,89
32682,89
13795,89
47735,89
3436,89
45027,89
13681,89
24923,89
41310,89
3476,89
16914,89
14420,89
31280,89
27612,89
19990,89
41698,89
39910,89
37212,89
41706,89
28623,89
7266,88
37372,88
15096,88
45841,88
29362,88
7940,88
15006,88
7924,88
32788,88
4701,88
42071,88
6859,88
2521,88
6910,88
1766,88
13574,88
10578,88
34351,88
9774,88
38590,88
49428,88
19275,88
26777,88
44178,88
10918,88
39543,88
32312,88
24404,88
35690,88
49674,88
46965,88
3706,88
46629,88
17408,88
9814,88
26279,88
47609,88
32368,88
9352,88
47312,88
25159,88
30545,88
35868,88
9135,88
4769,88
11613,88
41910,88
28372,88
5919,88
23749,88
22380,88
5967,88
32966,88
28312,88
49123,88
44664,88
23529,88
37950,88
23489,88
7700,88
37945,88
38866,88
23450,88
46912,88
44749,88
18237,88
49049,88
22412,88
36289,88
1987,88
3050,88
28786,88
18077,88
22421,88
4432,88
31145,88
15998,88
20789,88
40615,88
15915,88
1852,88
15844,88
13697,88
39338,88
12874,88
1843,88
2815,88
12892,88
40760,88
21729,88
1538,88
15531,88
12965,88
42379,88
48098,88
25923,88
41988,88
29428,88
8179,88
40998,88
29726,88
10525,88
15274,88
2602,88
8109,88
48317,88
4511,88
8066,88
32568,88
13135,88
36610,88
48387,87
19257,87
46362,87
9357,87
6405,87
12830,87
6744,87
21220,87
45606,87
38336,87
41022,87
5264,87
16751,87
28866,87
44571,87
42160,87
28904,87
5854,87
35559,87
34028,87
35529,87
20504,87
5909,87
44430,87
8965,87
11470,87
49301,87
5457,87
41405,87
8033,87
9750,87
13761,87
2735,87
5199,87
45837,87
23290,87
45549,87
30524,87
29161,87
39287,87
1629,87
6198,87
48083,87
9968,87
46928,87
48763,87
38052,87
12692,87
35817,87
41398,87
47582,87
36512,87
2525,87
43159,87
14605,87
4894,87
19844,87
5411,87
47198,87
33964,87
41060,87
1828,87
29817,87
28803,87
16583,87
46961,87
5005,87
21371,87
2075,87
36095,87
21302,87
11594,87
23614,87
44879,87
16572,87
40266,87
28958,87
48753,87
22650,87
3216,87
46846,87
8819,87
28766,87
40335,87
39219,87
16147,87
36145,87
36147,87
7471,87
35439,87
16492,87
21281,87
40553,87
19802,87
38918,87
4721,87
38140,87
18783,87
37796,87
16059,87
36665,87
27308,87
42214,87
22048,87
3460,86
27226,86
31800,86
8548,86
31977,86
16134,86
36821,86
8190,86
3152,86
18789,86
12424,86
30699,86
36324,86
37810,86
17506,86
19394,86
44773,86
21208,86
18974,86
23337,86
20621,86
32591,86
44423,86
21961,86
4265,86
14476,86
37049,86
27631,86
30241,86
33286,86
727,86
28659,86
33112,86
29501,86
37027,86
33259,86
9173,86
2795,86
38446,86
6431,86
48091,86
21412,86
2459,86
15750,86
806,86
23907,86
23903,86
21625,86
37227,86
45878,86
5356,86
9039,86
31559,86
14400,86
40638,86
16675,86
23086,86
7365,86
48244,86
38595,86
39330,86
42203,86
39210,86
29525,86
20861,86
23791,86
29800,86
10641,86
28130,86
12709,86
19825,86
43004,86
7089,86
36649,86
46466,86
46268,86
43798,86
12665,86
35017,86
8876,86
20291,86
28313,86
14674,86
13015,86
48381,86
1352,86
40838,86
26956,86
46077,86
40224,86
33068,86
39697,86
37717,86
20375,86
12587,86
43400,86
18215,86
44318,85
7406,85
33336,85
5572,85
11336,85
35835,85
46449,85
9302,85
13835,85
48509,85
46419,85
43185,85
3514,85
7065,85
38152,85
25765,85
380,85
46400,85
18552,85
41759,85
27879,85
44029,85
4567,85
14586,85
23850,85
28367,85
20103,85
43041,85
28340,85
41236,85
38671,85
20229,85
5980,85
23686,85
16584,85
18400,85
46251,85
23600,85
10561,85
6030,85
1965,85
18807,85
46208,85
37277,85
37175,85
6618,85
20523,85
16326,85
10628,85
31435,85
1246,85
20656,85
21761,85
34775,85
32898,85
24858,85
45148,85
20771,85
47024,85
36607,85
16011,85
22669,85
10009,85
21496,85
27268,85
42540,85
36407,85
15914,85
37108,85
45272,85
40657,85
45072,85
37655,85
31758,85
12832,85
37616,85
40758,85
25491,85
15666,85
15606,85
36638,85
34326,85
7262,85
24914,85
39590,85
30495,85
24345,85
5271,85
39648,85
25583,85
28509,85
38434,85
35663,85
24205,85
19579,85
22310,85
26903,85
41550,84
12122,84
45070,84
4062,84
635,84
34299,84
7903,84
2944,84
45050,84
38805,84
4978,84
37497,84
41948,84
7075,84
10614,84
39138,84
45512,84
36742,84
20807,84
44878,84
36798,84
18225,84
45925,84
8044,84
39517,84
40181,84
28323,84
37378,84
32883,84
18958,84
13382,84
33134,84
30805,84
35444,84
25995,84
9794,84
44896,84
37320,84
35109,84
18859,84
7805,84
45240,84
18954,84
35777,84
15900,84
45576,84
23055,84
2315,84
28789,84
24921,84
5835,84
14275,84
23868,84
35531,84
25801,84
26869,84
39235,84
4233,84
35927,84
16890,84
47712,84
2859,84
35889,84
11585,84
17164,84
45612,84
40808,84
21647,84
44286,84
26355,84
46411,84
32313,84
11505,84
47538,84
5718,84
47694,84
15229,84
27793,84
582,84
6701,84
10813,84
3525,84
18307,84
28546,84
43211,84
12944,84
46574,84
27688,84
37162,84
27354,84
21940,84
46657,84
45848,84
13478,84
41941,84
16353,84
31187,84
1207,84
30788,84
16370,84
35579,84
16212,84
12377,84
2997,84
9872,84
12404,84
41093,84
13485,84
14698,84
36328,84
34733,84
30836,84
16073,84
30705,84
24306,84
12479,84
42089,84
38987,83
8491,83
33913,83
19494,83
19289,83
20328,83
4873,83
229,83
28490,83
13873,83
15646,83
18679,83
44827,83
21034,83
36507,83
31396,83
41109,83
9169,83
35549,83
41978,83
1549,83
37698,83
20202,83
5432,83
47661,83
47070,83
8454,83
18628,83
18297,83
38285,83
14965,83
4866,83
35755,83
37888,83
41436,83
30621,83
44613,83
36404,83
48396,83
28674,83
30127,83
14256,83
47465,83
42512,83
33339,83
39286,83
41615,83
1329,83
9937,83
34541,83
22410,83
33114,83
46144,83
47901,83
33083,83
19089,83
10396,83
46540,83
27489,83
24961,83
36870,83
5468,83
24356,83
43405,83
26054,83
30956,83
3626,83
31193,83
41731,83
23040,83
3982,83
38133,83
23009,83
11027,83
28952,83
18012,83
46695,83
11098,83
36187,83
205,83
12972,83
45025,83
37172,83
39742,83
37769,83
30905,83
44484,83
13089,83
48725,83
41084,83
23574,83
37869,82
37082,82
33761,82
2221,82
2017,82
41620,82
4679,82
36999,82
38813,82
47372,82
5001,82
35599,82
5050,82
47417,82
47436,82
17774,82
5146,82
3791,82
10937,82
9670,82
18887,82
11038,82
11128,82
9523,82
17430,82
35778,82
19549,82
17190,82
11342,82
637,82
9817,82
39969,82
9265,82
24083,82
24070,82
18950,82
28410,82
34689,82
16769,82
8979,82
16661,82
43015,82
16643,82
5961,82
29904,82
49093,82
3157,82
8797,82
12156,82
16421,82
28266,82
27144,82
28256,82
31184,82
44023,82
33486,82
12346,82
6205,82
23285,82
16163,82
20741,82
23243,82
40532,82
32895,82
16022,82
48944,82
8423,82
36420,82
32868,82
2884,82
40677,82
36483,82
21029,82
12938,82
37523,82
15417,82
45894,82
21238,82
10037,82
13111,82
45120,82
8052,82
32575,82
37369,82
41137,82
2578,82
24773,82
30822,82
13455,82
14954,82
22614,82
2520,82
27901,82
41278,82
36712,82
4286,82
7847,82
45744,82
29637,82
22541,82
27577,82
2377,82
10157,82
38727,82
4883,82
30883,82
14445,82
31838,82
13982,82
14392,82
42003,81
4800,81
1585,81
1574,81
6607,81
22049,81
22897,81
13011,81
6527,81
37559,81
8295,81
14088,81
21059,81
33991,81
1486,81
6380,81
31950,81
42558,81
8470,81
13706,81
29812,81
25596,81
29212,81
25388,81
23199,81
29825,81
10068,81
12547,81
12521,81
6220,81
12378,81
20614,81
16322,81
38848,81
49052,81
20500,81
27140,81
8784,81
6065,81
30376,81
36123,81
27827,81
290,81
10451,81
11868,81
33777,81
8994,81
3406,81
23869,81
27016,81
16819,81
28617,81
33397,81
47330,81
34508,81
5702,81
28435,81
1918,81
19940,81
41702,81
43246,81
17137,81
589,81
17236,81
17241,81
14483,81
35804,81
7475,81
38399,81
39784,81
9942,81
26823,81
34595,81
49408,81
5166,81
19327,81
1955,81
45494,81
10876,81
34558,81
43563,81
45527,81
33837,81
47433,81
46829,81
30,81
18018,81
2167,81
26573,81
29518,81
21633,81
21615,81
14754,81
31894,81
22111,81
33692,81
7864,81
6770,81
7944,81
41139,81
1635,81
18314,80
26609,80
26512,80
44176,80
33088,80
465,80
28898,80
209,80
9496,80
11368,80
35844,80
694,80
43163,80
28404,80
43782,80
49258,80
11736,80
869,80
36014,80
23793,80
911,80
25285,80
42886,80
44762,80
24986,80
23320,80
28179,80
36338,80
22958,80
25492,80
22764,80
22678,80
22634,80
31038,80
10191,80
22586,80
1906,80
33730,80
29452,80
31825,80
13844,80
41868,80
41827,80
7458,80
36993,80
41644,80
7317,80
45589,80
25748,80
41448,80
14616,80
27598,80
21686,80
21640,80
6932,80
45772,80
25823,80
45794,80
21583,80
37285,80
15015,80
29688,80
6739,80
41075,80
6670,80
21255,80
29745,80
32542,80
21122,80
27339,80
6441,80
15819,80
15853,80
20862,80
37704,80
46103,80
40474,80
46128,80
20620,80
32471,80
3091,80
40244,80
20288,80
16632,80
47793,80
40127,80
38212,80
24771,80
38268,80
34656,80
5600,80
17148,80
19728,80
34248,80
17242,80
30522,80
47574,80
39790,80
17342,80
19520,80
17442,80
5269,80
26342,80
46698,80
46737,80
19158,80
39414,80
26741,80
30418,80
4113,80
30403,80
38778,80
46973,80
14354,80
4117,79
37099,79
41226,79
36762,79
46324,79
1079,79
42638,79
31622,79
9773,79
28840,79
44850,79
1136,79
6250,79
43178,79
41208,79
27623,79
37591,79
8551,79
40518,79
30356,79
43121,79
601,79
42619,79
4770,79
5018,79
18430,79
9819,79
22203,79
22233,79
7118,79
42157,79
14068,79
38688,79
24136,79
35086,79
12307,79
9967,79
28876,79
42916,79
34369,79
2011,79
19105,79
37353,79
15954,79
45484,79
48076,79
41748,79
22437,79
41103,79
27962,79
29224,79
34172,79
44737,79
13820,79
45153,79
48062,79
42370,79
10640,79
21896,79
36627,79
26487,79
24126,79
40234,79
18979,79
25070,79
42698,79
40715,79
19813,79
40613,79
37165,79
20443,79
8347,79
33516,79
5807,79
47557,79
10480,79
38485,79
28239,79
18664,79
48670,79
23831,79
45353,79
28368,79
27162,79
2039,79
46647,79
45382,79
15282,79
33074,79
17463,79
20596,79
36208,79
42303,79
8150,79
27749,79
40117,79
14562,79
40,79
48535,79
28017,79
17875,79
16550,79
31779,79
21774,79
12794,79
17233,79
26600,79
39129,79
30005,79
9538,79
6463,79
30515,79
38024,79
4352,79
33693,79
6122,79
28246,79
16447,79
36511,79
28067,79
18306,79
18360,79
4035,79
3276,79
30531,79
37264,79
23095,79
48472,79
3367,79
39513,79
28579,79
28506,78
13034,78
39746,78
48114,78
15454,78
34699,78
42359,78
8225,78
43337,78
41954,78
33162,78
13580,78
30398,78
682,78
19574,78
11209,78
48824,78
19581,78
44638,78
48386,78
34633,78
43328,78
34982,78
29760,78
18547,78
8276,78
33981,78
31411,78
48692,78
21064,78
35805,78
18365,78
22968,78
37051,78
23810,78
22973,78
4584,78
28075,78
42553,78
22978,78
20548,78
2816,78
43038,78
15734,78
36752,78
4182,78
15747,78
2863,78
49339,78
44398,78
2882,78
38079,78
25427,78
15850,78
20408,78
29243,78
28108,78
26697,78
13558,78
20783,78
28318,78
6862,78
24016,78
28694,78
40597,78
10700,78
46399,78
5776,78
23433,78
2906,78
28971,78
12465,78
23980,78
22263,78
8553,78
42165,78
41153,78
36643,78
18752,78
46743,78
30701,78
10692,78
15140,78
18510,78
24341,78
48893,78
17914,78
507,78
1628,78
13197,78
5287,78
23747,78
47829,78
5288,78
27450,78
20715,78
27443,78
38111,78
43550,78
11088,78
30510,78
30647,78
20360,78
42602,78
34715,78
28917,78
24829,78
48507,78
18882,78
22262,78
7845,78
49572,78
39715,78
44394,78
24256,78
1914,78
6204,78
40968,78
8995,78
10738,77
30404,77
43257,77
1397,77
30546,77
44407,77
45710,77
23208,77
26394,77
12351,77
41695,77
26990,77
22363,77
33264,77
40544,77
2931,77
45586,77
385,77
31151,77
7168,77
40483,77
13587,77
46371,77
7856,77
38798,77
20097,77
44719,77
12364,77
30690,77
37249,77
12363,77
20105,77
26675,77
20586,77
37857,77
9986,77
8643,77
31497,77
3333,77
27056,77
2514,77
10185,77
4070,77
19303,77
45209,77
33174,77
13450,77
26781,77
4318,77
5138,77
2542,77
16483,77
2565,77
1731,77
47507,77
35597,77
27932,77
13404,77
8787,77
10919,77
8788,77
23520,77
32577,77
17690,77
27957,77
27832,77
22733,77
22742,77
16569,77
39658,77
22799,77
30945,77
47550,77
16355,77
21978,77
33931,77
15257,77
46662,77
39700,77
37452,77
45499,77
21235,77
15342,77
32825,77
14174,77
32688,77
20498,77
36559,77
27403,77
42809,77
3319,77
15428,77
24209,77
8900,77
18408,77
15490,77
24190,77
17340,77
38412,77
49577,77
17243,77
37562,77
33328,77
42810,77
40152,77
30042,77
8308,77
13855,77
37604,77
18612,77
16367,77
11322,77
46005,77
11351,77
7202,77
28099,77
9966,77
18187,77
5657,77
7829,77
8405,77
42499,77
29238,77
46035,77
16385,77
11172,76
43011,76
4708,76
33473,76
49152,76
31688,76
16470,76
23488,76
18393,76
32947,76
26671,76
8856,76
31214,76
3180,76
26120,76
37016,76
30195,76
22207,76
38924,76
36783,76
36779,76
47091,76
44074,76
48307,76
21673,76
39402,76
17907,76
366,76
6944,76
32301,76
4326,76
38578,76
35664,76
30902,76
35019,76
38560,76
14441,76
2550,76
49418,76
5178,76
21876,76
1673,76
435,76
9692,76
31790,76
18940,76
21834,76
4194,76
5270,76
25721,76
30217,76
1602,76
27990,76
49503,76
15284,76
13098,76
45071,76
38461,76
13066,76
29313,76
24226,76
28514,76
5362,76
14105,76
25916,76
45923,76
18351,76
45030,76
39749,76
19587,76
17301,76
11231,76
28059,76
40832,76
40807,76
41470,76
45990,76
38307,76
43890,76
40748,76
28467,76
13960,76
44369,76
38260,76
2864,76
46465,76
20894,76
15879,76
2889,76
1456,76
34031,76
29797,76
47662,76
25384,76
4078,76
37701,76
47273,76
39963,76
10659,76
9231,76
9215,76
14601,76
9151,76
44854,76
42668,76
26025,76
40052,76
9072,76
18397,76
16763,76
23847,76
29448,76
16217,76
1328,76
12336,76
32903,76
40375,76
1193,76
49181,76
33483,76
25320,75
29575,75
29581,75
14551,75
1928,75
14664,75
31029,75
41305,75
1755,75
14939,75
4919,75
14978,75
25528,75
45191,75
7977,75
21429,75
1671,75
19044,75
6727,75
37384,75
48791,75
24558,75
13124,75
35054,75
4694,75
22892,75
40948,75
27383,75
31101,75
15537,75
22955,75
8272,75
25449,75
9830,75
25967,75
12827,75
35441,75
12806,75
15822,75
40658,75
15917,75
34792,75
36400,75
27266,75
6284,75
36349,75
185,75
34062,75
42694,75
25365,75
8588,75
32489,75
39229,75
40317,75
31443,75
1108,75
6076,75
42876,75
40211,75
40161,75
34158,75
46285,75
3395,75
865,75
49207,75
32405,75
49237,75
46415,75
16957,75
5715,75
9297,75
11418,75
34667,75
17085,75
43806,75
18884,75
17179,75
19693,75
11260,75
9427,75
19602,75
30514,75
31340,75
17431,75
28541,75
19386,75
24352,75
24379,75
17671,75
5197,75
9675,75
10907,75
10390,75
30478,75
47495,75
46786,75
18302,75
38815,75
35609,75
39345,75
44121,75
18519,75
19088,75
45463,75
25703,75
27702,75
34954,75
45480,75
45517,75
49675,75
29547,75
7565,75
7580,75
38097,74
23314,74
3032,74
16183,74
16181,74
14265,74
44824,74
47954,74
11706,74
5796,74
44541,74
40507,74
14270,74
9112,74
40011,74
8522,74
43176,74
14580,74
31643,74
39994,74
35569,74
1974,74
28434,74
28784,74
26960,74
12717,74
7470,74
48468,74
8392,74
10617,74
5626,74
14286,74
23002,74
18856,74
42438,74
4124,74
37605,74
20999,74
24162,74
4758,74
12925,74
33193,74
37569,74
19690,74
21073,74
32246,74
6528,74
18255,74
26433,74
42385,74
44298,74
33323,74
39155,74
21147,74
21156,74
26304,74
28503,74
317,74
40966,74
5368,74
2700,74
40979,74
28924,74
33817,74
2653,74
19470,74
48166,74
42291,74
21315,74
31909,74
42285,74
35596,74
21370,74
39661,74
47549,74
25103,74
42213,74
28907,74
43434,74
45379,74
15156,74
3755,74
25520,74
19353,74
46733,74
35368,74
4771,74
9673,74
13333,74
15034,74
26791,74
43680,74
7929,74
7919,74
9716,74
27636,74
17772,74
43528,74
22608,74
39494,74
4196,74
22579,74
31030,74
22561,74
22182,74
145,74
32625,74
47391,74
1827,74
48321,74
13670,74
39310,74
45666,74
27722,74
22098,74
29517,74
7242,74
41657,74
27100,74
3254,74
49119,74
23633,74
6043,74
45640,74
32470,74
44720,74
46187,74
43010,74
3315,74
8713,74
3084,74
41932,74
42771,74
42770,74
33799,74
8628,74
31989,74
11749,73
3079,73
5897,73
31844,73
22545,73
8598,73
10600,73
28938,73
31882,73
40112,73
21379,73
13532,73
25037,73
14912,73
25618,73
42712,73
45776,73
47745,73
15480,73
27372,73
31229,73
3401,73
10516,73
30107,73
29041,73
48635,73
7754,73
28832,73
48501,73
29081,73
11002,73
40478,73
15310,73
48401,73
10101,73
18744,73
6919,73
43103,73
17788,73
47716,73
27138,73
24855,73
40020,73
24005,73
47036,73
31147,73
43956,73
14828,73
42953,73
45563,73
21167,73
22181,73
17811,73
16008,73
31366,73
43177,73
10952,73
26014,73
47810,73
10141,73
14808,73
2618,73
49145,73
39989,73
21129,73
48516,73
39987,73
1349,73
40218,73
42177,73
16600,73
49313,73
14672,73
12595,73
11423,73
1351,73
42587,73
41898,73
3597,73
26964,73
14281,73
45423,73
17035,73
46789,73
15275,73
179,73
12694,73
9785,73
49356,73
23137,73
5367,73
15875,73
49143,73
15873,73
5080,73
6958,73
18935,73
1462,73
33256,73
8740,73
5364,73
22500,73
37930,73
47769,73
30906,73
42456,73
28026,73
21656,73
20931,73
6802,73
16520,73
17716,73
26359,73
28469,73
30533,73
5570,73
15009,73
11289,73
6154,73
16386,73
6826,73
34630,73
43677,73
19750,73
11805,73
10736,73
15368,73
40398,73
31773,73
10731,73
33588,73
12999,73
19666,72
28614,72
39390,72
48082,72
2743,72
31417,72
47212,72
49347,72
37873,72
13892,72
28046,72
43330,72
4067,72
45932,72
4237,72
39305,72
13695,72
22927,72
44287,72
2337,72
15495,72
40915,72
8221,72
4456,72
37493,72
32699,72
4440,72
29301,72
30286,72
22304,72
34930,72
1887,72
2683,72
22273,72
19463,72
26710,72
4165,72
21309,72
5330,72
523,72
22803,72
38479,72
37413,72
2105,72
41046,72
42274,72
22771,72
29150,72
2117,72
21886,72
36634,72
7633,72
34950,72
483,72
2201,72
45642,72
39192,72
17675,72
25645,72
37983,72
442,72
16532,72
7990,72
29696,72
28819,72
25858,72
10597,72
11982,72
35232,72
10394,72
21546,72
11834,72
37996,72
42077,72
5136,72
39269,72
13527,72
16242,72
3033,72
20107,72
20643,72
28825,72
1258,72
42945,72
22212,72
28375,72
42048,72
12429,72
31259,72
31266,72
826,72
3078,72
46375,72
1332,72
32406,72
7591,72
40511,72
16081,72
34071,72
27124,72
44857,72
16925,72
44456,72
35172,72
38174,72
39445,72
2928,72
24094,72
29401,72
1395,72
23166,72
17067,72
15882,72
5617,72
28605,72
15769,72
20923,72
13837,72
12880,72
11319,72
23000,72
45696,72
13937,72
11293,72
1926,72
32766,72
8306,72
42018,72
28355,72
48292,72
48615,72
45436,72
6480,72
15600,72
24174,72
7651,72
17529,71
44118,71
10717,71
33108,71
43525,71
44175,71
10891,71
43511,71
33317,71
43349,71
11211,71
11282,71
49552,71
29023,71
11647,71
43077,71
11765,71
33428,71
11878,71
44654,71
12261,71
12318,71
29170,71
42608,71
8483,71
8433,71
8399,71
12890,71
42400,71
33608,71
13074,71
8141,71
27952,71
13377,71
45220,71
7865,71
27857,71
13741,71
45328,71
14002,71
7519,71
27731,71
14350,71
29552,71
33834,71
45593,71
29601,71
14817,71
6936,71
41174,71
6723,71
27460,71
15321,71
15684,71
6393,71
46085,71
29834,71
16052,71
40358,71
27146,71
6033,71
16646,71
5916,71
5848,71
27003,71
26997,71
39997,71
46424,71
32385,71
17353,71
17383,71
32336,71
32334,71
17641,71
17700,71
26788,71
17853,71
5111,71
39388,71
46865,71
4890,71
4887,71
18264,71
18577,71
18745,71
4393,71
4253,71
30397,71
4159,71
47429,71
3960,71
34581,71
19367,71
19472,71
38432,71
19542,71
19583,71
26291,71
38346,71
26266,71
34657,71
19812,71
38227,71
30578,71
19997,71
3195,71
30673,71
47945,71
31979,71
37683,71
20870,71
20913,71
30740,71
48105,71
2614,71
2335,71
21792,71
34908,71
2319,71
21943,71
21979,71
2052,71
22222,71
48586,71
31834,71
36813,71
31005,71
1696,71
1494,71
1488,71
48858,71
31117,71
1438,71
48884,71
24861,71
1213,71
1126,71
35162,71
49090,71
35485,71
962,71
918,71
595,71
35800,71
35651,71
49458,71
10174,71
10328,71
3456,70
1341,70
49681,70
30991,70
4746,70
36337,70
43853,70
17626,70
48008,70
39227,70
4644,70
42626,70
18216,70
39606,70
18323,70
6687,70
13748,70
2569,70
48941,70
1833,70
16976,70
11261,70
6114,70
23169,70
18766,70
37440,70
25586,70
12730,70
48895,70
47684,70
13582,70
17444,70
22607,70
45241,70
1714,70
24989,70
8371,70
16069,70
29257,70
19804,70
10364,70
612,70
6714,70
18540,70
28827,70
29330,70
49337,70
46598,70
4510,70
40893,70
15736,70
30415,70
1495,70
22807,70
36572,70
22873,70
19713,70
47929,70
40308,70
5492,70
10619,70
12997,70
728,70
44991,70
23987,70
48037,70
32002,70
35944,70
37239,70
4096,70
48360,70
19063,70
31879,70
33411,70
45984,70
37741,70
8950,70
10226,70
49182,70
21848,70
44621,70
33848,70
25736,70
36047,70
27685,70
23720,70
19129,70
37510,70
15155,70
46259,70
42988,70
48465,70
8875,70
4827,70
11929,70
1015,70
41641,70
3292,70
35593,70
40147,70
21401,70
48496,70
32451,70
24927,70
19206,70
3932,70
23493,70
21049,70
14181,70
47451,70
45421,70
39496,70
38083,70
1119,70
29927,70
46015,70
14026,70
5915,70
31536,70
18854,70
36224,70
32924,70
40662,70
20879,70
9924,70
43995,70
13959,70
8648,70
24270,70
46133,70
35136,70
49380,70
16323,70
26180,70
44814,70
20831,70
40418,70
10757,70
29966,70
10697,70
25917,69
15522,69
6553,69
40820,69
10168,69
46120,69
40783,69
15696,69
16084,69
20758,69
2831,69
40689,69
25107,69
37738,69
15808,69
37677,69
2920,69
40595,69
35282,69
38741,69
38740,69
613,69
39252,69
25179,69
18170,69
731,69
11717,69
866,69
43820,69
47401,69
29101,69
1074,69
44711,69
12164,69
42807,69
36236,69
23397,69
36257,69
26363,69
12319,69
32309,69
43780,69
23266,69
12390,69
30110,69
39596,69
8510,69
12596,69
23193,69
19435,69
18526,69
38497,69
36384,69
29254,69
12852,69
12881,69
12886,69
4470,69
5423,69
232,69
18604,69
12918,69
32357,69
47575,69
17271,69
36514,69
8256,69
17238,69
22939,69
42373,69
36541,69
29314,69
19726,69
18572,69
45129,69
8050,69
31070,69
42187,69
32376,69
13308,69
1663,69
3646,69
47262,69
27926,69
7868,69
22580,69
27887,69
17010,69
48690,69
3537,69
35558,69
29433,69
1854,69
43927,69
36788,69
16924,69
47709,69
16867,69
45342,69
13840,69
18477,69
30596,69
30973,69
27797,69
40085,69
22272,69
20098,69
3369,69
32716,69
16698,69
3324,69
30389,69
45434,69
2065,69
20155,69
22063,69
41655,69
32683,69
27669,69
41567,69
34425,69
27616,69
20343,69
20352,69
41435,69
30871,69
6050,69
21751,69
10213,69
24342,69
20414,69
47889,69
29608,69
2430,69
20470,69
16405,69
21632,69
14847,69
37301,69
16359,69
58,69
37350,69
26451,69
40361,69
3074,69
15170,69
46173,69
45879,69
15305,69
16257,69
16253,69
20639,69
33946,69
21212,69
16227,69
6641,69
45917,69
27424,68
24843,68
19336,68
48289,68
47732,68
48617,68
49266,68
2968,68
20475,68
1946,68
13933,68
48590,68
25057,68
14791,68
1294,68
32613,68
6143,68
6433,68
35641,68
12255,68
49021,68
13987,68
40378,68
23447,68
35157,68
46283,68
36935,68
9985,68
14899,68
45420,68
23474,68
49384,68
18300,68
34559,68
18481,68
14093,68
34536,68
48536,68
21600,68
7434,68
11287,68
42849,68
39437,68
3955,68
22066,68
1036,68
27524,68
20231,68
18375,68
37845,68
9747,68
3048,68
32949,68
982,68
47807,68
48469,68
19137,68
47580,68
47576,68
47414,68
958,68
7345,68
2768,68
46182,68
38388,68
10418,68
13019,68
10618,68
36560,68
1517,68
31089,68
900,68
5494,68
26893,68
19714,68
46839,68
1500,68
12903,68
5501,68
38327,68
46579,68
2297,68
10124,68
8089,68
10928,68
46856,68
41496,68
14556,68
48767,68
22732,68
21448,68
38937,68
39724,68
10146,68
503,68
2993,68
33654,68
28618,68
36016,68
31051,68
22685,68
23058,68
25771,68
831,68
47622,68
21778,68
42505,68
17060,68
19859,68
31125,68
5343,68
3606,68
24538,68
514,68
6335,68
13590,68
26076,68
42033,68
7810,68
10965,68
30271,68
29230,68
42006,68
43470,68
41397,68
34041,68
23158,68
46685,68
16960,68
48917,68
27854,68
27852,68
6563,68
14694,68
28385,68
48646,68
46099,68
6260,68
8489,68
35119,68
32756,68
4408,68
5202,68
48096,68
7739,68
364,68
21216,68
19339,68
42690,68
7272,67
47296,67
38814,67
18315,67
39196,67
19012,67
5074,67
30147,67
5187,67
17644,67
19364,67
43972,67
19439,67
5396,67
43944,67
17365,67
30067,67
17312,67
19754,67
46487,67
26241,67
17018,67
19917,67
10063,67
40038,67
5801,67
30595,67
3391,67
34178,67
30619,67
16652,67
32443,67
5963,67
16599,67
40202,67
16487,67
16443,67
46193,67
34744,67
47910,67
26078,67
27167,67
40463,67
16040,67
20812,67
27274,67
10539,67
29782,67
2818,67
2812,67
6460,67
27358,67
45958,67
24944,67
40900,67
9882,67
15389,67
48157,67
33936,67
15268,67
41091,67
6736,67
15126,67
27494,67
15026,67
2567,67
6827,67
25831,67
6911,67
45733,67
24686,67
7087,67
37182,67
21817,67
14521,67
2301,67
48424,67
22027,67
45471,67
29515,67
48544,67
7516,67
14044,67
36938,67
41804,67
36904,67
41825,67
45361,67
36850,67
45330,67
29438,67
10278,67
45297,67
34999,67
13682,67
25582,67
7796,67
1762,67
36716,67
22632,67
9997,67
22730,67
13272,67
29325,67
25484,67
1569,67
36543,67
36542,67
22934,67
48826,67
8258,67
28088,67
29231,67
31142,67
8499,67
12441,67
28209,67
12376,67
44809,67
8663,67
28262,67
23458,67
23506,67
42927,67
49635,67
23713,67
24844,67
11779,67
11700,67
9331,67
35843,67
9415,67
43334,67
35759,67
24328,67
9600,67
35671,67
44159,67
25060,67
24511,67
4501,67
18686,67
44115,67
4667,67
18812,67
13787,66
13799,66
7653,66
27029,66
41832,66
9671,66
10973,66
43438,66
10269,66
46336,66
1995,66
34400,66
48539,66
41710,66
49358,66
49456,66
4133,66
41688,66
27067,66
26150,66
40169,66
21832,66
44381,66
32681,66
18169,66
38001,66
3241,66
23913,66
14324,66
45591,66
14352,66
43601,66
37097,66
9085,66
9073,66
4733,66
26073,66
21188,66
23876,66
9053,66
43557,66
28865,66
23807,66
11801,66
17932,66
6125,66
19140,66
20717,66
46821,66
24589,66
3031,66
3964,66
42954,66
25284,66
8798,66
4251,66
31715,66
2774,66
5108,66
21082,66
12136,66
15335,66
36200,66
42825,66
23449,66
23443,66
17750,66
32913,66
6831,66
19292,66
32307,66
24443,66
45779,66
40993,66
10875,66
49013,66
32310,66
32105,66
25403,66
2800,66
23133,66
26093,66
42523,66
39694,66
21623,66
44930,66
39725,66
15737,66
25900,66
12887,66
20775,66
28065,66
32841,66
37900,66
24753,66
47898,66
22924,66
3683,66
3671,66
39857,66
38272,66
48778,66
13206,66
8038,66
13285,66
7077,66
45677,66
5607,66
30809,66
4463,66
17081,66
6282,66
38235,66
3563,66
42023,66
48367,66
33708,66
46030,66
40245,66
24614,66
47677,66
39087,66
7776,66
18563,66
13742,66
6202,65
6658,65
44139,65
15300,65
35326,65
39079,65
32576,65
2584,65
16354,65
20511,65
32159,65
14990,65
2551,65
6806,65
6865,65
14910,65
34884,65
14868,65
34892,65
6953,65
47895,65
47876,65
16439,65
10735,65
10027,65
10057,65
10016,65
3215,65
30880,65
21816,65
27635,65
34920,65
6009,65
7312,65
30911,65
20289,65
41616,65
22005,65
3297,65
29920,65
48550,65
45418,65
36928,65
43863,65
1982,65
4559,65
29477,65
27782,65
4536,65
22267,65
16749,65
5809,65
16785,65
41880,65
16799,65
4773,65
13793,65
47718,65
1881,65
1858,65
18624,65
4503,65
1803,65
27875,65
7813,65
47158,65
22612,65
7921,65
32790,65
29372,65
13392,65
26247,65
33645,65
8001,65
13202,65
13165,65
333,65
13038,65
38829,65
5466,65
8279,65
19598,65
43983,65
46582,65
34507,65
12788,65
10465,65
44917,65
31129,65
30273,65
12734,65
48906,65
25400,65
47561,65
29210,65
26835,65
42583,65
12615,65
42660,65
38541,65
9820,65
12495,65
47514,65
29160,65
49671,65
42779,65
23389,65
26776,65
12202,65
31195,65
39476,65
17845,65
12104,65
47207,65
3936,65
23609,65
31221,65
976,65
32968,65
28335,65
892,65
18030,65
4234,65
44601,65
23846,65
31261,65
44542,65
30424,65
813,65
38717,65
38722,65
11638,65
24828,65
29005,65
47362,65
31629,65
44420,65
11370,65
43264,65
24138,65
43293,65
10653,65
32149,65
43348,65
571,65
39212,65
18450,65
9660,65
46066,65
29806,65
9965,65
25988,65
15993,65
15807,65
24429,65
10202,65
9730,65
34000,65
34780,65
16158,65
40830,65
15596,65
45959,65
20730,65
45953,65
16179,65
18278,65
37805,65
45900,65
15356,65
43361,64
5763,64
28508,64
30019,64
36641,64
16304,64
10967,64
8806,64
28507,64
15450,64
25848,64
26938,64
20694,64
38188,64
5070,64
23617,64
29723,64
23669,64
46929,64
49135,64
27866,64
39156,64
11217,64
960,64
42995,64
17928,64
9412,64
42997,64
13260,64
31918,64
31249,64
26715,64
5379,64
6573,64
4119,64
35272,64
25024,64
46888,64
40887,64
24318,64
43617,64
4936,64
33918,64
15308,64
37380,64
29031,64
44437,64
41008,64
39259,64
35861,64
24976,64
11504,64
24033,64
13157,64
45121,64
47778,64
8126,64
13749,64
40625,64
14667,64
32028,64
22865,64
34646,64
13061,64
47257,64
38812,64
18693,64
42363,64
41040,64
47072,64
46191,64
22161,64
25083,64
27828,64
8303,64
22574,64
24377,64
3309,64
43681,64
22992,64
31347,64
26984,64
31881,64
21627,64
41697,64
34916,64
26859,64
17437,64
7741,64
27287,64
14196,64
40039,64
6918,64
16636,64
47565,64
33725,64
8469,64
1855,64
48908,64
40720,64
8472,64
26328,64
4229,64
41654,64
5283,64
23196,64
15754,64
46694,64
42593,64
1736,64
11113,64
38516,64
17069,64
26562,64
36674,64
45347,64
8520,64
24304,64
44209,64
5721,64
17696,64
34475,64
18733,64
8591,64
18735,64
16557,64
25015,64
23336,64
20101,64
42766,64
16581,64
35630,64
40439,64
24471,64
26368,64
2274,64
35153,64
36231,64
3258,64
9884,64
24432,64
33180,64
30477,64
41218,64
34564,64
41537,64
6004,64
39505,64
3865,64
26619,64
49078,64
14404,64
9979,64
36201,64
14413,64
14610,64
37473,64
568,64
13374,64
18347,64
7991,64
38637,63
15985,63
21966,63
45452,63
13305,63
7215,63
40942,63
2268,63
30821,63
11946,63
18546,63
43841,63
46034,63
8846,63
27675,63
27081,63
2497,63
34485,63
39176,63
18482,63
11914,63
112,63
5579,63
41356,63
4400,63
35798,63
48847,63
17908,63
29258,63
23705,63
4394,63
28793,63
11146,63
16056,63
1146,63
11036,63
19489,63
44957,63
9461,63
3497,63
12431,63
31323,63
28334,63
34082,63
19485,63
34391,63
34363,63
34996,63
26726,63
27724,63
38871,63
32973,63
29424,63
39547,63
36996,63
37916,63
6484,63
16502,63
39537,63
254,63
382,63
18185,63
46887,63
2698,63
42838,63
39119,63
34772,63
24105,63
22086,63
22065,63
30199,63
32777,63
6666,63
13881,63
34333,63
37842,63
47936,63
34076,63
3470,63
37548,63
16308,63
28603,63
16229,63
37529,63
3015,63
24525,63
5311,63
38089,63
40374,63
10920,63
15997,63
22676,63
15928,63
4575,63
29143,63
2640,63
7425,63
20497,63
45228,63
24013,63
40861,63
9939,63
37387,63
17176,63
5538,63
26624,63
41754,63
46683,63
23294,63
16536,63
42749,63
32592,63
7803,63
7910,63
13492,63
23424,63
45686,63
32090,63
26662,63
20391,63
32601,63
33247,63
47614,63
4791,63
18462,63
25045,63
21652,63
26158,63
36535,63
46427,63
44237,63
37673,63
27637,63
16554,63
19295,63
36516,63
20481,63
25324,63
45508,63
4190,63
26548,63
18331,63
5682,63
42878,63
31876,63
5861,63
40785,63
14987,63
34431,63
41732,63
2212,63
36171,62
16240,62
31006,62
22477,62
36771,62
30568,62
5698,62
41439,62
19927,62
48675,62
48676,62
4838,62
7853,62
25558,62
17037,62
38239,62
26957,62
68,62
7931,62
363,62
46456,62
22715,62
37686,62
13307,62
45159,62
42204,62
33872,62
42247,62
32627,62
13126,62
28009,62
43674,62
4603,62
42302,62
17219,62
6960,62
8235,62
39838,62
18515,62
44069,62
48281,62
17265,62
46576,62
39813,62
22982,62
34288,62
29721,62
14827,62
2888,62
33139,62
33118,62
2706,62
8438,62
12729,62
12712,62
25822,62
15279,62
15422,62
8477,62
20492,62
49425,62
18866,62
8509,62
36356,62
30497,62
17620,62
48035,62
6256,62
28195,62
18734,62
47528,62
15728,62
42751,62
30749,62
34107,62
8622,62
16214,62
38571,62
5125,62
45812,62
15699,62
25296,62
36182,62
24712,62
49087,62
10336,62
21515,62
23566,62
18483,62
42950,62
5094,62
49105,62
30238,62
15641,62
36090,62
15044,62
15058,62
20739,62
44650,62
18405,62
37874,62
15090,62
46155,62
21414,62
49209,62
23906,62
9105,62
15550,62
23981,62
9145,62
35884,62
28408,62
27369,62
26432,62
33389,62
11498,62
44442,62
49303,62
11465,62
18378,62
16175,62
28955,62
21146,62
9384,62
21378,62
586,62
33319,62
44294,62
49348,62
24219,62
48092,62
44274,62
11160,62
30889,62
27656,62
41525,62
7236,62
16576,62
45520,62
537,62
41576,62
34922,62
9916,62
48466,62
7404,62
14237,62
3288,62
30924,62
22084,62
27720,62
9795,62
14189,62
38058,62
28611,62
29512,62
14109,62
43407,62
26667,62
27613,62
40132,62
47126,62
46339,62
24340,62
11039,62
46233,62
14603,62
1956,62
46357,62
34136,62
22333,62
29593,62
39017,62
16888,62
30288,61
33308,61
567,61
18231,61
27332,61
22693,61
28275,61
1083,61
19881,61
34336,61
45621,61
37985,61
39062,61
21563,61
15508,61
35737,61
29673,61
8681,61
29607,61
6241,61
38566,61
30479,61
3495,61
31182,61
22271,61
16433,61
23359,61
42769,61
2172,61
31345,61
16946,61
30586,61
1205,61
19960,61
37425,61
47543,61
38512,61
5820,61
18732,61
28153,61
16555,61
10380,61
4860,61
36655,61
48117,61
38026,61
23156,61
24880,61
34046,61
18886,61
39014,61
2114,61
13407,61
12774,61
3713,61
13410,61
27804,61
43832,61
159,61
17443,61
9589,61
13703,61
22660,61
9933,61
48852,61
6108,61
3429,61
2890,61
12906,61
32095,61
8305,61
13729,61
43877,61
19654,61
25080,61
18524,61
39846,61
45424,61
20811,61
42053,61
27060,61
13086,61
22824,61
43120,61
10555,61
44451,61
17194,61
30297,61
6085,61
9109,61
9234,61
753,61
9250,61
18134,61
42284,61
26929,61
11704,61
18233,61
28965,61
48180,61
11718,61
9048,61
11369,61
8977,61
14029,61
23841,61
11334,61
11767,61
5574,61
36932,61
44599,61
46873,61
44623,61
1760,61
6659,61
6749,61
21149,61
28685,61
21210,61
14736,61
26588,61
28487,61
35581,61
30176,61
30174,61
39243,61
11079,61
21219,61
33445,61
2405,61
25270,61
2665,61
42952,61
23539,61
24692,61
33749,61
42915,61
426,61
27150,61
24227,61
23509,61
2555,61
31455,60
31418,60
31016,60
30693,60
30566,60
32103,60
30467,60
32507,60
29687,60
29377,60
32863,60
32934,60
29089,60
33004,60
27073,60
34424,60
26500,60
26445,60
34653,60
26075,60
25809,60
25566,60
25244,60
24781,60
24657,60
35582,60
24478,60
24331,60
35891,60
23902,60
35969,60
23780,60
23724,60
36209,60
23436,60
36250,60
22835,60
22707,60
22703,60
22435,60
36807,60
36855,60
21541,60
21424,60
20696,60
20546,60
20535,60
20495,60
38041,60
19928,60
19688,60
38391,60
19530,60
19486,60
38835,60
39065,60
17984,60
17969,60
17960,60
39383,60
17551,60
17532,60
40082,60
40226,60
40318,60
40475,60
16038,60
15762,60
15590,60
15497,60
40967,60
15320,60
41114,60
14683,60
14637,60
41509,60
41689,60
14066,60
14024,60
41846,60
13208,60
13140,60
42412,60
42419,60
42627,60
42655,60
12387,60
12308,60
12281,60
12073,60
43019,60
43057,60
43058,60
11394,60
11349,60
11324,60
43307,60
11229,60
11208,60
43587,60
10744,60
43648,60
43946,60
10100,60
9927,60
9870,60
9812,60
9771,60
44249,60
44382,60
44488,60
9030,60
44724,60
8502,60
8498,60
8341,60
45216,60
7532,60
6570,60
6531,60
6530,60
46311,60
5882,60
5661,60
5592,60
5454,60
46712,60
46768,60
46874,60
47038,60
47323,60
3891,60
3871,60
3862,60
3425,60
3412,60
3409,60
3218,60
3029,60
48072,60
48089,60
2526,60
2288,60
2140,60
1923,60
1860,60
48704,60
1664,60
1515,60
48930,60
49036,60
1043,60
49308,60
49310,60
107,60
31490,60
43846,59
17440,59
9341,59
35245,59
9329,59
19047,59
14888,59
28222,59
7966,59
42222,59
39542,59
20261,59
21598,59
45836,59
23608,59
30773,59
44874,59
4106,59
44433,59
35146,59
12174,59
13344,59
39030,59
21644,59
23110,59
22389,59
46017,59
41214,59
41314,59
6398,59
16165,59
34240,59
37603,59
28295,59
25797,59
30254,59
44489,59
39816,59
44174,59
34454,59
33805,59
4794,59
42171,59
29248,59
20610,59
37211,59
2294,59
34588,59
13227,59
21245,59
7818,59
11695,59
14396,59
44200,59
48914,59
5637,59
9935,59
47278,59
39654,59
26802,59
11542,59
7785,59
30554,59
2826,59
29578,59
40035,59
24599,59
31697,59
22652,59
29057,59
43244,59
22731,59
18485,59
13845,59
4958,59
39010,59
20418,59
44240,59
11305,59
9969,59
19531,59
32729,59
1340,59
39368,59
11225,59
19390,59
8891,59
14842,59
34742,59
8889,59
3600,59
7616,59
24734,59
47863,59
24637,59
24696,59
4301,59
29267,59
43426,59
17212,59
11050,59
46389,59
21912,59
24562,59
36032,59
37319,59
43856,59
20465,59
47263,59
155,59
30656,59
35092,59
1966,59
35266,59
32890,59
44729,59
35957,59
19823,59
47784,59
8471,59
41614,59
36858,59
20167,59
39895,59
22689,59
37574,59
6430,59
10671,59
10630,59
43651,59
22030,59
20439,59
908,59
6627,59
36730,59
47456,59
18448,59
38661,59
18605,59
15231,59
42148,59
1227,59
12707,59
32614,59
36238,59
34834,59
14584,59
19853,59
4351,59
10405,59
7502,59
22679,59
21213,59
17357,59
42711,59
37582,59
41334,58
43885,58
35327,58
45028,58
29291,58
42067,58
35095,58
33781,58
30641,58
44037,58
9943,58
4197,58
35905,58
18206,58
13416,58
7335,58
26838,58
16750,58
402,58
13406,58
46501,58
30964,58
3681,58
15656,58
1473,58
17441,58
31403,58
13973,58
9573,58
38269,58
21311,58
48834,58
48087,58
26792,58
19851,58
28957,58
41531,58
39710,58
22374,58
32454,58
27324,58
24883,58
7053,58
41041,58
17546,58
17052,58
47607,58
6055,58
3797,58
29030,58
6094,58
3903,58
39915,58
9078,58
42622,58
38048,58
32975,58
22494,58
36346,58
3238,58
31033,58
40580,58
19011,58
8860,58
47675,58
44681,58
558,58
16025,58
12462,58
24022,58
31812,58
20855,58
44745,58
33836,58
31000,58
12460,58
23808,58
4308,58
17597,58
8507,58
24762,58
18518,58
24296,58
42759,58
47699,58
24292,58
29378,58
36625,58
35477,58
35716,58
21629,58
40487,58
35251,58
33790,58
17182,58
47971,58
29404,58
42336,58
19911,58
16210,58
11795,58
2016,58
11748,58
3722,58
899,58
20961,58
41864,58
16265,58
28394,58
37179,58
41882,58
33878,58
26092,58
46915,58
38116,58
32270,58
49391,58
7725,58
19768,58
4017,58
32282,58
24580,58
29455,58
3771,58
43367,58
43380,58
21900,58
17347,58
23465,58
43469,58
43486,58
5265,58
15559,58
43491,58
10898,58
12726,58
10783,58
13713,58
23762,58
27756,58
10680,58
10679,58
38284,58
21189,58
7549,58
14458,58
43657,58
46664,58
1222,58
39179,58
27071,58
1226,58
6885,58
48020,58
25339,58
15585,58
31376,58
1024,57
25549,57
24337,57
41498,57
19744,57
35720,57
45043,57
27762,57
45079,57
6711,57
45105,57
38554,57
29705,57
25515,57
15843,57
24824,57
45831,57
42492,57
24286,57
2142,57
19326,57
21451,57
22780,57
17289,57
48433,57
45370,57
19550,57
2203,57
6828,57
38820,57
22852,57
2236,57
6898,57
406,57
6924,57
20029,57
7282,57
2328,57
25462,57
45587,57
2357,57
7237,57
45618,57
21493,57
21498,57
7108,57
22986,57
3575,57
20866,57
27262,57
14839,57
37682,57
4416,57
4489,57
41257,57
4615,57
20836,57
23607,57
47729,57
3922,57
27526,57
4686,57
24865,57
40460,57
26186,57
18406,57
30250,57
37799,57
38402,57
46940,57
11752,57
26526,57
23786,57
247,57
33804,57
43219,57
981,57
30649,57
11313,57
20679,57
34476,57
21878,57
21001,57
46834,57
46766,57
13769,57
21907,57
28575,57
14554,57
40192,57
16582,57
41982,57
26391,57
15568,57
19896,57
38280,57
36230,57
35841,57
13608,57
49331,57
13526,57
35840,57
10170,57
43932,57
16718,57
42103,57
38536,57
48928,57
16739,57
1394,57
25956,57
32366,57
5565,57
607,57
9832,57
25654,57
25241,57
48873,57
18787,57
9676,57
31763,57
5740,57
29982,57
37571,57
44259,57
5870,57
3352,57
17722,57
19418,57
3354,57
14167,57
9368,57
44379,57
17004,57
44508,57
1668,57
29033,57
41530,57
44586,57
39909,57
8960,57
29069,57
46156,57
38753,57
38443,57
17655,57
44699,57
46132,57
14684,57
39597,57
34410,57
46125,57
26132,57
30399,57
44833,57
20299,57
41796,57
6331,57
22604,57
9099,56
30499,56
3710,56
19976,56
15540,56
23878,56
49592,56
39031,56
3484,56
14522,56
40999,56
21268,56
15304,56
27334,56
14653,56
41021,56
13268,56
42228,56
42261,56
42273,56
34009,56
42346,56
42355,56
28068,56
21467,56
12716,56
28138,56
20874,56
27396,56
34561,56
25994,56
14360,56
34790,56
31546,56
16093,56
12208,56
21624,56
12119,56
34787,56
34902,56
42949,56
21695,56
11866,56
40393,56
15082,56
41663,56
21763,56
674,56
11467,56
11376,56
43274,56
16374,56
21845,56
28505,56
24574,56
37114,56
43423,56
43457,56
49058,56
43558,56
10759,56
24548,56
43591,56
14207,56
43656,56
10562,56
22056,56
43729,56
16655,56
22076,56
48976,56
10352,56
43938,56
16735,56
44017,56
48942,56
33140,56
48910,56
9928,56
1436,56
48883,56
1445,56
48876,56
37943,56
15380,56
40067,56
48850,56
20368,56
9518,56
16892,56
48815,56
44343,56
9328,56
9255,56
1604,56
9206,56
1638,56
26126,56
1678,56
32932,56
17118,56
1851,56
8741,56
48641,56
1882,56
32901,56
8603,56
34807,56
36686,56
32878,56
8402,56
17193,56
32836,56
20271,56
45173,56
48478,56
31857,56
2137,56
45227,56
35740,56
48451,56
15504,56
45277,56
7601,56
7590,56
7579,56
39761,56
19556,56
38806,56
7359,56
392,56
7220,56
31584,56
35290,56
7111,56
368,56
34628,56
45783,56
24612,56
48251,56
48240,56
29751,56
24181,56
19860,56
46013,56
41775,56
32512,56
25391,56
26230,56
46160,56
6088,56
6012,56
39551,56
26162,56
46354,56
46429,56
23412,56
39389,56
46788,56
17952,56
5039,56
41812,56
4877,56
4858,56
32241,56
30251,56
18112,56
26534,56
4641,56
20044,56
18655,56
4322,56
25176,56
4296,56
30370,56
4247,56
47300,56
4121,56
3149,56
18332,56
3910,56
23802,56
18622,56
47513,56
3803,56
44759,55
22546,55
44701,55
36366,55
1814,55
15766,55
6203,55
22498,55
19974,55
49470,55
23224,55
38445,55
49345,55
6113,55
48741,55
13181,55
46199,55
1680,55
15746,55
22394,55
13204,55
9246,55
1573,55
39546,55
2739,55
591,55
40005,55
9440,55
19632,55
44276,55
36880,55
32414,55
24132,55
40780,55
9502,55
33082,55
19431,55
44218,55
3155,55
5673,55
34732,55
36919,55
9746,55
44106,55
33131,55
48932,55
10026,55
22125,55
43901,55
20426,55
28690,55
10435,55
46564,55
33211,55
48986,55
42184,55
10542,55
19157,55
1206,55
40220,55
5309,55
20099,55
5277,55
24557,55
1070,55
5168,55
43420,55
42152,55
24863,55
839,55
11092,55
14339,55
28491,55
49106,55
39359,55
17991,55
5003,55
47393,55
21851,55
16357,55
19479,55
985,55
4929,55
11420,55
37737,55
13743,55
33413,55
16197,55
25921,55
40857,55
28319,55
33920,55
16171,55
41097,55
47786,55
4743,55
24068,55
37713,55
4716,55
18333,55
40457,55
42914,55
26529,55
42877,55
3214,55
37620,55
12256,55
12274,55
37695,55
47090,55
41881,55
32212,55
4570,55
12349,55
47149,55
16079,55
41645,55
23934,55
40525,55
47243,55
3511,55
37287,55
40537,55
26068,55
3230,55
3837,55
18173,55
45670,55
35076,55
48361,55
7302,55
48393,55
39743,55
7495,55
29494,55
19320,55
15205,55
28135,55
45799,55
24261,55
7834,55
32785,55
48470,55
8015,55
49372,55
29323,55
29718,55
36423,55
3294,55
44998,55
14101,55
38556,55
29746,55
3555,55
22641,55
15886,55
4222,55
44902,55
1975,55
32007,55
23135,55
47760,55
21388,55
8459,55
27753,55
13149,55
17169,55
17158,55
18259,55
49611,55
32506,55
31815,55
6233,55
17143,55
26652,55
13994,55
40956,54
14465,54
14494,54
20958,54
14524,54
33951,54
14628,54
15249,54
41067,54
31686,54
20854,54
15194,54
14887,54
15187,54
41158,54
41146,54
35334,54
1191,54
1312,54
25061,54
19425,54
19081,54
19067,54
34539,54
38732,54
24365,54
1941,54
48592,54
25102,54
38424,54
34516,54
2184,54
31868,54
2289,54
2494,54
2503,54
38832,54
19589,54
48161,54
2932,54
24028,54
24017,54
3311,54
47767,54
47666,54
35954,54
19971,54
47604,54
47598,54
35991,54
26207,54
34426,54
18369,54
18329,54
18322,54
4129,54
4160,54
30390,54
4397,54
4434,54
4548,54
4598,54
47048,54
4738,54
46999,54
18054,54
4955,54
5029,54
5207,54
25319,54
32343,54
17832,54
5472,54
5630,54
46444,54
49477,54
5739,54
5743,54
29968,54
46344,54
23280,54
26786,54
23264,54
5998,54
6153,54
46159,54
29855,54
6251,54
36378,54
49461,54
6349,54
23153,54
46032,54
24887,54
29663,54
29649,54
6931,54
39736,54
22913,54
404,54
45496,54
39745,54
32686,54
25475,54
45433,54
32746,54
7756,54
7831,54
22746,54
7996,54
45146,54
20273,54
49366,54
36659,54
29236,54
44769,54
44686,54
44682,54
8904,54
34998,54
37979,54
32986,54
22449,54
9226,54
22360,54
24678,54
26987,54
16915,54
9445,54
9456,54
24951,54
9751,54
34186,54
44111,54
28817,54
35375,54
25669,54
9980,54
629,54
33192,54
10393,54
43776,54
43640,54
43594,54
40241,54
10909,54
43411,54
43366,54
28496,54
40315,54
37896,54
21827,54
43245,54
34750,54
11541,54
40392,54
16226,54
40422,54
11857,54
27201,54
31638,54
11978,54
27207,54
42892,54
42850,54
42848,54
12179,54
28267,54
42801,54
42722,54
27253,54
757,54
37336,54
13050,54
21355,54
21350,54
13172,54
37401,54
798,54
20637,54
42211,54
33643,54
42180,54
40805,54
33684,54
42072,54
157,54
27858,54
168,54
13724,54
41943,54
27799,54
41801,54
27775,54
14006,54
14060,54
33967,54
27703,54
21020,54
41598,54
46403,53
23399,53
34439,53
46581,53
5672,53
5639,53
48078,53
49653,53
5582,53
2827,53
17813,53
5486,53
18556,53
35449,53
3168,53
13692,53
4063,53
47458,53
40834,53
25889,53
37447,53
15643,53
3139,53
13217,53
13136,53
40668,53
42414,53
15867,53
15893,53
19212,53
42599,53
34033,53
21518,53
32165,53
34053,53
18223,53
12259,53
16123,53
21660,53
15173,53
28301,53
42956,53
14373,53
40441,53
21705,53
37207,53
40412,53
20800,53
680,53
30355,53
11600,53
20786,53
15463,53
11355,53
11238,53
40306,53
3848,53
40911,53
43441,53
11019,53
16503,53
1141,53
26690,53
4480,53
10809,53
22003,53
49329,53
16614,53
4537,53
36102,53
47112,53
22061,53
41727,53
14121,53
10340,53
22099,53
22104,53
875,53
31986,53
39093,53
28731,53
43900,53
10167,53
10142,53
10115,53
43982,53
10066,53
16729,53
1333,53
47063,53
36955,53
35646,53
28801,53
14110,53
3769,53
27018,53
31123,53
31982,53
34964,53
16817,53
22244,53
26114,53
2987,53
9520,53
1524,53
21075,53
37556,53
22339,53
46989,53
22373,53
34682,53
20341,53
39955,53
32242,53
9236,53
22405,53
36815,53
44509,53
19417,53
25600,53
36785,53
3998,53
1722,53
8945,53
8918,53
44851,53
44871,53
14503,53
18947,53
253,53
44893,53
36684,53
30504,53
20292,53
29250,53
29266,53
24977,53
14042,53
20276,53
35410,53
2095,53
255,53
29353,53
35732,53
35540,53
2127,53
7899,53
18927,53
7827,53
2169,53
21099,53
2188,53
7661,53
45387,53
19595,53
48406,53
38801,53
7421,53
45534,53
30874,53
2340,53
29569,53
17446,53
32618,53
47444,53
45711,53
45751,53
6855,53
6850,53
6596,53
29743,53
36413,53
2534,53
38822,53
6316,53
29823,53
46109,53
39594,53
2680,53
25375,53
18799,53
2858,53
13932,53
46265,53
38220,53
41839,53
40874,53
6732,52
28780,52
38350,52
9987,52
27387,52
5043,52
6720,52
45212,52
9842,52
30735,52
29395,52
23870,52
17962,52
38794,52
29891,52
35445,52
35394,52
20684,52
5700,52
5687,52
7770,52
22257,52
48101,52
31405,52
19799,52
9570,52
39063,52
20374,52
46525,52
6521,52
5522,52
18103,52
47016,52
46545,52
25236,52
13827,52
23998,52
7708,52
38972,52
48831,52
46624,52
14300,52
27680,52
41975,52
27617,52
22306,52
37481,52
41457,52
34835,52
24798,52
15584,52
13581,52
13577,52
33806,52
44316,52
27902,52
44339,52
27352,52
15332,52
25897,52
21141,52
31774,52
835,52
47363,52
25281,52
33994,52
13235,52
46236,52
14504,52
14665,52
9315,52
31547,52
2219,52
37386,52
13090,52
42314,52
25867,52
40673,52
7526,52
46009,52
42428,52
38202,52
42436,52
28101,52
28116,52
15513,52
21489,52
2900,52
26234,52
35205,52
20599,52
38029,52
35404,52
49257,52
34812,52
46959,52
4219,52
17014,52
27233,52
46044,52
40943,52
12291,52
39941,52
31549,52
23698,52
37246,52
7385,52
12065,52
31447,52
45487,52
1686,52
22445,52
41495,52
15021,52
7356,52
17091,52
41854,52
29046,52
4909,52
32083,52
3096,52
11605,52
5753,52
39908,52
16297,52
19464,52
38845,52
18055,52
49122,52
7194,52
16372,52
31524,52
33334,52
49115,52
1849,52
24374,52
8549,52
11192,52
27137,52
43356,52
17919,52
24566,52
38478,52
19596,52
19586,52
11003,52
33287,52
10971,52
638,52
39556,52
7092,52
7072,52
40240,52
45703,52
10858,52
6191,52
36093,52
49024,52
49649,52
47137,52
47134,52
17662,52
10648,52
5342,52
31845,52
34937,52
43695,52
2427,52
3790,52
24519,52
48984,52
46882,52
23281,52
34246,52
46171,52
48978,52
17733,52
3056,52
34948,52
18007,52
527,52
3708,52
10238,52
25106,52
23056,52
46707,52
43884,52
8117,52
47935,52
33844,52
36986,52
43915,52
19380,52
6781,52
20417,52
26833,52
6738,52
17246,52
48483,52
43993,52
23444,52
19646,51
3182,51
47395,51
3174,51
4079,51
26686,51
4387,51
47122,51
26189,51
3021,51
18710,51
18065,51
37517,51
25168,51
26519,51
5216,51
26277,51
31944,51
5416,51
17817,51
14302,51
46334,51
5964,51
46183,51
38069,51
29877,51
2679,51
6305,51
48178,51
13962,51
32533,51
20176,51
6485,51
39644,51
6730,51
348,51
6787,51
38043,51
31440,51
45770,51
32608,51
6947,51
6988,51
30859,51
26469,51
33958,51
20728,51
49410,51
19416,51
7527,51
7548,51
7627,51
7640,51
45349,51
39779,51
35746,51
26895,51
7957,51
7985,51
8000,51
509,51
34515,51
38008,51
24315,51
18943,51
8291,51
24322,51
2027,51
8369,51
48547,51
8411,51
48618,51
8511,51
39884,51
36722,51
39887,51
24366,51
8684,51
44722,51
48656,51
22521,51
19818,51
8909,51
15489,51
24396,51
31330,51
44589,51
590,51
36811,51
44472,51
9185,51
9235,51
13849,51
16955,51
22347,51
9395,51
44280,51
1518,51
24457,51
28886,51
33093,51
9860,51
22160,51
31152,51
43907,51
48959,51
33196,51
43755,51
10463,51
28680,51
10505,51
43711,51
27064,51
27068,51
49004,51
24536,51
41717,51
1192,51
31180,51
10794,51
16537,51
10955,51
10980,51
11001,51
20471,51
11066,51
1059,51
37134,51
60,51
11279,51
25036,51
37140,51
11397,51
31232,51
109,51
667,51
21797,51
11616,51
43113,51
11685,51
43064,51
14202,51
28345,51
41108,51
42981,51
11998,51
15448,51
12117,51
42738,51
28219,51
33505,51
41270,51
21547,51
20593,51
26063,51
21475,51
15876,51
21442,51
42461,51
37361,51
42322,51
40702,51
796,51
27309,51
15768,51
13168,51
15237,51
13199,51
14649,51
37640,51
31659,51
26049,51
42138,51
27909,51
13658,51
27693,51
47713,51
26574,51
30572,51
3404,51
24769,51
3581,51
47649,51
19947,51
3647,51
18415,51
26296,51
30640,51
21155,51
3938,51
39111,51
7809,50
7787,50
46798,50
45274,50
22073,50
17293,50
20689,50
32736,50
38025,50
41477,50
49559,50
453,50
49676,50
14566,50
38215,50
6096,50
43805,50
47176,50
13722,50
21179,50
5482,50
46763,50
43032,50
30789,50
3463,50
24827,50
38503,50
18847,50
46529,50
45538,50
29602,50
45551,50
24866,50
6127,50
48359,50
5461,50
20948,50
37078,50
30033,50
23358,50
29597,50
18773,50
49462,50
45634,50
37112,50
18663,50
43847,50
16119,50
34096,50
12233,50
32214,50
10237,50
10231,50
4616,50
43385,50
16695,50
28237,50
27532,50
35274,50
11148,50
30361,50
20552,50
28777,50
36959,50
36427,50
19118,50
37865,50
26070,50
10968,50
26702,50
12379,50
44043,50
14880,50
43012,50
33518,50
16788,50
33107,50
28856,50
25722,50
2991,50
11944,50
21538,50
10764,50
43130,50
2528,50
24459,50
41536,50
16854,50
12510,50
30354,50
28895,50
30258,50
37953,50
9609,50
38616,50
26101,50
16294,50
19493,50
2728,50
18111,50
1539,50
12602,50
44300,50
38916,50
26256,50
40629,50
49606,50
37312,50
26830,50
22336,50
15055,50
38454,50
42586,50
33024,50
25730,50
28980,50
39985,50
47906,50
28984,50
33013,50
49525,50
4525,50
34747,50
20884,50
21814,50
20059,50
30544,50
33005,50
42497,50
43225,50
21808,50
11778,50
43214,50
36816,50
26288,50
17047,50
41922,50
22434,50
44539,50
25599,50
25729,50
26325,50
5874,50
4899,50
32983,50
12855,50
3314,50
23062,50
32326,50
22478,50
38201,50
35001,50
1740,50
34863,50
20033,50
29074,50
1793,50
4419,50
21406,50
42366,50
10931,50
29135,50
22560,50
27562,50
13091,50
894,50
23661,50
43714,50
28001,50
18952,50
47466,50
31167,50
46373,50
6856,50
23814,50
32892,50
33753,50
4951,50
27982,50
22630,50
35021,50
1988,50
14670,50
23733,50
17189,50
8335,50
30579,50
35465,50
4111,50
8271,50
16493,50
18428,50
27975,50
6913,50
33420,50
3153,50
17229,50
5425,50
34253,50
23324,50
32517,50
42158,50
12148,50
39839,50
32064,50
2666,50
42149,50
2410,50
13395,50
26807,50
24805,50
22778,50
34842,50
25228,50
43482,49
1109,49
643,49
16239,49
43440,49
1068,49
3304,49
40257,49
25951,49
11734,49
1045,49
19276,49
21758,49
15458,49
21860,49
21858,49
16292,49
23778,49
11285,49
19462,49
40365,49
33733,49
28446,49
43188,49
19984,49
295,49
2471,49
5827,49
3482,49
6811,49
31911,49
326,49
23042,49
46715,49
26035,49
26214,49
31251,49
2758,49
355,49
372,49
45699,49
20204,49
39712,49
25125,49
34514,49
48061,49
17593,49
5186,49
7199,49
2365,49
18888,49
17423,49
7279,49
2317,49
20218,49
3472,49
37622,49
15423,49
22911,49
13903,49
49514,49
13999,49
45458,49
7473,49
6304,49
36565,49
13656,49
23168,49
29483,49
4060,49
26464,49
34280,49
7612,49
33699,49
27601,49
42043,49
42062,49
23490,49
33675,49
42128,49
5051,49
33666,49
5339,49
42142,49
39835,49
27944,49
5027,49
18361,49
834,49
13334,49
33938,49
47455,49
30186,49
13306,49
26567,49
15678,49
4991,49
20279,49
15254,49
31680,49
8292,49
37419,49
8350,49
41888,49
29249,49
25381,49
47994,49
42238,49
19306,49
25548,49
8439,49
8443,49
13182,49
29209,49
14260,49
4930,49
8547,49
332,49
42334,49
49591,49
8674,49
41,49
48650,49
42354,49
32926,49
40692,49
18982,49
8772,49
38559,49
33601,49
25574,49
789,49
29093,49
32962,49
34474,49
8969,49
3595,49
39312,49
36800,49
39923,49
34989,49
47975,49
25853,49
39077,49
20994,49
28994,49
31079,49
42532,49
41299,49
48010,49
9317,49
4206,49
25850,49
20181,49
4762,49
28951,49
16912,49
16910,49
22311,49
592,49
36071,49
17912,49
9479,49
19669,49
22294,49
35661,49
44260,49
5996,49
16884,49
21523,49
12530,49
36320,49
37952,49
40577,49
15974,49
28185,49
45928,49
9686,49
49685,49
27536,49
33103,49
47486,49
9826,49
19108,49
38680,49
22157,49
22397,49
14889,49
2508,49
43930,49
41241,49
40116,49
4636,49
48956,49
16106,49
42797,49
1289,49
6601,49
1268,49
6619,49
4009,49
42910,49
3101,49
632,49
1224,49
37232,49
24782,49
33922,49
12003,49
20442,49
41189,49
31185,49
1161,49
49040,49
35230,49
27112,49
38628,49
34753,49
43487,49
13459,48
22079,48
18407,48
20257,48
7895,48
7939,48
32794,48
31397,48
3430,48
21283,48
19683,48
37206,48
19224,48
2914,48
48510,48
48530,48
15439,48
20991,48
21297,48
37432,48
18509,48
37242,48
30562,48
41568,48
4569,48
45755,48
41482,48
716,48
13876,48
47116,48
38007,48
6888,48
4976,48
26330,48
6876,48
28287,48
32518,48
46036,48
33977,48
44921,48
26926,48
42889,48
17535,48
17537,48
18045,48
4254,48
46018,48
34517,48
1944,48
13178,48
34409,48
18611,48
36351,48
8582,48
34723,48
38198,48
24358,48
34151,48
13112,48
34236,48
6695,48
16597,48
48273,48
17823,48
18431,48
32937,48
48257,48
40895,48
22523,48
33595,48
4431,48
39435,48
12922,48
22514,48
5316,48
21416,48
26129,48
48085,48
34804,48
19814,48
5831,48
32415,48
21423,48
8964,48
45824,48
42430,48
18153,48
41897,48
32101,48
19016,48
9025,48
44553,48
29040,48
14779,48
4888,48
38570,48
36797,48
22444,48
17082,48
48731,48
3866,48
24163,48
15847,48
32008,48
32994,48
3777,48
40340,48
15852,48
12787,48
38520,48
33363,48
11789,48
12757,48
44436,48
1593,48
24596,48
33900,48
14793,48
11509,48
22370,48
9287,48
28139,48
42115,48
24761,48
2478,48
16937,48
4209,48
30469,48
2487,48
41296,48
11799,48
34035,48
1513,48
33067,48
33887,48
9576,48
1487,48
23583,48
21984,48
16388,48
3097,48
1031,48
18661,48
14158,48
16852,48
16270,48
12494,48
26015,48
25652,48
36927,48
11863,48
18126,48
21566,48
31751,48
12402,48
25834,48
3815,48
30105,48
43119,48
30674,48
4669,48
33770,48
44024,48
31297,48
40394,48
1042,48
18143,48
5394,48
28519,48
3660,48
10097,48
16706,48
43529,48
30681,48
14918,48
43909,48
27411,48
43099,48
7141,48
5533,48
43870,48
25148,48
46458,48
40126,48
46542,48
7064,48
49195,48
43818,48
32306,48
16426,48
48429,48
24265,48
5676,48
7608,48
45362,48
11077,48
24015,48
24000,48
25116,48
32615,48
20010,48
46070,48
38994,48
6148,48
26761,48
42090,48
25894,48
27348,48
29811,48
28693,48
17516,48
47468,47
221,47
6820,47
36733,47
15786,47
26447,47
6803,47
27305,47
12969,47
44709,47
48659,47
21400,47
12967,47
32589,47
46750,47
26687,47
28638,47
48324,47
5455,47
8858,47
4172,47
23053,47
19201,47
6279,47
41322,47
10647,47
48703,47
36262,47
19858,47
34015,47
17940,47
8974,47
14238,47
2840,47
18267,47
42452,47
46161,47
35133,47
10656,47
5518,47
20190,47
20225,47
23289,47
12829,47
29633,47
29521,47
17073,47
24862,47
12825,47
6211,47
17381,47
30070,47
32993,47
12815,47
45459,47
38262,47
5900,47
17373,47
4865,47
2648,47
18467,47
12778,47
24414,47
41979,47
1610,47
978,47
34404,47
7006,47
23823,47
25345,47
27158,47
45985,47
39986,47
19630,47
20350,47
4573,47
28455,47
23968,47
38518,47
24436,47
15372,47
40853,47
37223,47
9452,47
21939,47
16907,47
26693,47
4496,47
21714,47
9478,47
15013,47
23779,47
36875,47
9489,47
27089,47
28343,47
40023,47
5674,47
11302,47
11295,47
47554,47
29819,47
20863,47
44235,47
21204,47
40450,47
48427,47
25777,47
43133,47
23880,47
26501,47
24465,47
9721,47
12477,47
32121,47
24188,47
32319,47
21977,47
7603,47
37936,47
37920,47
39290,47
20853,47
1097,47
12457,47
90,47
44077,47
41877,47
9879,47
41261,47
16742,47
34072,47
37685,47
15092,47
28213,47
36026,47
15071,47
7643,47
3516,47
46641,47
16092,47
3063,47
3845,47
5280,47
30686,47
7679,47
42125,47
49563,47
42100,47
22762,47
29385,47
16663,47
35273,47
6976,47
23627,47
17521,47
19316,47
19663,47
41826,47
14022,47
29995,47
18667,47
17599,47
17244,47
23701,47
29647,47
39255,47
36385,47
23746,47
10404,47
25827,47
25744,47
11855,47
25726,47
32283,47
13311,47
40791,47
42784,47
14948,47
27120,47
10192,47
20749,47
47076,47
22057,47
8293,47
24206,47
44965,47
4963,47
3559,47
35120,47
6054,47
24130,47
29237,47
5781,47
25245,47
13545,47
18149,47
15068,47
32526,47
1980,47
46116,47
38214,47
35713,47
42260,47
11808,47
3973,47
34130,47
31304,47
5377,47
29876,47
44839,47
8577,47
29169,47
24357,47
29562,47
17777,47
4154,47
10088,46
11102,46
19985,46
28645,46
4926,46
10729,46
48540,46
43532,46
22775,46
18402,46
45617,46
2379,46
46909,46
7595,46
45252,46
16720,46
4757,46
45871,46
20545,46
38334,46
39486,46
44790,46
12488,46
2490,46
17112,46
16886,46
565,46
13983,46
41867,46
34498,46
26176,46
16547,46
29269,46
30446,46
27420,46
17970,46
47299,46
29090,46
28734,46
38543,46
16562,46
20294,46
29902,46
12473,46
28170,46
42057,46
1016,46
24520,46
11221,46
27700,46
42417,46
3934,46
17548,46
38463,46
49289,46
33775,46
44119,46
29067,46
5284,46
4224,46
23611,46
36219,46
47043,46
7938,46
39809,46
22753,46
21426,46
17782,46
15353,46
45270,46
35879,46
19778,46
38682,46
14568,46
6578,46
30886,46
35180,46
12327,46
47447,46
9010,46
2370,46
27667,46
17094,46
22467,46
43679,46
29532,46
47597,46
17523,46
9037,46
40026,46
31858,46
22743,46
9061,46
8364,46
46329,46
10982,46
20924,46
20905,46
45467,46
16107,46
12629,46
41508,46
39718,46
36195,46
31048,46
18085,46
44066,46
48534,46
25604,46
25310,46
37309,46
37798,46
27862,46
28000,46
37299,46
19774,46
46443,46
12608,46
5495,46
19126,46
45414,46
1548,46
21102,46
47369,46
6449,46
1007,46
21785,46
26473,46
8171,46
31788,46
44844,46
32430,46
46240,46
31655,46
11439,46
24346,46
26281,46
16866,46
3729,46
7789,46
29507,46
42968,46
47217,46
11280,46
19837,46
23089,46
49064,46
39627,46
17012,46
32294,46
34490,46
32245,46
4007,46
42081,46
12160,46
21148,46
33500,46
43880,46
44007,46
13700,46
33012,46
13531,46
30565,46
21680,46
38795,46
27855,46
1334,46
4657,46
22382,46
13562,46
36900,46
20037,46
30270,46
15878,46
11724,46
2189,46
18746,46
47972,46
6843,46
33553,46
31312,46
8562,46
241,46
14923,46
22324,46
38237,46
32137,46
6499,46
46991,46
22361,46
49658,46
10704,46
45080,46
7048,46
3162,46
5106,46
15047,46
22297,46
8677,46
14405,46
19692,46
42883,46
12651,46
42912,46
17805,46
37439,46
47515,46
16164,46
46608,45
24145,45
16951,45
12643,45
41997,45
19324,45
22334,45
35154,45
44346,45
38629,45
28949,45
13315,45
39214,45
41161,45
10901,45
22314,45
8137,45
13313,45
26012,45
23628,45
47905,45
43383,45
22302,45
7744,45
20194,45
33800,45
14646,45
21723,45
12594,45
14212,45
2973,45
25481,45
3739,45
45016,45
8263,45
36894,45
15560,45
34973,45
23479,45
26855,45
46255,45
38685,45
42054,45
24878,45
1477,45
2030,45
25342,45
25485,45
29737,45
45716,45
19127,45
20251,45
22784,45
17343,45
49170,45
23268,45
31119,45
12487,45
33625,45
42674,45
40070,45
49220,45
31122,45
15714,45
19334,45
24979,45
43899,45
4380,45
37757,45
41521,45
13233,45
41134,45
32022,45
37282,45
48633,45
7155,45
9899,45
24975,45
7617,45
22188,45
15346,45
34944,45
13584,45
16201,45
34697,45
16736,45
37560,45
4087,45
44938,45
31479,45
37408,45
5813,45
17491,45
4648,45
32483,45
14762,45
20467,45
18160,45
49001,45
24814,45
35964,45
13867,45
13007,45
8752,45
27915,45
46295,45
21399,45
28263,45
44705,45
23900,45
31179,45
29632,45
16246,45
1047,45
45533,45
33974,45
8836,45
11730,45
48467,45
46057,45
38481,45
48964,45
46237,45
19266,45
25263,45
5623,45
31336,45
7352,45
46711,45
40740,45
5382,45
26517,45
12184,45
22492,45
6419,45
45294,45
2123,45
45197,45
21166,45
30061,45
5332,45
39488,45
13919,45
26167,45
38958,45
34828,45
41788,45
2948,45
27763,45
17591,45
36719,45
3461,45
28093,45
1976,45
16252,45
44528,45
32796,45
19314,45
25129,45
29159,45
20480,45
21637,45
13875,45
48966,45
9157,45
25198,45
21455,45
462,45
43226,45
14692,45
40718,45
47536,45
20129,45
9204,45
37811,45
18093,45
9230,45
15169,45
3049,45
6637,45
524,45
2436,45
25077,45
43446,45
45428,45
36013,45
22615,45
10559,45
20880,45
12708,45
13686,45
47701,45
22366,45
3083,45
7506,45
28140,45
42572,45
25444,45
1566,45
29859,45
15362,45
39896,45
29860,44
23201,44
6249,44
13950,44
41820,44
46048,44
23159,44
36225,44
20729,44
2561,44
17582,44
45987,44
39637,44
6579,44
47707,44
23065,44
48282,44
45803,44
31887,44
45798,44
45782,44
5229,44
35088,44
7002,44
25453,44
20207,44
26852,44
7190,44
26470,44
20092,44
45568,44
29556,44
29554,44
7342,44
49427,44
32311,44
20221,44
45469,44
29498,44
48412,44
45422,44
45408,44
2233,44
17336,44
14313,44
47693,44
2168,44
14019,44
39828,44
3521,44
45183,44
25510,44
26902,44
41781,44
20272,44
8120,44
17218,44
44941,44
30947,44
30716,44
18944,44
48579,44
44905,44
31833,44
38394,44
19526,44
8538,44
22578,44
8608,44
30606,44
25576,44
35955,44
31807,44
36755,44
8881,44
22496,44
8937,44
4914,44
23538,44
25082,44
4885,44
1654,44
9164,44
38999,44
48801,44
44417,44
14079,44
41749,44
16954,44
22342,44
40901,44
26989,44
25632,44
1520,44
27002,44
28903,44
35657,44
22261,44
16842,44
36132,44
34196,44
597,44
31121,44
22215,44
48892,44
4668,44
10076,44
10083,44
16707,44
4640,44
22126,44
27043,44
27050,44
22088,44
23626,44
34547,44
49012,44
1195,44
43620,44
43618,44
10678,44
1180,44
43614,44
33244,44
43608,44
10817,44
27739,44
31199,44
10947,44
30501,44
1088,44
1041,44
27154,44
11330,44
43268,44
31220,44
38614,44
28400,44
43139,44
153,44
27174,44
15086,44
24039,44
30358,44
11780,44
11814,44
11831,44
21708,44
14383,44
21691,44
41558,44
21659,44
26005,44
40491,44
14970,44
12106,44
12147,44
33481,44
4245,44
42761,44
12374,44
49576,44
41286,44
15982,44
38954,44
14251,44
15888,44
21487,44
27547,44
34822,44
15225,44
12776,44
14790,44
14784,44
15845,44
12893,44
785,44
14777,44
40680,44
21402,44
40686,44
12976,44
38597,44
27708,44
18294,44
47335,44
929,44
14729,44
27988,44
33930,44
23812,44
20648,44
15657,44
917,44
42098,44
26048,44
33683,44
37471,44
33814,44
3946,44
36048,44
27600,44
25899,44
40833,44
26337,44
21218,44
13599,44
41451,44
21202,44
47844,44
41980,44
36042,44
4053,44
23380,44
36271,44
5568,44
46497,44
5447,44
5430,44
19592,44
17765,44
5877,44
17753,44
23276,44
5934,44
5949,44
29916,44
5981,44
20111,44
46211,44
41611,44
39456,44
17683,44
36350,44
306,44
27550,43
13439,43
13429,43
7890,43
23496,43
20174,43
23101,43
11999,43
28991,43
4090,43
14928,43
47797,43
27745,43
42525,43
25112,43
25519,43
44438,43
4819,43
48772,43
25524,43
3102,43
9207,43
17227,43
25612,43
32998,43
48001,43
11340,43
22700,43
10345,43
10721,43
2044,43
3897,43
37054,43
15671,43
38209,43
31794,43
37146,43
17999,43
48542,43
47881,43
43167,43
35564,43
25413,43
36153,43
12006,43
33778,43
48563,43
13209,43
31303,43
11455,43
36041,43
46243,43
43220,43
33475,43
42426,43
31464,43
17101,43
31434,43
17109,43
33441,43
32598,43
42930,43
19411,43
24689,43
8907,43
12014,43
12917,43
12244,43
47321,43
35524,43
41378,43
17166,43
30987,43
19406,43
45823,43
44688,43
40952,43
1324,43
10855,43
11746,43
48661,43
13141,43
49277,43
5724,43
37394,43
46897,43
39188,43
31498,43
41210,43
39897,43
18967,43
37391,43
8557,43
35098,43
6536,43
18964,43
8683,43
46717,43
17156,43
28028,43
22572,43
27776,43
49457,43
13065,43
44783,43
21373,43
4433,43
37910,43
47522,43
22138,43
6943,43
10135,43
19192,43
10591,43
2399,43
198,43
5211,43
11705,43
45676,43
46101,43
16404,43
4527,43
48030,43
48264,43
5190,43
49312,43
39484,43
16737,43
31745,43
32663,43
24100,43
37278,43
43362,43
21570,43
30040,43
7289,43
1386,43
7321,43
5524,43
35337,43
27742,43
32191,43
26757,43
18769,43
17392,43
17377,43
35099,43
30045,43
7438,43
5119,43
29486,43
2896,43
81,43
44151,43
47204,43
12474,43
33712,43
18189,43
41285,43
11196,43
35450,43
37942,43
34364,43
21197,43
1472,43
35434,43
13625,43
46192,43
37483,43
14246,43
734,43
9628,43
39506,43
19942,43
14547,43
44215,43
22,43
24268,43
33281,43
26542,43
43757,43
33530,43
658,43
7668,43
20867,43
49399,43
37958,43
33327,43
39406,43
7716,43
11057,43
37174,43
23923,43
17958,43
26065,43
29799,43
44332,43
13509,43
4786,43
23688,43
48184,43
44370,43
1155,43
29415,43
35667,43
7816,43
298,43
44403,43
40635,43
36613,43
11564,43
12688,43
20873,43
27053,43
31083,43
30916,43
23093,43
33676,43
44415,43
28136,43
37459,43
47254,43
19636,42
43547,42
41180,42
42990,42
15144,42
10810,42
10797,42
38219,42
11942,42
40212,42
30665,42
43581,42
41713,42
3817,42
41204,42
43653,42
20821,42
19143,42
29699,42
32036,42
31291,42
34555,42
37008,42
10395,42
26676,42
37245,42
10316,42
30663,42
12201,42
38675,42
34788,42
43872,42
30085,42
21609,42
36982,42
41240,42
12257,42
12270,42
41246,42
10156,42
1325,42
19122,42
31649,42
23604,42
37689,42
136,42
33506,42
37515,42
12394,42
15484,42
24822,42
48896,42
35474,42
36128,42
21552,42
14855,42
9729,42
44168,42
3364,42
37946,42
18367,42
42639,42
28910,42
35990,42
30540,42
9476,42
30843,42
9467,42
19806,42
44380,42
943,42
38046,42
16967,42
31908,42
33561,42
12737,42
20340,42
24990,42
39933,42
21453,42
24077,42
12800,42
28097,42
25605,42
48714,42
32991,42
9012,42
9008,42
19249,42
12898,42
23770,42
21422,42
36166,42
19014,42
31028,42
8878,42
32954,42
31480,42
297,42
41473,42
8783,42
8768,42
29122,42
14768,42
42353,42
1874,42
793,42
8640,42
8625,42
35011,42
29162,42
2945,42
36035,42
24741,42
8462,42
20068,42
8453,42
22623,42
24690,42
22635,42
15420,42
36673,42
17195,42
41566,42
32279,42
45015,42
41029,42
14510,42
29764,42
14274,42
15668,42
45046,42
8198,42
29316,42
24958,42
19547,42
15395,42
17222,42
41428,42
13364,42
45160,42
26305,42
13890,42
21277,42
48463,42
49211,42
34365,42
40818,42
15326,42
17965,42
30167,42
2870,42
18863,42
7800,42
20932,42
46806,42
38846,42
6363,42
30790,42
19900,42
7698,42
30426,42
32295,42
2703,42
33695,42
32045,42
47871,42
2194,42
2199,42
4059,42
45396,42
13628,42
32702,42
4051,42
35928,42
49536,42
2250,42
37778,42
5156,42
2696,42
26465,42
5481,42
24748,42
48344,42
45649,42
18780,42
31432,42
24919,42
5195,42
25128,42
13905,42
23936,42
45719,42
38064,42
34512,42
32348,42
35790,42
49516,42
45790,42
36457,42
11433,42
47858,42
43229,42
43242,42
19473,42
16313,42
11537,42
11552,42
3762,42
19409,42
6798,42
37130,42
43347,42
28510,42
46351,42
39122,42
11670,42
41159,42
11103,42
16413,42
16420,42
1058,42
11059,42
26496,42
47268,42
11015,42
11010,42
21921,42
47816,42
11804,42
21930,42
10972,42
43480,42
35100,42
21716,42
10950,42
21952,42
20461,42
10883,42
32198,41
14448,41
44322,41
10303,41
7793,41
12181,41
41234,41
38551,41
24274,41
48818,41
27733,41
41738,41
6070,41
29803,41
4752,41
9514,41
2590,41
42823,41
3637,41
24545,41
19926,41
45348,41
4727,41
49575,41
36088,41
7629,41
31552,41
13897,41
31166,41
49554,41
28602,41
2699,41
47958,41
30496,41
15966,41
22848,41
34670,41
37482,41
32593,41
5397,41
32431,41
3441,41
9640,41
37135,41
35562,41
48867,41
31669,41
3510,41
22860,41
23090,41
15116,41
16796,41
433,41
22214,41
42859,41
47214,41
19277,41
37505,41
32695,41
24098,41
10963,41
29831,41
31710,41
45455,41
46094,41
40492,41
6214,41
40528,41
28845,41
5498,41
34180,41
30575,41
11017,41
9857,41
38529,41
3363,41
48394,41
7373,41
11935,41
3493,41
31314,41
30879,41
28815,41
27228,41
27225,41
48922,41
41821,41
2354,41
31749,41
5469,41
43455,41
29725,41
7178,41
44028,41
5567,41
17659,41
4023,41
47771,41
4670,41
18820,41
49166,41
45663,41
67,41
25452,41
10943,41
10020,41
34315,41
30084,41
19827,41
39104,41
3359,41
22972,41
47127,41
25943,41
44733,41
20892,41
27800,41
29754,41
8535,41
15800,41
21359,41
38870,41
32345,41
44695,41
22154,41
29097,41
7031,41
41907,41
34814,41
42396,41
14317,41
48604,41
32123,41
26931,41
3068,41
13900,41
25959,41
21885,41
19786,41
12907,41
22479,41
40103,41
22625,41
37554,41
28338,41
33166,41
23328,41
3978,41
8398,41
15246,41
5905,41
17186,41
49334,41
13234,41
4886,41
46585,41
17204,41
33890,41
42227,41
3419,41
3423,41
39052,41
18043,41
17054,41
12273,41
23966,41
36226,41
6678,41
47981,41
42488,41
6743,41
45919,41
646,41
14789,41
40165,41
2751,41
18145,41
17578,41
2746,41
33573,41
45780,41
30362,41
29324,41
25958,41
2617,41
40121,41
36464,41
29003,41
45107,41
49101,41
22712,41
17612,41
19032,41
22385,41
20452,41
32286,41
12225,41
36217,41
4585,41
46977,41
2910,41
2904,41
26595,41
16998,41
17257,41
7943,41
39829,41
16992,41
35539,41
12711,41
21807,41
14624,41
20441,41
29389,41
7876,41
9280,41
17778,41
15214,41
46111,41
9303,41
9319,41
2153,41
11416,41
47539,41
3183,41
4202,41
24137,41
27345,41
37071,41
37579,41
16966,41
24766,41
43179,41
22014,41
10286,41
178,41
244,41
19427,40
38489,40
34612,40
49454,40
501,40
31327,40
31306,40
35566,40
49307,40
679,40
984,40
1001,40
49103,40
48861,40
1506,40
48817,40
31090,40
1564,40
31045,40
1741,40
48674,40
1895,40
31820,40
30972,40
2028,40
48533,40
48504,40
31855,40
30912,40
25119,40
2260,40
48376,40
2372,40
48302,40
48250,40
2594,40
30767,40
2894,40
30725,40
2939,40
31978,40
30666,40
3116,40
3259,40
47775,40
47704,40
3507,40
3568,40
3588,40
47641,40
47632,40
3691,40
30503,40
36001,40
3954,40
47398,40
4055,40
4080,40
47247,40
30329,40
32195,40
23641,40
4628,40
4789,40
46957,40
4905,40
23525,40
46843,40
5159,40
5402,40
5408,40
46577,40
23372,40
23367,40
46530,40
5549,40
5719,40
46408,40
5889,40
46261,40
5997,40
36334,40
36352,40
6157,40
46121,40
6243,40
32516,40
23145,40
6394,40
6401,40
6540,40
6599,40
25415,40
45845,40
6824,40
25431,40
45775,40
7007,40
7008,40
45702,40
32643,40
45623,40
7224,40
32669,40
45515,40
29540,40
35063,40
29528,40
36547,40
36568,40
7568,40
45381,40
45323,40
36593,40
29435,40
22798,40
35043,40
22766,40
45187,40
45180,40
22735,40
8020,40
8032,40
32803,40
8059,40
32809,40
45017,40
29278,40
29273,40
22649,40
8434,40
29227,40
44900,40
8813,40
8818,40
44685,40
8902,40
25592,40
44546,40
24942,40
22448,40
22430,40
44405,40
28962,40
28936,40
9677,40
9811,40
28831,40
9893,40
10062,40
33175,40
43873,40
25692,40
43786,40
22043,40
55,40
10642,40
10696,40
10936,40
37085,40
21926,40
11048,40
11060,40
11105,40
11120,40
11157,40
43322,40
43272,40
34914,40
28423,40
43162,40
11659,40
11674,40
43091,40
11947,40
42957,40
12019,40
21648,40
12091,40
12330,40
25841,40
28161,40
42601,40
42575,40
12733,40
34865,40
42468,40
42434,40
28074,40
33586,40
42358,40
42308,40
33620,40
21327,40
33634,40
33648,40
42167,40
21284,40
27929,40
13622,40
42007,40
27853,40
41869,40
33743,40
13981,40
33760,40
41659,40
27716,40
41632,40
41499,40
41490,40
41429,40
14638,40
27568,40
41336,40
27543,40
41298,40
25990,40
14943,40
33916,40
15245,40
37780,40
15471,40
40906,40
26043,40
15594,40
37812,40
15695,40
27319,40
34010,40
15812,40
40508,40
40489,40
40480,40
16271,40
40270,40
16476,40
20425,40
16844,40
16862,40
16894,40
17043,40
20317,40
34725,40
39776,40
17372,40
17416,40
17567,40
17684,40
20109,40
39443,40
17934,40
17947,40
18087,40
18137,40
26658,40
39096,40
18521,40
26544,40
18631,40
38965,40
19919,40
18715,40
18756,40
18803,40
38858,40
34501,40
18981,40
38607,40
19352,40
38331,40
32161,39
48040,39
20025,39
7261,39
20856,39
7275,39
17411,39
41311,39
2793,39
21895,39
14794,39
12731,39
20937,39
45477,39
19233,39
22894,39
39217,39
16422,39
27589,39
24760,39
14661,39
7417,39
27766,39
25944,39
26144,39
34889,39
35479,39
28531,39
41438,39
38216,39
24133,39
12334,39
34275,39
28294,39
11839,39
28543,39
2730,39
30345,39
27118,39
45326,39
45305,39
38867,39
22797,39
10921,39
19553,39
21964,39
27379,39
17277,39
48106,39
20559,39
3253,39
25502,39
15515,39
10791,39
39291,39
12921,39
7995,39
8172,39
12982,39
8321,39
29261,39
32233,39
12021,39
42092,39
26377,39
37599,39
34239,39
15621,39
43658,39
29206,39
34617,39
43683,39
44782,39
14243,39
10511,39
22074,39
8745,39
25143,39
144,39
38841,39
19752,39
41965,39
30819,39
10327,39
31597,39
44499,39
43916,39
38830,39
37577,39
13243,39
48207,39
23935,39
39106,39
17024,39
44431,39
22376,39
46976,39
39974,39
23555,39
28981,39
12028,39
9892,39
3223,39
22338,39
3900,39
42190,39
550,39
16901,39
44161,39
505,39
21549,39
9488,39
40069,39
9680,39
43125,39
16832,39
9620,39
25644,39
19312,39
46917,39
14184,39
748,39
16000,39
30866,39
98,39
23937,39
3175,39
11554,39
2258,39
34089,39
18907,39
23792,39
30576,39
46794,39
5188,39
42935,39
18931,39
30671,39
5298,39
25105,39
48573,39
3424,39
23905,39
25092,39
9596,39
35701,39
3576,39
1864,39
18968,39
1861,39
33451,39
5354,39
26758,39
11469,39
30498,39
1780,39
4002,39
46634,39
39467,39
42652,39
31046,39
39478,39
39081,39
11457,39
1570,39
1557,39
37303,39
40343,39
35323,39
5520,39
34471,39
31105,39
32388,39
23306,39
23305,39
792,39
23287,39
47964,39
36319,39
38927,39
16186,39
49459,39
25376,39
33954,39
48960,39
11785,39
25907,39
26400,39
6161,39
25053,39
34869,39
48997,39
11284,39
12617,39
18589,39
18474,39
6226,39
23188,39
1050,39
19675,39
24570,39
1049,39
19907,39
45969,39
6594,39
2963,39
29708,39
16128,39
31967,39
42874,39
45821,39
17539,39
45781,39
28274,39
3742,39
23004,39
15148,39
39191,39
26018,39
14314,39
41200,39
47535,39
45743,39
19980,39
4185,39
15168,39
12704,39
40497,39
25207,38
47646,38
23896,38
3540,38
35497,38
40452,38
37217,38
26555,38
3385,38
3372,38
21702,38
3264,38
41476,38
19396,38
16216,38
3119,38
41577,38
43033,38
3047,38
3035,38
3022,38
18685,38
30688,38
38917,38
24075,38
40407,38
40955,38
11725,38
34903,38
18781,38
2760,38
28391,38
2738,38
38451,38
48160,38
2595,38
2549,38
26479,38
48227,38
2492,38
30852,38
35766,38
43155,38
13648,38
48449,38
30914,38
37806,38
2082,38
1960,38
1951,38
27161,38
18969,38
1816,38
24387,38
1607,38
37159,38
38687,38
33350,38
1367,38
48948,38
1321,38
28462,38
31723,38
49047,38
19184,38
11255,38
966,38
949,38
19426,38
919,38
11207,38
11179,38
20808,38
37743,38
15163,38
20773,38
37708,38
15172,38
14988,38
33895,38
33880,38
37649,38
41037,38
15313,38
40291,38
27595,38
26033,38
41441,38
40990,38
28534,38
549,38
33694,38
21950,38
43502,38
10877,38
49290,38
34740,38
10836,38
13557,38
10789,38
21250,38
27082,38
13482,38
28655,38
10379,38
34566,38
35543,38
27046,38
34952,38
10109,38
10105,38
15648,38
43994,38
36949,38
9940,38
28821,38
28844,38
44117,38
9713,38
14220,38
20387,38
36899,38
44214,38
9610,38
506,38
14171,38
44223,38
33639,38
9549,38
16881,38
9542,38
31514,38
44263,38
27974,38
9361,38
9326,38
15687,38
24656,38
40762,38
44510,38
21322,38
34853,38
22439,38
17076,38
9091,38
9054,38
13211,38
9011,38
376,38
8892,38
36747,38
8755,38
8666,38
42259,38
13186,38
21363,38
29194,38
14561,38
13020,38
14474,38
8302,38
35025,38
37367,38
31319,38
45092,38
33598,38
8039,38
32798,38
7986,38
45203,38
28077,38
28094,38
38018,38
39789,38
17324,38
35519,38
25486,38
22868,38
45450,38
42521,38
29514,38
32680,38
40644,38
26854,38
7115,38
29620,38
21490,38
32587,38
29703,38
45903,38
6556,38
38545,38
32540,38
6467,38
6437,38
32528,38
23172,38
36367,38
32494,38
25386,38
36363,38
23220,38
34707,38
29932,38
23277,38
29933,38
5908,38
5903,38
37850,38
17786,38
15361,38
39493,38
5683,38
32382,38
32364,38
26760,38
5507,38
27645,38
15365,38
20581,38
25326,38
12506,38
12503,38
46689,38
39403,38
35502,38
46746,38
27654,38
21536,38
5056,38
5037,38
38106,38
4998,38
26718,38
30202,38
12478,38
16035,38
42695,38
47047,38
25835,38
4505,38
27219,38
23689,38
18210,38
13925,38
28258,38
4191,38
4135,38
23731,38
37244,38
36044,38
41852,38
47416,38
13907,38
23787,38
39118,38
3923,38
3715,38
3649,38
25738,37
2647,37
12461,37
36589,37
3122,37
19745,37
41426,37
7666,37
42478,37
42486,37
28105,37
35810,37
27591,37
17351,37
47037,37
4693,37
3942,37
22878,37
7459,37
32127,37
41416,37
41412,37
14666,37
41369,37
7384,37
33869,37
28201,37
14724,37
17410,37
33556,37
25991,37
40455,37
43403,37
39722,37
7273,37
11111,37
30272,37
7257,37
7235,37
45629,37
45652,37
14501,37
45675,37
35081,37
41469,37
41201,37
6984,37
41094,37
33311,37
6945,37
35279,37
36462,37
15046,37
28142,37
33915,37
49193,37
12386,37
36435,37
38865,37
24603,37
33547,37
18636,37
1008,37
47835,37
23114,37
12355,37
4436,37
38301,37
39632,37
31922,37
21503,37
12639,37
13942,37
33968,37
6389,37
18633,37
6246,37
6240,37
1128,37
40848,37
47279,37
26818,37
2744,37
47289,37
39592,37
42591,37
33431,37
1189,37
43284,37
28168,37
48992,37
39569,37
47826,37
48955,37
48952,37
42634,37
6123,37
32459,37
15919,37
11668,37
43256,37
15921,37
12239,37
26159,37
25156,37
4212,37
48048,37
18238,37
48840,37
17754,37
23300,37
48839,37
25761,37
5797,37
18608,37
19560,37
31947,37
28320,37
5705,37
38696,37
27272,37
18261,37
47314,37
42821,37
27265,37
36269,37
31949,37
38708,37
2903,37
1554,37
4158,37
31056,37
35318,37
30491,37
48700,37
71,37
5366,37
42182,37
9652,37
44185,37
19950,37
40041,37
49490,37
31032,37
26173,37
35694,37
9606,37
26327,37
38785,37
36892,37
43059,37
17868,37
39016,37
46661,37
22283,37
2049,37
9500,37
9697,37
33101,37
13312,37
24949,37
16909,37
134,37
11958,37
22321,37
13246,37
16921,37
44360,37
27956,37
18731,37
36846,37
49245,37
31515,37
33033,37
9334,37
25315,37
9956,37
43168,37
40800,37
36966,37
2946,37
22381,37
28759,37
44440,37
22396,37
9209,37
44454,37
10094,37
44482,37
10150,37
496,37
2970,37
13335,37
34444,37
33429,37
47688,37
33633,37
15988,37
46783,37
38246,37
34990,37
5092,37
2363,37
12484,37
8966,37
33182,37
29058,37
29060,37
10338,37
37858,37
5058,37
3621,37
3548,37
10391,37
8708,37
46850,37
10546,37
21132,37
35291,37
13153,37
25561,37
34054,37
44842,37
35012,37
8521,37
38945,37
13357,37
44891,37
34366,37
41734,37
44918,37
13461,37
22643,37
33250,37
43126,37
14273,37
34068,37
37060,37
35024,37
44979,37
16579,37
19998,37
46861,37
21395,37
46890,37
32075,37
43585,37
46892,37
8101,37
45119,37
46898,37
8064,37
8063,37
39114,37
2392,37
14085,37
20266,37
34014,37
21992,37
15488,37
26474,37
7959,37
14307,37
32264,37
10835,37
7892,37
33583,37
43533,37
14000,37
48225,37
17292,37
10924,37
48216,37
45280,37
10951,37
14565,36
41484,36
37608,36
21005,36
41587,36
41704,36
33767,36
49639,36
37794,36
41760,36
15511,36
13956,36
41851,36
13832,36
33976,36
41901,36
13811,36
15556,36
13725,36
42037,36
21229,36
13530,36
42164,36
42172,36
15661,36
33646,36
27965,36
40774,36
27993,36
42287,36
42298,36
28037,36
587,36
12947,36
15858,36
15871,36
37853,36
12533,36
40578,36
42666,36
27236,36
12468,36
12401,36
12396,36
12369,36
19301,36
21585,36
42778,36
21651,36
49360,36
42884,36
551,36
21669,36
37878,36
11812,36
28346,36
43072,36
11633,36
21764,36
43166,36
11510,36
43282,36
37137,36
21881,36
28552,36
16514,36
43554,36
43567,36
27085,36
16585,36
43589,36
10615,36
43655,36
10611,36
10589,36
43696,36
43807,36
34951,36
25680,36
16717,36
28776,36
44095,36
9764,36
36908,36
9633,36
9627,36
24994,36
9565,36
36864,36
28944,36
9408,36
22346,36
28982,36
9277,36
22415,36
39930,36
29026,36
44521,36
22433,36
25595,36
36769,36
8649,36
8641,36
8630,36
29167,36
22633,36
8426,36
26136,36
22644,36
31518,36
25536,36
8286,36
8253,36
29305,36
8068,36
35035,36
7997,36
39836,36
7958,36
17267,36
7849,36
22791,36
22830,36
29469,36
7594,36
39765,36
26356,36
22887,36
7311,36
7293,36
341,36
7022,36
24910,36
32596,36
45881,36
6456,36
45991,36
17646,36
17657,36
36358,36
46140,36
23231,36
5992,36
36318,36
46396,36
17790,36
23331,36
38086,36
17814,36
30054,36
36241,36
17826,36
5391,36
17834,36
32341,36
26750,36
36204,36
49527,36
30145,36
5079,36
32291,36
46851,36
39357,36
4992,36
39342,36
30210,36
30211,36
19362,36
4730,36
32232,36
26703,36
4678,36
245,36
4609,36
47082,36
4602,36
4582,36
47133,36
47171,36
4466,36
4316,36
4285,36
47281,36
30369,36
30372,36
4231,36
18240,36
35498,36
26198,36
4112,36
25239,36
4061,36
34686,36
18328,36
30437,36
3966,36
3958,36
30454,36
47454,36
23818,36
3786,36
3779,36
3747,36
30547,36
32060,36
47727,36
26563,36
3418,36
47736,36
23975,36
3281,36
18613,36
38366,36
23996,36
38393,36
3129,36
3082,36
24051,36
19597,36
47973,36
18714,36
2908,36
25166,36
34477,36
2898,36
48064,36
35380,36
48138,36
38839,36
24208,36
2414,36
48336,36
2299,36
30890,36
31864,36
2157,36
25111,36
1866,36
24375,36
26430,36
34540,36
24437,36
24450,36
24472,36
24474,36
31165,36
48991,36
35625,36
24539,36
19181,36
1018,36
19226,36
15043,36
15038,36
20778,36
20848,36
33926,36
37761,36
20910,36
15315,36
20926,36
14587,36
26866,36
42707,35
24635,35
24512,35
24477,35
35707,35
24324,35
35719,35
25127,35
24215,35
35818,35
24032,35
35934,35
23911,35
25212,35
35967,35
23751,35
23742,35
25275,35
35160,35
23438,35
36325,35
36329,35
36394,35
25411,35
23071,35
36467,35
22966,35
36602,35
22701,35
22696,35
36791,35
22399,35
25631,35
22296,35
36931,35
25667,35
25668,35
25694,35
34941,35
25708,35
37181,35
21551,35
114,35
37338,35
37479,35
25902,35
37499,35
21003,35
20928,35
20735,35
37955,35
26164,35
19967,35
38204,35
19762,35
38401,35
26302,35
19365,35
19347,35
38574,35
26383,35
38695,35
19035,35
18869,35
26485,35
38850,35
38863,35
38879,35
26532,35
39015,35
18562,35
34452,35
18453,35
39158,35
26642,35
18217,35
18186,35
39246,35
34373,35
18036,35
26740,35
17886,35
17762,35
17740,35
39609,35
17603,35
39738,35
39750,35
39770,35
26908,35
39855,35
34238,35
40048,35
16792,35
16784,35
40108,35
16601,35
34109,35
16162,35
16117,35
16063,35
16060,35
40624,35
34011,35
40881,35
15378,35
41027,35
15242,35
33924,35
15069,35
41219,35
14907,35
33867,35
14685,35
27590,35
82,35
14615,35
14609,35
14081,35
41764,35
41818,35
41833,35
41835,35
13871,35
13824,35
33696,35
27918,35
42119,35
33638,35
33635,35
13224,35
13056,35
33584,35
12862,35
42604,35
28159,35
42643,35
12434,35
42714,35
33484,35
42908,35
11830,35
43191,35
43215,35
11446,35
43333,35
11161,35
11065,35
43433,35
28551,35
10966,35
33285,35
10917,35
43499,35
43538,35
43551,35
10703,35
10564,35
43794,35
43801,35
28706,35
33190,35
43869,35
43917,35
10085,35
10075,35
10046,35
44058,35
9487,35
9380,35
9312,35
9296,35
9259,35
44476,35
9004,35
8980,35
32965,35
8816,35
8585,35
8565,35
44885,35
44937,35
45058,35
8062,35
29359,35
29391,35
45360,35
7564,35
7504,35
32671,35
7313,35
7221,35
7028,35
6854,35
6471,35
6424,35
6367,35
46115,35
6223,35
6136,35
46317,35
5862,35
5714,35
30030,35
46570,35
30055,35
5418,35
5399,35
5336,35
5203,35
5167,35
46754,35
30140,35
5122,35
46849,35
31482,35
46885,35
46956,35
4777,35
30256,35
47041,35
4629,35
47147,35
47295,35
4076,35
3956,35
3908,35
47540,35
3643,35
3502,35
47710,35
3443,35
30598,35
3387,35
3220,35
3128,35
47948,35
30698,35
31976,35
2959,35
48012,35
48060,35
48382,35
48388,35
48434,35
2139,35
1953,35
30988,35
31008,35
1850,35
1799,35
1601,35
1482,35
1361,35
1150,35
49163,35
914,35
49225,35
732,35
31360,35
49403,35
434,35
316,35
49539,35
192,35
35421,35
24917,35
35472,35
25071,34
13653,34
38170,34
44708,34
2532,34
8780,34
4427,34
42723,34
1555,34
11995,34
89,34
44934,34
18476,34
48599,34
18472,34
6785,34
18464,34
36678,34
14007,34
38498,34
23678,34
48608,34
40098,34
23680,34
8441,34
43797,34
6582,34
48759,34
31827,34
16776,34
34395,34
14160,34
41701,34
34891,34
44861,34
42386,34
43287,34
19996,34
34779,34
49479,34
40050,34
47336,34
48639,34
4140,34
1701,34
30409,34
31795,34
26626,34
13002,34
14094,34
23174,34
21700,34
42362,34
42881,34
25687,34
7128,34
3178,34
32925,34
46319,34
47400,34
8686,34
44754,34
33928,34
6726,34
29897,34
3995,34
38144,34
25655,34
41215,34
15360,34
13322,34
45853,34
15837,34
29962,34
5799,34
3322,34
13601,34
37834,34
29571,34
43350,34
15158,34
15625,34
37279,34
29988,34
14876,34
33512,34
17942,34
43375,34
19783,34
42124,34
20680,34
39752,34
15936,34
17557,34
49390,34
7320,34
19124,34
19123,34
12247,34
49377,34
7101,34
29549,34
29021,34
39767,34
46482,34
24694,34
25989,34
24886,34
42691,34
21665,34
23051,34
37732,34
46509,34
6289,34
11557,34
7395,34
3027,34
38699,34
48159,34
16002,34
3024,34
33432,34
39801,34
11062,34
603,34
2502,34
6949,34
7496,34
35059,34
23392,34
2659,34
31998,34
25172,34
13786,34
22456,34
2253,34
7553,34
35794,34
45398,34
13244,34
11237,34
20554,34
9031,34
23123,34
38762,34
48133,34
3505,34
713,34
10964,34
16116,34
16118,34
19822,34
7638,34
5361,34
39514,34
13818,34
27212,34
34518,34
31582,34
28276,34
38787,34
45332,34
12567,34
17230,34
20170,34
22184,34
23223,34
17850,34
33269,34
25975,34
38804,34
12584,34
9960,34
7745,34
21514,34
28236,34
43181,34
46781,34
23477,34
29008,34
12605,34
5118,34
30555,34
34752,34
30782,34
19577,34
49460,34
3612,34
43546,34
11709,34
49161,34
10829,34
40383,34
5049,34
36952,34
42589,34
3632,34
36608,34
40372,34
396,34
18083,34
12656,34
45256,34
12660,34
39584,34
22781,34
25150,34
2149,34
16335,34
10780,34
11829,34
48460,34
35828,34
12680,34
35962,34
20491,34
43576,34
34330,34
7879,34
36368,34
49074,34
4935,34
45742,34
8922,34
41088,34
20956,34
21480,34
46930,34
361,34
45189,34
43596,34
8905,34
26789,34
30931,34
33681,34
19241,34
42076,34
30242,34
4783,34
45735,34
29853,34
9734,34
45147,34
10652,34
28117,34
31928,34
27991,34
13137,34
49515,34
26951,34
24870,34
19527,34
45731,34
40225,34
30268,34
18620,34
12803,34
22402,34
12808,34
9753,34
13961,34
43688,34
26865,34
3202,34
12205,34
41563,34
21735,34
18575,34
40190,34
3205,34
42470,34
33164,34
27670,34
23240,34
14340,34
10502,34
24473,34
23143,34
12365,34
41579,34
28003,34
8217,34
45828,34
45031,34
30311,34
15402,34
28086,34
1523,34
8946,33
42070,33
5656,33
27445,33
8135,33
7984,33
14305,33
18597,33
45074,33
38184,33
48459,33
27168,33
19920,33
25851,33
39879,33
16329,33
30772,33
32806,33
35145,33
34907,33
20782,33
11518,33
39711,33
47125,33
11852,33
34168,33
34673,33
8144,33
34372,33
19335,33
43783,33
1038,33
11906,33
46878,33
25508,33
6997,33
7605,33
18651,33
44947,33
42432,33
17011,33
20652,33
1959,33
5523,33
33517,33
1565,33
48380,33
49465,33
46093,33
34832,33
7305,33
37624,33
14838,33
1586,33
33419,33
10410,33
15586,33
38588,33
24113,33
48305,33
36936,33
22143,33
45510,33
35668,33
41660,33
29510,33
15407,33
40105,33
20801,33
13094,33
6093,33
26336,33
18458,33
11848,33
23519,33
381,33
11517,33
45929,33
33927,33
25188,33
37502,33
44184,33
8431,33
12682,33
41903,33
16746,33
28569,33
43759,33
36740,33
47267,33
30590,33
2676,33
31828,33
49500,33
752,33
41197,33
7869,33
27025,33
29220,33
36703,33
26326,33
18945,33
21328,33
13075,33
39095,33
18425,33
1093,33
3788,33
9833,33
21677,33
36911,33
18039,33
46690,33
27205,33
41902,33
42407,33
43498,33
19372,33
6239,33
16034,33
9867,33
36220,33
39503,33
16804,33
33340,33
39740,33
4220,33
15753,33
26205,33
15210,33
3378,33
48521,33
8531,33
8544,33
20532,33
9715,33
39253,33
9429,33
8753,33
39978,33
32584,33
25557,33
13072,33
42465,33
41726,33
8573,33
27128,33
38460,33
46198,33
27075,33
37964,33
43925,33
2133,33
33496,33
40045,33
27802,33
36167,33
46457,33
49528,33
27563,33
30298,33
34307,33
34577,33
12439,33
31899,33
14654,33
28045,33
42207,33
19315,33
21837,33
25243,33
42233,33
1533,33
35158,33
29844,33
5217,33
6333,33
20214,33
24393,33
31798,33
1732,33
25193,33
5593,33
4109,33
40907,33
22155,33
9653,33
18905,33
40314,33
1285,33
47443,33
45137,33
7979,33
11533,33
18279,33
42616,33
10245,33
21079,33
15220,33
8647,33
44284,33
8159,33
37639,33
47770,33
10230,33
39754,33
15749,33
44774,33
30026,33
44011,33
23557,33
47381,33
9457,33
43531,33
24758,33
13361,33
39497,33
1821,33
47789,33
18311,33
32128,33
24530,33
42056,33
38735,33
13403,33
13161,33
3558,33
49186,33
36569,33
49050,33
42268,33
5982,33
36984,33
34408,33
257,33
22165,33
30485,33
37166,33
16485,33
38070,33
32844,33
35501,33
25213,33
48846,33
6181,33
6626,33
44696,33
38555,33
14961,33
5840,33
11032,33
5839,33
3743,33
25458,33
28969,33
25460,33
10665,33
7180,33
37423,33
21356,33
20212,33
4851,33
43443,33
15857,33
34461,33
12114,33
40170,33
25580,33
32564,33
2782,33
15619,33
44083,33
11567,33
38692,33
14919,33
46814,33
23080,33
5954,33
3325,33
10845,33
40944,33
3072,33
19177,33
1972,33
20835,33
27914,33
28858,33
44128,33
44295,33
5668,33
3687,33
16078,33
36489,33
27907,33
25002,33
13600,33
40811,33
24980,33
31594,33
35490,33
33971,33
48139,33
32668,33
45725,33
12739,33
15545,33
29656,33
16280,33
4643,33
23606,33
30275,33
31359,33
38031,33
49293,33
13201,33
37420,33
6017,33
45519,33
37041,33
30732,33
10033,33
39652,33
23944,33
17374,33
42286,33
5036,33
21529,33
10994,33
48541,33
44134,33
39413,33
30944,33
14583,33
28090,33
30748,33
953,32
9619,32
46441,32
16429,32
463,32
27129,32
10515,32
27399,32
27989,32
3342,32
3189,32
14859,32
4815,32
4554,32
30865,32
17354,32
16444,32
9392,32
47568,32
3720,32
23856,32
2342,32
180,32
15742,32
35771,32
47753,32
24688,32
33,32
37472,32
17320,32
3273,32
32042,32
34120,32
19681,32
4499,32
23146,32
31851,32
12454,32
48372,32
28636,32
17314,32
45691,32
33563,32
11907,32
12167,32
22513,32
14442,32
16030,32
47839,32
5478,32
46230,32
9685,32
36248,32
25662,32
15546,32
32359,32
43081,32
37105,32
5448,32
49316,32
27119,32
9406,32
2283,32
22858,32
39818,32
19018,32
14998,32
47913,32
24066,32
32058,32
31631,32
30794,32
15262,32
44057,32
42283,32
43748,32
49550,32
28556,32
39510,32
35487,32
36235,32
3767,32
4732,32
19961,32
36232,32
31650,32
35802,32
13666,32
20459,32
46258,32
18183,32
32722,32
10625,32
45339,32
45115,32
12561,32
12116,32
6185,32
45108,32
46687,32
2465,32
12795,32
20139,32
10911,32
48045,32
337,32
27481,32
8262,32
34632,32
10906,32
11251,32
38245,32
26817,32
15167,32
18913,32
33660,32
35278,32
39847,32
20987,32
33811,32
41425,32
15534,32
27660,32
31255,32
28585,32
11684,32
46736,32
23914,32
41432,32
45777,32
39852,32
46774,32
38973,32
44687,32
35637,32
8115,32
21008,32
22471,32
33972,32
47659,32
39562,32
28091,32
27180,32
33631,32
19264,32
40209,32
46824,32
36121,32
33619,32
33145,32
38606,32
34769,32
9578,32
40888,32
36770,32
29423,32
19528,32
30179,32
31923,32
43678,32
40924,32
23022,32
36745,32
26494,32
10802,32
24598,32
17728,32
45704,32
36388,32
19880,32
35648,32
7848,32
23827,32
25291,32
28683,32
1537,32
41987,32
24440,32
27709,32
47195,32
41646,32
9572,32
7117,32
11409,32
48262,32
47096,32
243,32
39237,32
38872,32
6562,32
29394,32
47219,32
24568,32
21696,32
28235,32
8401,32
46012,32
39232,32
9669,32
8227,32
42926,32
41051,32
29654,32
29892,32
33052,32
23107,32
29292,32
2418,32
21486,32
22083,32
43309,32
43809,32
12096,32
31463,32
40084,32
44694,32
39100,32
26508,32
4238,32
10155,32
1669,32
34482,32
44856,32
22095,32
28302,32
23066,32
22772,32
26608,32
8563,32
4568,32
23242,32
14108,32
28389,32
7125,32
32427,32
1703,32
1705,32
1869,32
17887,32
24894,32
28847,32
10281,32
3939,32
18271,32
11532,32
49066,32
42549,32
195,32
47364,32
20351,32
6408,32
14041,32
2749,32
15216,32
2129,32
16949,32
21776,32
7932,32
48689,32
26041,32
34730,32
48668,32
20359,32
33338,32
4032,32
1407,32
31017,32
26645,32
4876,32
17390,32
4868,32
23551,32
27410,32
45648,32
10723,32
29596,32
6621,32
43028,32
40855,32
38042,32
5828,32
6539,32
17842,32
33346,32
27291,32
28616,32
28128,32
41233,32
45880,32
5786,32
32565,32
13476,32
40647,32
29017,32
17935,32
26877,32
16424,32
33507,32
22250,32
11176,32
5766,32
19707,32
41243,32
39455,32
5736,32
30232,32
4723,31
35877,31
23057,31
24178,31
30829,31
11359,31
43090,31
28880,31
17810,31
48191,31
37767,31
48185,31
47923,31
48177,31
28243,31
36898,31
2625,31
2637,31
47947,31
3011,31
3010,31
6782,31
12040,31
3003,31
38509,31
44326,31
2924,31
2689,31
17633,31
30738,31
42069,31
42101,31
40947,31
9548,31
38065,31
2771,31
29762,31
37469,31
33063,31
44255,31
27441,31
29645,31
15001,31
40704,31
29644,31
11220,31
43326,31
5929,31
6894,31
20624,31
23284,31
25414,31
5892,31
11227,31
7181,31
45610,31
36429,31
15562,31
26001,31
416,31
23316,31
37125,31
5694,31
11547,31
46442,31
30002,31
15938,31
14865,31
49379,31
27261,31
5548,31
7420,31
24683,31
21901,31
37111,31
46534,31
45745,31
27234,31
20566,31
46556,31
36353,31
29493,31
12483,31
38731,31
11043,31
11042,31
655,31
7545,31
11025,31
670,31
5419,31
23398,31
7558,31
33876,31
14725,31
28332,31
14703,31
46640,31
6950,31
30094,31
35464,31
19710,31
5274,31
801,31
25318,31
32324,31
41413,31
18911,31
38800,31
10881,31
24620,31
45312,31
38492,31
25028,31
14619,31
41442,31
5076,31
29434,31
25766,31
7766,31
11835,31
7771,31
203,31
40379,31
12647,31
36175,31
29411,31
19342,31
16324,31
20666,31
18793,31
46051,31
14559,31
49089,31
12684,31
23524,31
34868,31
43590,31
21482,31
40309,31
45738,31
46952,31
24872,31
12744,31
42528,31
31729,31
12752,31
14468,31
23561,31
14456,31
40260,31
16472,31
34125,31
23575,31
18665,31
26042,31
10634,31
27653,31
36371,31
38199,31
41535,31
8113,31
45086,31
14375,31
28649,31
10598,31
45727,31
10571,31
37756,31
1362,31
36110,31
4578,31
45789,31
15122,31
48882,31
24466,31
28395,31
48860,31
40148,31
240,31
48843,31
271,31
48837,31
44999,31
32853,31
14262,31
31094,31
48814,31
10416,31
10415,31
14229,31
48798,31
29245,31
4355,31
49556,31
42418,31
48771,31
37790,31
4280,31
14186,31
10348,31
19609,31
46007,31
19601,31
8576,31
34421,31
36053,31
23735,31
12989,31
28392,31
18342,31
26636,31
1771,31
1772,31
34729,31
37551,31
26647,31
3997,31
44747,31
16958,31
26977,31
14038,31
25229,31
13067,31
1894,31
31819,31
1900,31
48627,31
8742,31
34219,31
1920,31
30976,31
36979,31
48609,31
32532,31
17001,31
35008,31
43934,31
6035,31
6027,31
8801,31
49651,31
28758,31
32120,31
38345,31
3785,31
37393,31
44679,31
20803,31
8863,31
21127,31
44657,31
3702,31
3701,31
3700,31
21136,31
12241,31
3688,31
37986,31
48488,31
37716,31
44634,31
3666,31
17152,31
23128,31
30539,31
13857,31
32977,31
23895,31
35745,31
30560,31
48428,31
23918,31
18051,31
32062,31
48425,31
29772,31
38521,31
18028,31
21164,31
3496,31
25446,31
44559,31
2255,31
13784,31
18004,31
15735,31
27970,31
3422,31
26890,31
39785,31
9118,31
30605,31
11341,31
15745,31
3371,31
9141,31
13735,31
30612,31
2373,31
41961,31
48327,31
32996,31
26733,31
44127,31
42175,31
24916,31
34298,31
24001,31
26748,31
19554,31
29001,31
31895,31
21285,31
2518,31
41991,31
13106,30
4460,30
34904,30
16656,30
17382,30
49535,30
38392,30
34152,30
3839,30
32469,30
40149,30
10495,30
4520,30
40163,30
1978,30
40654,30
32824,30
20997,30
7167,30
47108,30
31842,30
22050,30
16580,30
4637,30
31144,30
23833,30
24490,30
37161,30
6092,30
5868,30
23837,30
119,30
31161,30
34767,30
6610,30
6819,30
3775,30
43202,30
24515,30
14428,30
13134,30
28774,30
1249,30
45909,30
37038,30
1248,30
10643,30
35631,30
6439,30
34830,30
39913,30
20047,30
27337,30
8026,30
26310,30
26533,30
5904,30
11476,30
49574,30
10043,30
16457,30
19914,30
8862,30
15798,30
27507,30
39671,30
10674,30
45166,30
31545,30
12123,30
21352,30
11810,30
40687,30
40288,30
9291,30
42780,30
19321,30
1174,30
36409,30
20650,30
48490,30
49446,30
41036,30
33449,30
7950,30
38032,30
26097,30
46934,30
29072,30
21348,30
6526,30
48069,30
7934,30
56,30
23871,30
7038,30
31532,30
42550,30
45207,30
14538,30
14544,30
39571,30
25971,30
20216,30
10772,30
36761,30
42571,30
15101,30
16317,30
40362,30
48457,30
309,30
7823,30
49133,30
23500,30
13710,30
13470,30
5048,30
12636,30
47625,30
28794,30
40803,30
28279,30
13528,30
26233,30
37632,30
26379,30
15431,30
18857,30
36474,30
26481,30
31685,30
9180,30
30556,30
33469,30
20513,30
46180,30
19852,30
3246,30
27190,30
14641,30
25026,30
36873,30
35945,30
30783,30
39591,30
154,30
33905,30
40442,30
36781,30
41409,30
18930,30
13550,30
39720,30
13825,30
5278,30
776,30
20687,30
49252,30
49464,30
6466,30
45337,30
29456,30
41904,30
10934,30
9410,30
29472,30
46602,30
9700,30
43479,30
9702,30
31294,30
2986,30
12288,30
6152,30
13593,30
31993,30
12518,30
35057,30
2249,30
40512,30
32984,30
24651,30
32057,30
21915,30
16071,30
39483,30
42841,30
2261,30
36571,30
12502,30
31892,30
9190,30
45410,30
24665,30
12485,30
25336,30
37424,30
15121,30
45431,30
40533,30
11053,30
40539,30
14792,30
30646,30
13276,30
9761,30
32623,30
41939,30
26851,30
34896,30
11339,30
45462,30
20713,30
11372,30
21902,30
42729,30
29536,30
31341,30
44466,30
7386,30
23353,30
26887,30
33669,30
26166,30
11871,30
11089,30
25008,30
30867,30
36282,30
22345,30
28867,30
34879,30
37855,30
27838,30
20584,30
28530,30
25775,30
528,30
39454,30
36468,30
14848,30
6791,30
31357,30
1810,30
1798,30
42879,30
5625,30
36985,30
20357,30
10205,30
22552,30
10214,30
6053,30
18318,30
37379,30
12084,30
11640,30
29151,30
10247,30
48694,30
40016,30
39165,30
19506,30
21787,30
12422,30
25091,30
39153,30
22349,30
11646,30
7,30
12991,30
17359,30
31398,30
6067,30
12983,30
22550,30
37954,30
26617,30
19407,30
40757,30
23798,30
489,30
47853,30
32150,30
11761,30
4178,30
10313,30
16820,30
40755,30
43261,30
35468,30
20587,30
42835,30
12964,30
33446,30
14873,30
10324,30
22392,30
36000,30
26197,30
28053,30
30983,30
43811,30
41791,30
26147,30
30373,30
34397,30
6042,30
10359,30
18228,30
32884,30
44890,30
25619,30
36692,30
28742,30
23682,30
37714,30
34924,30
10399,30
29787,30
8418,30
47250,30
11191,30
28500,30
33616,30
15323,30
1597,30
2406,30
4328,30
19509,30
20700,30
39458,30
18469,30
8396,30
3870,30
12901,30
28839,30
31091,30
4402,30
47201,30
28078,30
3087,29
23179,29
37804,29
40860,29
15542,29
395,29
46054,29
6879,29
6877,29
15192,29
29667,29
26389,29
6444,29
15444,29
33961,29
23061,29
23113,29
6558,29
35528,29
29701,29
15358,29
6633,29
6707,29
29712,29
19172,29
35405,29
43364,29
12388,29
12408,29
38668,29
11500,29
560,29
49551,29
24984,29
25840,29
42675,29
38723,29
31626,29
636,29
38332,29
12511,29
10989,29
709,29
12537,29
749,29
33282,29
24628,29
31270,29
31664,29
10886,29
18898,29
12598,29
885,29
19712,29
21510,29
49165,29
12628,29
21505,29
951,29
28595,29
42851,29
24587,29
1021,29
26228,29
19889,29
362,29
49068,29
1116,29
43593,29
38910,29
33239,29
33229,29
12197,29
11464,29
37035,29
10608,29
38962,29
1283,29
42863,29
28098,29
12819,29
48937,29
11529,29
48921,29
35650,29
12837,29
10510,29
26561,29
37020,29
21801,29
25701,29
31579,29
11443,29
35662,29
43785,29
10400,29
48792,29
73,29
12913,29
1611,29
22077,29
10347,29
1681,29
43838,29
39148,29
10259,29
1748,29
36990,29
1778,29
48677,29
35313,29
48664,29
12079,29
24378,29
35699,29
43921,29
35706,29
22134,29
39211,29
18230,29
48607,29
43931,29
12229,29
36970,29
22156,29
48560,29
2046,29
24310,29
42278,29
2056,29
25672,29
21342,29
2147,29
38122,29
39311,29
39324,29
13238,29
189,29
28813,29
22190,29
31508,29
17992,29
48384,29
9863,29
21750,29
13298,29
2341,29
2367,29
34357,29
49561,29
17897,29
48253,29
2529,29
24183,29
17837,29
2572,29
13411,29
28887,29
2586,29
44198,29
9607,29
25641,29
34334,29
17756,29
2715,29
30766,29
20145,29
9543,29
13489,29
9528,29
28926,29
44264,29
48011,29
2886,29
19540,29
44304,29
31400,29
28943,29
9446,29
19245,29
2984,29
30697,29
9393,29
44350,29
47925,29
44374,29
13614,29
17531,29
3080,29
39669,29
42011,29
13644,29
34306,29
47899,29
25180,29
41995,29
39677,29
394,29
19682,29
13671,29
39695,29
44463,29
26853,29
35385,29
25914,29
41976,29
3310,29
9167,29
36814,29
3341,29
13731,29
34271,29
9100,29
9090,29
41914,29
34265,29
35938,29
47691,29
35949,29
21159,29
47650,29
20284,29
23894,29
8998,29
17180,29
3624,29
39878,29
35386,29
38581,29
41853,29
32094,29
26952,29
47505,29
22529,29
47480,29
13991,29
292,29
39983,29
14035,29
26979,29
16940,29
4075,29
44791,29
44796,29
40036,29
16861,29
32158,29
36710,29
21062,29
16794,29
34567,29
26106,29
37575,29
8387,29
16687,29
8374,29
49502,29
27048,29
32848,29
36654,29
16640,29
41600,29
27076,29
20436,29
8168,29
20993,29
4596,29
23613,29
8129,29
16544,29
4680,29
14417,29
35033,29
30244,29
4774,29
29367,29
36152,29
36628,29
32262,29
14534,29
46907,29
33858,29
14550,29
32274,29
5000,29
33859,29
27173,29
7769,29
14604,29
46771,29
14629,29
46752,29
32749,29
11842,29
36211,29
23455,29
46722,29
46710,29
46693,29
5290,29
25323,29
23426,29
20539,29
23421,29
45350,29
40504,29
29475,29
21856,29
40513,29
5437,29
46578,29
31485,29
11953,29
46546,29
46543,29
7442,29
29535,29
5554,29
7378,29
37672,29
46468,29
14883,29
32393,29
14909,29
32401,29
7210,29
14983,29
5898,29
15778,29
5950,29
34007,29
36335,29
7012,29
15060,29
26053,29
6996,29
37726,29
6964,29
32474,29
6951,29
15106,29
23213,29
11908,29
6175,29
25378,29
33912,29
41112,29
15138,29
32606,29
46112,29
23186,29
14944,28
34378,28
6425,28
14185,28
6199,28
36694,28
40776,28
8463,28
33779,28
2136,28
44013,28
19979,28
18099,28
37180,28
47808,28
14153,28
21345,28
36470,28
24803,28
23703,28
14145,28
13888,28
43810,28
45600,28
18403,28
25864,28
26864,28
25559,28
44003,28
8579,28
14936,28
26941,28
4156,28
4153,28
32410,28
13160,28
4151,28
17124,28
36721,28
12981,28
14106,28
6397,28
21734,28
31427,28
20701,28
36727,28
13908,28
40019,28
37960,28
34416,28
30851,28
36043,28
19718,28
21736,28
41232,28
42147,28
21126,28
19501,28
24997,28
35006,28
10041,28
32920,28
36027,28
125,28
16931,28
45982,28
13043,28
8715,28
43910,28
15337,28
26650,28
29720,28
27422,28
48658,28
10045,28
39640,28
21671,28
47446,28
22131,28
48621,28
47462,28
23820,28
3778,28
43941,28
24742,28
18163,28
35979,28
40831,28
23311,28
23825,28
29106,28
30473,28
30959,28
8837,28
37218,28
17066,28
52,28
37275,28
48580,28
3814,28
30484,28
1997,28
7263,28
59,28
36532,28
482,28
11122,28
41283,28
44220,28
32675,28
9271,28
25189,28
529,28
28533,28
28193,28
17818,28
31884,28
43275,28
559,28
17384,28
3008,28
5551,28
31607,28
47776,28
30856,28
48198,28
7397,28
14798,28
16007,28
40736,28
37661,28
44344,28
34847,28
38519,28
15451,28
11052,28
26424,28
29842,28
46566,28
29490,28
45415,28
6167,28
41957,28
31917,28
7530,28
25776,28
678,28
7576,28
700,28
31637,28
23411,28
35152,28
6796,28
33008,28
22975,28
27895,28
22424,28
19469,28
42822,28
21209,28
29000,28
44362,28
7630,28
27213,28
43078,28
40485,28
37746,28
46649,28
40466,28
9841,28
31272,28
44506,28
36222,28
48126,28
18932,28
6312,28
5234,28
42624,28
315,28
846,28
13379,28
5200,28
21310,28
30126,28
44087,28
17607,28
48371,28
5147,28
26888,28
45301,28
5135,28
21224,28
25972,28
30152,28
25303,28
5102,28
9442,28
38542,28
12612,28
47930,28
21168,28
21976,28
14608,28
19870,28
19476,28
47989,28
49147,28
963,28
2919,28
46852,28
29412,28
11490,28
38435,28
30781,28
11482,28
44148,28
12662,28
35816,28
14571,28
30887,28
44064,28
29407,28
32600,28
10775,28
1053,28
49091,28
14548,28
21998,28
49073,28
16369,28
18758,28
7900,28
10739,28
24251,28
14496,28
41491,28
21720,28
21579,28
26812,28
356,28
1175,28
7962,28
14480,28
20967,28
17259,28
26784,28
38315,28
25710,28
18706,28
22251,28
12751,28
37329,28
17558,28
9026,28
34472,28
31733,28
36146,28
14455,28
39840,28
20208,28
46995,28
37045,28
45133,28
20157,28
24523,28
2836,28
37337,28
13239,28
19302,28
10626,28
18645,28
48977,28
45712,28
1279,28
42991,28
37407,28
35863,28
4691,28
2764,28
37026,28
9522,28
41899,28
25750,28
32452,28
39421,28
47066,28
37491,28
41102,28
27101,28
3557,28
4651,28
19491,28
35192,28
3565,28
21335,28
47081,28
43700,28
43706,28
26046,28
235,28
32210,28
47129,28
48266,28
37598,28
44030,28
16621,28
32432,28
19284,28
39042,28
11882,28
7122,28
46033,28
38534,28
47153,28
23891,28
12883,28
46021,28
6745,28
23656,28
16686,28
3610,28
41020,28
36430,28
6429,28
44946,28
25259,28
11900,28
5846,28
22172,28
36930,28
6645,28
4369,28
12306,28
39068,28
32174,28
47623,28
4310,28
24930,28
11428,28
27295,28
24282,28
20182,28
29802,27
35875,27
22378,27
46246,27
40739,27
35880,27
44164,27
21789,27
17476,27
3164,27
9220,27
27859,27
28998,27
2506,27
44154,27
2496,27
13687,27
13352,27
17445,27
9760,27
33105,27
47814,27
32023,27
26181,27
36817,27
23984,27
36336,27
36812,27
23979,27
19235,27
3336,27
25657,27
48329,27
9149,27
3351,27
32995,27
42783,27
39384,27
2356,27
44109,27
13301,27
43097,27
13295,27
9111,27
44516,27
35768,27
35922,27
2300,27
3432,27
3449,27
22450,27
35763,27
17288,27
44540,27
17266,27
40745,27
39833,27
44563,27
18024,27
48419,27
9022,27
18032,27
18033,27
38438,27
3524,27
3532,27
44039,27
19230,27
7019,27
39849,27
28363,27
44034,27
2185,27
6823,27
37149,27
26140,27
37998,27
27809,27
41887,27
20293,27
42253,27
39870,27
13191,27
40918,27
34821,27
34960,27
18100,27
30926,27
2104,27
48506,27
44002,27
23863,27
17107,27
2072,27
26946,27
3753,27
13928,27
44674,27
25216,27
30488,27
27787,27
25099,27
17058,27
13952,27
27998,27
19512,27
18192,27
26965,27
15061,27
33355,27
35509,27
39951,27
17006,27
1948,27
18214,27
10147,27
39957,27
26969,27
14013,27
1913,27
14023,27
26973,27
41784,27
42826,27
22133,27
13057,27
36980,27
42790,27
10186,27
3971,27
3983,27
20013,27
8691,27
20356,27
25565,27
22562,27
42343,27
1777,27
36045,27
23743,27
21649,27
35508,27
48728,27
47350,27
27004,27
47342,27
42763,27
44810,27
8581,27
43840,27
22097,27
15204,27
36398,27
42405,27
14152,27
30368,27
18421,27
40089,27
4272,27
1645,27
4282,27
12217,27
49642,27
47269,27
12101,27
31784,27
31565,27
40102,27
35203,27
18466,27
36374,27
12309,27
44935,27
34597,27
24430,27
20421,27
23663,27
29890,27
33208,27
33807,27
18520,27
20432,27
27381,27
10488,27
8213,27
12848,27
22692,27
1435,27
19729,27
1430,27
19217,27
28096,27
35647,27
20990,27
32219,27
10601,27
43204,27
45093,27
4661,27
28224,27
38191,27
46043,27
20984,27
42750,27
8081,27
21643,27
4719,27
19481,27
36466,27
16499,27
34470,27
18666,27
40247,27
45151,27
26531,27
42522,27
49002,27
46986,27
22729,27
16455,27
45171,27
20473,27
7981,27
46970,27
46968,27
40276,27
38568,27
34671,27
18720,27
21470,27
1145,27
6103,27
11274,27
33254,27
12710,27
24560,27
33856,27
38502,27
19621,27
24963,27
30198,27
42566,27
12677,27
1056,27
4968,27
26229,27
43566,27
36172,27
41454,27
46859,27
49125,27
25714,27
4996,27
20936,27
36181,27
37314,27
21590,27
42594,27
11590,27
6886,27
45293,27
24935,27
21972,27
14625,27
38611,27
24966,27
6319,27
22812,27
31671,27
5215,27
46718,27
20525,27
31587,27
37644,27
5246,27
43503,27
814,27
22817,27
805,27
802,27
7684,27
774,27
23173,27
36223,27
35388,27
30081,27
10938,27
28558,27
725,27
49278,27
27574,27
23406,27
6916,27
690,27
28549,27
11860,27
676,27
19317,27
36243,27
12497,27
22863,27
623,27
24901,27
23378,27
610,27
29511,27
7449,27
7444,27
19071,27
36548,27
20575,27
7399,27
6937,27
45485,27
49359,27
5580,27
14824,27
31521,27
543,27
5610,27
49369,27
20585,27
33300,27
45513,27
12428,27
20859,27
11118,27
7310,27
12415,27
7309,27
26399,27
19330,27
35532,27
41267,27
447,27
41265,27
27534,27
6895,27
40636,27
28208,27
33437,27
22936,27
45585,27
6694,27
6710,27
36515,27
46343,27
46337,27
11881,27
45846,27
45651,27
27302,27
23072,27
32583,27
11506,27
27506,27
29756,27
6502,27
7112,27
62,27
2824,27
31438,27
21244,27
44241,27
19772,27
9560,27
26811,27
17729,27
17636,27
35814,27
25364,27
20165,27
9448,27
39607,27
9439,27
33046,27
2947,27
39613,27
13570,27
32456,27
48134,27
3009,27
9394,27
39498,27
17797,27
23260,27
34314,27
15437,27
24048,27
208,27
48221,27
33661,27
28875,27
44421,27
39967,26
27285,26
12097,26
42451,26
2131,26
21145,26
26934,26
47287,26
18241,26
8751,26
336,26
37914,26
3037,26
38411,26
3906,26
33255,26
18463,26
19686,26
14432,26
23526,26
33491,26
14027,26
43404,26
27157,26
13330,26
47450,26
37512,26
37889,26
13184,26
14216,26
7218,26
13520,26
7866,26
1904,26
19545,26
45184,26
477,26
9895,26
46390,26
10501,26
1046,26
23675,26
9650,26
45243,26
29400,26
47794,26
36330,26
1020,26
27768,26
8254,26
14572,26
46862,26
42066,26
13063,26
6373,26
7377,26
42902,26
5767,26
13483,26
15851,26
5775,26
41928,26
13247,26
19440,26
6014,26
46446,26
5778,26
38859,26
30580,26
23790,26
22413,26
43911,26
46857,26
48663,26
31442,26
8191,26
47432,26
45655,26
27257,26
44291,26
20321,26
47846,26
25868,26
238,26
11139,26
33801,26
3445,26
39417,26
2191,26
23838,26
27310,26
27484,26
46469,26
13770,26
934,26
10824,26
40891,26
27605,26
31424,26
2641,26
47012,26
30444,26
24329,26
13146,26
17268,26
24897,26
7760,26
48889,26
21818,26
31843,26
13275,26
25935,26
26988,26
3825,26
8855,26
47928,26
47524,26
31077,26
10513,26
16471,26
16256,26
39358,26
38232,26
24055,26
24384,26
40400,26
19969,26
29134,26
39931,26
18736,26
1786,26
5123,26
45299,26
4869,26
34260,26
14949,26
41100,26
30321,26
43332,26
28131,26
29440,26
31358,26
40007,26
22002,26
4057,26
38021,26
24529,26
27188,26
41564,26
19855,26
25398,26
48897,26
12599,26
12268,26
10861,26
14076,26
22566,26
30317,26
48027,26
40114,26
2412,26
21080,26
5193,26
6773,26
11756,26
19500,26
29246,26
32318,26
8155,26
41479,26
13155,26
303,26
44302,26
48915,26
22408,26
33763,26
44653,26
33765,26
48363,26
6407,26
34200,26
28270,26
23121,26
34159,26
545,26
10893,26
47374,26
18914,26
26944,26
49213,26
47799,26
25572,26
6648,26
33277,26
14430,26
819,26
14092,26
33605,26
24732,26
31903,26
26630,26
12705,26
47356,26
15302,26
2558,26
18928,26
27586,26
49221,26
6311,26
27585,26
47751,26
22505,26
18363,26
20151,26
24634,26
23839,26
15298,26
40465,26
12352,26
15296,26
34811,26
32076,26
41737,26
6412,26
17028,26
28495,26
41182,26
4617,26
42846,26
17509,26
47213,26
40201,26
11411,26
8795,26
24421,26
48995,26
34296,26
8131,26
34727,26
8599,26
44101,26
23667,26
44600,26
32392,26
29063,26
38187,26
39901,26
37081,26
46084,26
31064,26
20386,26
43842,26
4147,26
38660,26
12052,26
6634,26
28072,26
24451,26
31401,26
41086,26
34527,26
49673,26
35572,26
7602,26
29022,26
14516,26
22403,26
11875,26
46348,26
46224,26
46614,26
44940,26
12536,26
26003,26
46604,26
28719,26
25560,26
41652,26
8790,26
34554,26
47476,26
35294,26
13218,26
48735,26
48562,26
13164,26
5401,26
49000,26
33042,26
18991,26
30927,26
2630,26
18384,26
25780,26
31383,26
37200,26
36623,26
45403,26
20337,26
40065,26
49662,26
13569,26
19010,26
27220,26
15024,26
19013,26
7329,26
29986,26
44554,26
32417,26
18490,26
10398,26
43297,26
48265,26
2848,26
21540,26
16745,26
26610,26
37426,26
16689,26
17362,26
29704,26
37397,26
34575,26
25018,26
42489,26
624,26
25756,26
8085,26
12002,26
48989,26
29614,26
39070,26
23007,26
19460,26
48973,26
38283,26
34324,26
12421,26
48337,26
14774,26
40322,26
5795,26
37519,26
44266,26
3190,26
11562,26
25078,26
25141,26
32445,26
16026,26
48603,26
3673,26
20306,26
31830,26
7382,26
34700,26
44356,26
4755,26
41141,26
36081,26
12866,26
17925,26
7436,26
22013,26
42836,26
34659,26
23127,26
3489,26
33115,26
37988,26
43419,26
43414,26
18034,26
42688,26
31822,26
11082,26
1264,26
33678,26
2162,26
36852,26
15062,26
36096,26
46368,26
18417,26
26262,26
14418,26
10635,26
26511,26
48752,26
17274,26
17385,25
20173,25
1252,25
30624,25
43408,25
30694,25
2998,25
29655,25
23573,25
19253,25
15679,25
17239,25
33040,25
35932,25
11114,25
28200,25
1229,25
19229,25
44160,25
28457,25
48148,25
27861,25
8340,25
11134,25
41974,25
49392,25
1225,25
28897,25
34576,25
5678,25
42709,25
24418,25
22661,25
13862,25
14208,25
23325,25
40850,25
7281,25
2177,25
3137,25
12912,25
34032,25
34970,25
26398,25
9539,25
45579,25
8002,25
18505,25
46395,25
30807,25
32006,25
8319,25
37580,25
11186,25
44135,25
45874,25
7107,25
45665,25
14916,25
46027,25
11219,25
18701,25
20094,25
46100,25
39248,25
15702,25
25573,25
16658,25
13967,25
34978,25
49011,25
47488,25
21112,25
42293,25
24257,25
37537,25
8283,25
47529,25
35994,25
49017,25
17255,25
35754,25
25939,25
15311,25
18457,25
13943,25
47472,25
39341,25
39956,25
7226,25
20026,25
36302,25
37435,25
25674,25
11648,25
3768,25
15339,25
17263,25
29963,25
37133,25
48638,25
44467,25
15340,25
6660,25
42332,25
3943,25
27789,25
8844,25
28615,25
18287,25
37437,25
43600,25
25792,25
12279,25
1143,25
4479,25
32660,25
47422,25
2438,25
8696,25
16928,25
37183,25
39274,25
19901,25
20966,25
45813,25
20315,25
22563,25
23757,25
48688,25
2761,25
42217,25
393,25
16887,25
33939,25
27141,25
29808,25
10035,25
47825,25
25933,25
39140,25
43292,25
4139,25
41735,25
30215,25
19698,25
34381,25
46000,25
46310,25
24911,25
17129,25
48842,25
40057,25
4164,25
23725,25
45816,25
14526,25
33501,25
23717,25
22589,25
21676,25
48441,25
7176,25
4213,25
46201,25
35675,25
39109,25
40072,25
18108,25
43746,25
15441,25
33359,25
19222,25
30208,25
36073,25
23699,25
6630,25
32551,25
28062,25
15468,25
22603,25
43738,25
14166,25
10363,25
39824,25
8933,25
46895,25
22988,25
16362,25
4946,25
21492,25
35027,25
21993,25
1077,25
23897,25
11294,25
25594,25
6768,25
33732,25
12670,25
1023,25
35256,25
14989,25
2284,25
2733,25
3067,25
38314,25
16319,25
24144,25
42855,25
20820,25
1589,25
17645,25
3452,25
29777,25
25434,25
37012,25
16307,25
20797,25
23639,25
28374,25
3242,25
18823,25
45262,25
21502,25
45974,25
42754,25
11593,25
11298,25
45992,25
45284,25
23956,25
17736,25
6124,25
39587,25
11836,25
45286,25
23635,25
5055,25
3427,25
16598,25
20508,25
28589,25
24611,25
37138,25
45298,25
20933,25
19474,25
18865,25
25178,25
21437,25
28588,25
28587,25
23960,25
35764,25
46775,25
31250,25
28940,25
31483,25
3416,25
20996,25
2902,25
48374,25
5149,25
19689,25
13831,25
5182,25
23462,25
21862,25
37160,25
29816,25
18890,25
29795,25
30120,25
49203,25
1380,25
34762,25
47103,25
49468,25
5226,25
12828,25
8147,25
25859,25
39521,25
4587,25
7709,25
46714,25
10541,25
24196,25
42476,25
37143,25
22269,25
24627,25
36868,25
44226,25
40456,25
16571,25
40726,25
13556,25
33418,25
23238,25
49253,25
18948,25
45336,25
47754,25
5301,25
46137,25
38612,25
22698,25
11850,25
28176,25
38998,25
2930,25
11583,25
7652,25
49262,25
24500,25
30079,25
18965,25
39768,25
10956,25
38006,25
18057,25
9332,25
27099,25
38413,25
5381,25
1314,25
29889,25
40965,25
9828,25
25665,25
38523,25
19939,25
32012,25
46601,25
34890,25
37578,25
689,25
47902,25
19000,25
15265,25
29678,25
33662,25
3533,25
662,25
39316,25
5433,25
33202,25
47982,25
16529,25
11236,25
36896,25
30907,25
19522,25
25883,25
15376,25
40975,25
26264,25
37607,25
23045,25
19287,25
23379,25
39392,25
31316,25
47199,25
32694,25
18496,25
23924,25
16023,25
9414,25
18497,25
33207,25
23658,25
40548,25
26591,25
16012,25
21904,25
8067,25
3338,25
41312,25
9260,25
2990,25
19297,25
23577,25
20629,25
19798,25
6283,25
20630,25
12264,25
39626,25
12222,24
44897,24
20727,24
10381,24
47274,24
32879,24
8432,24
44916,24
32173,24
22642,24
32871,24
47239,24
25359,24
5890,24
6247,24
9646,24
11621,24
18073,24
24962,24
22653,24
23202,24
30330,24
41025,24
35322,24
40782,24
33734,24
44952,24
17187,24
10428,24
47191,24
41639,24
21031,24
49450,24
26578,24
18511,24
24448,24
47159,24
23035,24
33999,24
23647,24
18527,24
28089,24
48849,24
31543,24
48854,24
12850,24
24945,24
24469,24
18551,24
39864,24
43102,24
26560,24
8178,24
22694,24
6372,24
34825,24
10522,24
4566,24
39008,24
9780,24
3567,24
25374,24
4621,24
11883,24
15266,24
31143,24
11458,24
38983,24
44036,24
38535,24
27814,24
48963,24
32434,24
3236,24
37342,24
4666,24
8097,24
45941,24
42947,24
48971,24
4695,24
9938,24
32541,24
39420,24
22036,24
39326,24
4718,24
6505,24
23925,24
41528,24
40242,24
10645,24
40793,24
29348,24
36636,24
323,24
38934,24
45157,24
28812,24
18029,24
21741,24
38036,24
29357,24
3503,24
13813,24
1201,24
22738,24
38922,24
23939,24
40272,24
44412,24
45181,24
41911,24
10683,24
43031,24
17493,24
49029,24
49045,24
30224,24
42542,24
6965,24
25155,24
26514,24
36626,24
14515,24
46920,24
4917,24
25828,24
14535,24
24050,24
16377,24
12275,24
29885,24
41925,24
16371,24
43020,24
20949,24
10758,24
43579,24
20946,24
48084,24
17656,24
14557,24
44552,24
46883,24
41187,24
7859,24
30844,24
16337,24
3471,24
139,24
32767,24
2725,24
21257,24
41115,24
5004,24
25293,24
10805,24
34669,24
22441,24
21717,24
26009,24
27373,24
21981,24
5040,24
10811,24
3209,24
12619,24
49167,24
43544,24
35924,24
27905,24
40395,24
46795,24
2308,24
49179,24
5137,24
886,24
24801,24
37169,24
3208,24
27193,24
13288,24
46739,24
12593,24
9108,24
21258,24
856,24
20117,24
15165,24
45756,24
46721,24
7713,24
9123,24
9709,24
5245,24
28401,24
23122,24
33126,24
32337,24
5307,24
45338,24
10927,24
32487,24
11243,24
20538,24
9131,24
44502,24
20683,24
34277,24
16132,24
46078,24
3204,24
2491,24
16120,24
14706,24
7609,24
38769,24
13736,24
11856,24
37445,24
6159,24
18983,24
2684,24
42961,24
44494,24
45391,24
24902,24
12528,24
39516,24
38745,24
17602,24
5424,24
32350,24
3353,24
23006,24
31431,24
11040,24
19739,24
34535,24
641,24
47768,24
25016,24
25791,24
19043,24
13358,24
37106,24
35555,24
36563,24
31625,24
7490,24
28948,24
24220,24
25833,24
35781,24
28536,24
602,24
17764,24
46152,24
37248,24
36252,24
5509,24
38709,24
36505,24
29770,24
45474,24
22898,24
20228,24
572,24
19561,24
26260,24
17930,24
43325,24
34926,24
7372,24
45498,24
24008,24
48146,24
38098,24
15965,24
13448,24
27452,24
35401,24
46090,24
37676,24
13680,24
9592,24
41287,24
15243,24
499,24
29014,24
37118,24
479,24
24918,24
40622,24
43372,24
6477,24
42713,24
48156,24
23326,24
2634,24
14894,24
30629,24
19329,24
26737,24
251,24
7258,24
15898,24
24788,24
33410,24
31591,24
6903,24
20742,24
46141,24
25820,24
20606,24
33159,24
32948,24
44691,24
8826,24
33997,24
10098,24
31402,24
8804,24
33167,24
32529,24
10104,24
6930,24
42301,24
29711,24
46374,24
47473,24
15864,24
15863,24
39960,24
30981,24
13131,24
24354,24
6064,24
1886,24
26657,24
6842,24
10059,24
3763,24
41163,24
1837,24
8724,24
2048,24
35974,24
36738,24
49471,24
47423,24
8703,24
44755,24
34845,24
19236,24
37702,24
25781,24
38149,24
30938,24
24202,24
40994,24
3725,24
10039,24
18131,24
21389,24
35517,24
47378,24
35965,24
40665,24
4093,24
26623,24
26203,24
34900,24
25417,24
45901,24
25932,24
20388,24
12005,24
27517,24
8564,24
48285,24
4201,24
18388,24
4203,24
8554,24
35415,24
23711,24
3685,24
4226,24
30374,24
25177,24
10015,24
10355,24
37934,24
14156,24
4250,24
24776,24
17844,24
21411,24
6624,24
11523,23
11570,23
28402,23
42860,23
11606,23
43132,23
11637,23
11663,23
21744,23
11727,23
42928,23
11762,23
12001,23
11840,23
42960,23
21688,23
11902,23
399,23
34549,23
472,23
31349,23
34652,23
19082,23
19066,23
19064,23
608,23
24655,23
19815,23
26440,23
18996,23
38767,23
729,23
739,23
38786,23
19829,23
35580,23
19854,23
896,23
906,23
19865,23
19866,23
948,23
31237,23
31695,23
987,23
991,23
18808,23
19892,23
24556,23
1184,23
18684,23
18675,23
48993,23
1251,23
18649,23
18646,23
1276,23
1303,23
1309,23
18614,23
31153,23
24491,23
24485,23
48919,23
31135,23
1431,23
25066,23
48872,23
48863,23
1496,23
1567,23
24412,23
26594,23
31061,23
1647,23
48756,23
31058,23
18416,23
24408,23
18386,23
1690,23
1697,23
26618,23
24394,23
31799,23
1738,23
1745,23
24388,23
31804,23
48680,23
19504,23
20012,23
35309,23
31012,23
24840,23
35693,23
35703,23
48619,23
26192,23
31832,23
1961,23
18194,23
31839,23
24332,23
2008,23
24302,23
2181,23
2190,23
19518,23
30876,23
30870,23
2345,23
48350,23
17954,23
30853,23
39422,23
34346,23
17855,23
48231,23
30828,23
38095,23
48208,23
31904,23
2607,23
39508,23
2695,23
2723,23
17707,23
2762,23
17687,23
26803,23
48021,23
19541,23
20180,23
38329,23
3062,23
35872,23
35878,23
30653,23
3291,23
26871,23
39769,23
20242,23
32039,23
39777,23
3417,23
17305,23
35931,23
3504,23
17205,23
32070,23
39888,23
3726,23
3799,23
47511,23
35995,23
47471,23
32122,23
16990,23
39976,23
16969,23
20349,23
3969,23
30429,23
30414,23
27006,23
40046,23
30408,23
34193,23
26110,23
36068,23
20401,23
36077,23
4293,23
4349,23
4358,23
47227,23
4386,23
16629,23
23638,23
47124,23
27084,23
47064,23
25274,23
47057,23
16527,23
27110,23
19617,23
40286,23
20476,23
27131,23
16416,23
4878,23
46910,23
30206,23
16361,23
4949,23
27160,23
5021,23
46836,23
40384,23
5053,23
26289,23
25308,23
38354,23
27200,23
32339,23
40477,23
32340,23
46617,23
46613,23
46612,23
19631,23
34078,23
36242,23
38549,23
16080,23
19657,23
30053,23
5476,23
34060,23
5529,23
36277,23
30032,23
36286,23
34039,23
29992,23
36300,23
15874,23
5832,23
5847,23
32418,23
23279,23
5926,23
5927,23
40700,23
5942,23
46254,23
6011,23
40754,23
15706,23
46209,23
46205,23
6083,23
36347,23
15644,23
46178,23
32485,23
15632,23
40816,23
20664,23
40837,23
40856,23
15530,23
46055,23
36401,23
40946,23
6529,23
29753,23
32543,23
32546,23
32547,23
27406,23
6703,23
6708,23
20746,23
27431,23
19308,23
6756,23
45829,23
15250,23
45827,23
41042,23
23050,23
45814,23
36461,23
15171,23
27468,23
6905,23
34784,23
36495,23
45714,23
7098,23
22962,23
37712,23
7136,23
35075,23
27515,23
7232,23
29576,23
45564,23
45540,23
7307,23
27539,23
37678,23
32674,23
7426,23
14802,23
25984,23
7441,23
36562,23
7482,23
7560,23
7578,23
7583,23
36581,23
32731,23
45315,23
36604,23
41446,23
29421,23
29390,23
45226,23
14513,23
7937,23
29371,23
20965,23
33849,23
35029,23
8102,23
22706,23
14349,23
8188,23
19285,23
41633,23
8332,23
25540,23
21039,23
41666,23
19753,23
8458,23
8468,23
44829,23
8611,23
8629,23
41758,23
36732,23
8716,23
35010,23
44730,23
22544,23
8756,23
37539,23
21101,23
8810,23
29096,23
22527,23
44677,23
8853,23
8947,23
9129,23
44444,23
13659,23
37484,23
44387,23
13613,23
44376,23
9381,23
21214,23
143,23
44345,23
21223,23
21234,23
44285,23
26385,23
28927,23
22284,23
27917,23
13443,23
44186,23
22239,23
21275,23
21276,23
9704,23
25650,23
9754,23
9858,23
9930,23
42237,23
42251,23
9993,23
21341,23
10010,23
42264,23
36960,23
10050,23
28753,23
33617,23
21374,23
10143,23
33612,23
28025,23
13059,23
10175,23
13035,23
42348,23
13003,23
10317,23
12942,23
43793,23
43777,23
25698,23
10487,23
10526,23
42474,23
22042,23
21446,23
37341,23
21466,23
28629,23
12685,23
12654,23
12634,23
28164,23
28583,23
10923,23
12563,23
42636,23
25731,23
10981,23
12526,23
21923,23
21919,23
21534,23
42662,23
37295,23
21891,23
12410,23
33307,23
21874,23
33310,23
21853,23
11311,23
33345,23
28245,23
12248,23
37256,23
12235,23
11402,23
42815,23
12173,23
6897,22
31874,22
39354,22
13271,22
27557,22
2254,22
40771,22
24922,22
37861,22
2241,22
48422,22
37324,22
9926,22
29631,22
10725,22
31867,22
13213,22
30046,22
31862,22
13192,22
28619,22
28787,22
11656,22
31859,22
40937,22
28125,22
31460,22
35728,22
11652,22
6805,22
48525,22
16053,22
39264,22
35443,22
49019,22
13122,22
18707,22
43992,22
13118,22
22148,22
7524,22
30961,22
1968,22
26680,22
43007,22
30971,22
11632,22
46216,22
1922,22
20027,22
42514,22
25389,22
15523,22
37039,22
48652,22
43914,22
28112,22
1265,22
12219,22
11548,22
42872,22
20551,22
31034,22
15717,22
10267,22
42375,22
10294,22
10297,22
10299,22
24403,22
42391,22
34435,22
18401,22
24509,22
11435,22
38161,22
22838,22
18440,22
48954,22
42420,22
43670,22
10406,22
21427,22
36499,22
24439,22
18500,22
10431,22
24932,22
6346,22
33578,22
43762,22
21443,22
42795,22
31110,22
25067,22
31760,22
24484,22
45962,22
36579,22
24770,22
6512,22
37021,22
27444,22
29458,22
25325,22
6021,22
32733,22
22980,22
38319,22
41418,22
28333,22
49433,22
29692,22
46732,22
36592,22
7055,22
38326,22
27184,22
36331,22
46791,22
26085,22
15738,22
6262,22
46830,22
6639,22
45261,22
42962,22
40359,22
45248,22
40349,22
29619,22
20633,22
4943,22
20487,22
20950,22
45887,22
46919,22
25420,22
16390,22
15316,22
7096,22
27139,22
34743,22
4881,22
6676,22
32257,22
27312,22
28324,22
46092,22
46974,22
19770,22
40262,22
4780,22
19346,22
37612,22
32236,22
45136,22
37216,22
47013,22
28482,22
11918,22
38626,22
37226,22
38296,22
14407,22
4705,22
41532,22
8083,22
8095,22
23597,22
16538,22
27103,22
14380,22
4632,22
4631,22
37273,22
14361,22
8167,22
4550,22
12382,22
15799,22
25360,22
4535,22
14341,22
29304,22
422,22
33818,22
8202,22
26358,22
49645,22
5864,22
49405,22
4483,22
4474,22
29279,22
5863,22
45008,22
24709,22
12400,22
44993,22
11745,22
8331,22
11739,22
6156,22
8334,22
22659,22
33304,22
5851,22
40119,22
29949,22
27342,22
22647,22
5829,22
23303,22
4375,22
47244,22
20411,22
28525,22
17990,22
41228,22
12418,22
485,22
47264,22
14188,22
34806,22
35013,22
49375,22
520,22
44876,22
7211,22
47292,22
4248,22
40081,22
24896,22
30386,22
32154,22
29171,22
8578,22
37566,22
40043,22
44807,22
11722,22
20376,22
37558,22
28194,22
12443,22
20372,22
38358,22
36731,22
40650,22
8665,22
26413,22
16922,22
47413,22
19594,22
555,22
19198,22
41772,22
39992,22
19085,22
16950,22
37837,22
14030,22
16991,22
26966,22
31527,22
21107,22
21110,22
38733,22
36344,22
31628,22
20333,22
21535,22
35981,22
14915,22
5777,22
37530,22
11483,22
34815,22
3750,22
3749,22
13923,22
47556,22
23861,22
39904,22
47562,22
8879,22
5741,22
22499,22
44644,22
3679,22
3670,22
37989,22
37513,22
11986,22
32084,22
27806,22
44605,22
23884,22
49292,22
8992,22
43197,22
21932,22
36782,22
22466,22
47700,22
13816,22
9024,22
36531,22
29887,22
9045,22
38258,22
26449,22
44549,22
45546,22
9081,22
9083,22
36341,22
37760,22
45539,22
30601,22
29024,22
13747,22
41274,22
5666,22
6102,22
35910,22
49565,22
47779,22
17391,22
34291,22
17405,22
22916,22
30632,22
45805,22
30636,22
9188,22
3222,22
37494,22
39703,22
3196,22
25183,22
818,22
838,22
9237,22
47878,22
44432,22
12049,22
3110,22
860,22
28584,22
17515,22
321,22
33707,22
11357,22
31677,22
33036,22
37305,22
26238,22
12054,22
34309,22
44364,22
22332,22
9404,22
43543,22
9413,22
30712,22
47984,22
24081,22
17608,22
49168,22
24608,22
13551,22
2918,22
13547,22
31959,22
33267,22
30722,22
39588,22
33049,22
14837,22
48014,22
13529,22
15961,22
33539,22
14832,22
13508,22
42080,22
2834,22
35839,22
24606,22
10818,22
142,22
5555,22
12635,22
42104,22
33078,22
42109,22
38080,22
31916,22
25892,22
2619,22
9616,22
22253,22
18817,22
36902,22
20130,22
9654,22
27549,22
34704,22
11377,22
2557,22
6090,22
989,22
17849,22
30833,22
21819,22
26752,22
18797,22
42753,22
7427,22
10769,22
34696,22
49084,22
30854,22
30858,22
42755,22
10751,22
17972,22
140,22
1114,22
13279,22
35679,21
23404,21
17846,21
7172,21
19876,21
14963,21
21945,21
42427,21
6378,21
15825,21
39786,21
27042,21
39805,21
6315,21
29032,21
1724,21
27404,21
24904,21
25410,21
32629,21
5706,21
44181,21
3455,21
28043,21
14552,21
47221,21
10274,21
27153,21
15022,21
32867,21
29957,21
24422,21
15338,21
16184,21
37928,21
15500,21
10272,21
6476,21
32055,21
24194,21
31286,21
7887,21
43387,21
32990,21
15382,21
19931,21
17688,21
11667,21
40097,21
7298,21
44400,21
27721,21
33064,21
35478,21
3483,21
40786,21
27725,21
7191,21
34263,21
29476,21
38676,21
37340,21
16380,21
17822,21
5232,21
20662,21
11335,21
5544,21
23307,21
37028,21
20270,21
42919,21
28855,21
34187,21
16774,21
27425,21
32063,21
34016,21
12861,21
22032,21
39382,21
4915,21
47655,21
2767,21
21620,21
31031,21
16779,21
42816,21
3608,21
44587,21
25857,21
49132,21
34189,21
26299,21
18528,21
17528,21
20398,21
35240,21
29185,21
6955,21
43170,21
27280,21
25929,21
33427,21
19328,21
15723,21
29790,21
44620,21
29070,21
16814,21
5811,21
5738,21
4199,21
2348,21
42351,21
24757,21
46637,21
48187,21
21140,21
45376,21
45365,21
20763,21
11101,21
31200,21
32268,21
20921,21
13028,21
39536,21
43588,21
26467,21
1331,21
9279,21
27628,21
8604,21
47578,21
22756,21
42862,21
26942,21
24080,21
8893,21
39073,21
36757,21
14931,21
547,21
13467,21
47572,21
22506,21
31735,21
22573,21
44797,21
13906,21
41742,21
7933,21
1779,21
4107,21
18837,21
45196,21
28111,21
21916,21
49077,21
4068,21
35040,21
44651,21
12507,21
18586,21
13426,21
3748,21
39608,21
33181,21
13652,21
48353,21
2610,21
24229,21
29144,21
11485,21
7246,21
9613,21
12278,21
34760,21
32791,21
21120,21
47894,21
40976,21
5774,21
14840,21
5978,21
10812,21
24417,21
46262,21
17068,21
40923,21
14055,21
9612,21
40284,21
17063,21
13454,21
17787,21
46536,21
16942,21
29715,21
22749,21
8825,21
1836,21
12045,21
24191,21
13283,21
3948,21
21114,21
14482,21
31621,21
30798,21
27529,21
42996,21
41052,21
13309,21
10450,21
44425,21
12490,21
13972,21
38468,21
26066,21
14686,21
27217,21
29365,21
39935,21
41382,21
37293,21
34813,21
33522,21
14017,21
43429,21
46972,21
34888,21
42324,21
2941,21
49138,21
21831,21
30136,21
31624,21
28190,21
49342,21
46975,21
36588,21
8771,21
46122,21
42955,21
17009,21
12765,21
41797,21
48611,21
19758,21
39012,21
28580,21
39233,21
32358,21
19544,21
12759,21
7537,21
39085,21
34392,21
16474,21
16475,21
39603,21
16477,21
10373,21
39239,21
8028,21
24621,21
45661,21
9254,21
9249,21
25049,21
27183,21
24334,21
26484,21
26755,21
4761,21
44441,21
24751,21
35191,21
25278,21
11901,21
42725,21
5536,21
33163,21
24607,21
40499,21
40813,21
45760,21
1182,21
17479,21
17517,21
24411,21
47019,21
27997,21
21965,21
24319,21
29488,21
44158,21
33860,21
44147,21
45112,21
38913,21
45109,21
1167,21
13142,21
15373,21
4703,21
10047,21
891,21
3058,21
30942,21
15371,21
18422,21
21232,21
2074,21
48751,21
36124,21
8086,21
1535,21
43216,21
11188,21
41333,21
20816,21
27602,21
35791,21
23387,21
27351,21
10030,21
6219,21
12856,21
21233,21
3186,21
36184,21
21770,21
20573,21
20454,21
47856,21
13180,21
35492,21
5276,21
4625,21
45908,21
21748,21
5489,21
2171,21
18922,21
2173,21
38121,21
28795,21
12804,21
24815,21
46301,21
9345,21
4561,21
41044,21
18066,21
15111,21
25913,21
36494,21
44092,21
9724,21
24262,21
18730,21
30734,21
28935,21
1388,21
2220,21
31570,21
49048,21
42198,21
48748,21
44462,21
18044,21
44046,21
14336,21
28273,21
45752,21
27607,21
2227,21
45048,21
39714,21
32209,21
5888,21
35131,21
9914,21
13522,21
17436,21
40157,21
7799,21
34774,21
25399,21
33400,21
8220,21
33477,21
34694,21
49057,21
3004,21
41034,21
11864,21
46076,21
18845,21
18016,21
39579,21
7153,21
42219,21
10426,21
39576,21
19747,21
25120,21
40367,21
20570,21
6713,21
41607,21
12799,21
2292,21
36942,21
22680,21
10741,21
26515,21
30078,21
4468,21
9719,21
10332,21
1675,21
22779,21
40743,21
41619,21
36660,21
8294,21
11473,21
23239,21
9717,21
26581,21
39731,21
13376,21
34162,21
1683,21
2531,21
32280,21
26204,21
7171,21
3041,21
20429,21
41358,21
49261,21
36452,21
34359,21
15118,21
33366,21
1568,21
44496,21
39453,21
230,21
30322,21
26614,21
45972,21
47741,21
22427,21
23518,21
39398,21
13760,21
46498,21
4439,21
48803,21
48887,20
42467,20
10535,20
33576,20
901,20
46648,20
45344,20
33888,20
15415,20
23434,20
6513,20
16157,20
43302,20
7687,20
12344,20
22813,20
30685,20
46727,20
33409,20
35348,20
37268,20
6925,20
15733,20
5177,20
14631,20
36465,20
7052,20
33987,20
29441,20
28144,20
19864,20
34895,20
41443,20
32287,20
6605,20
40390,20
30178,20
16285,20
7790,20
7340,20
29422,20
43042,20
45855,20
46837,20
5012,20
40368,20
4997,20
24067,20
4993,20
27317,20
35514,20
6650,20
14558,20
11239,20
11692,20
36460,20
40819,20
14541,20
22769,20
11876,20
36421,20
14525,20
45678,20
36327,20
15755,20
4903,20
32787,20
7920,20
29381,20
45199,20
37775,20
20954,20
39418,20
32789,20
45861,20
36508,20
11879,20
11939,20
15597,20
46267,20
4820,20
36632,20
40275,20
16449,20
26007,20
17610,20
23562,20
15499,20
26820,20
47998,20
15773,20
8060,20
29775,20
14997,20
41526,20
22714,20
47033,20
31586,20
30259,20
43341,20
34587,20
27108,20
47039,20
46481,20
35848,20
1082,20
64,20
29866,20
31550,20
4653,20
31206,20
4627,20
40693,20
45075,20
42595,20
15112,20
14345,20
29306,20
38638,20
21488,20
47130,20
28933,20
19163,20
40579,20
33510,20
11822,20
23642,20
7145,20
4492,20
2415,20
36091,20
14297,20
46488,20
16657,20
2843,20
22951,20
8284,20
26011,20
22665,20
8307,20
8313,20
27699,20
11589,20
41152,20
13507,20
4457,20
8333,20
8336,20
19148,20
21033,20
11271,20
21035,20
37922,20
16694,20
5585,20
30344,20
31936,20
5823,20
31362,20
7187,20
30346,20
37926,20
47230,20
21247,20
2807,20
42894,20
42179,20
46358,20
36683,20
2801,20
4309,20
22209,20
25543,20
47275,20
492,20
25255,20
32169,20
4266,20
19203,20
20402,20
4259,20
29519,20
34323,20
44877,20
41691,20
41696,20
34933,20
39540,20
44865,20
33774,20
27525,20
16827,20
11731,20
25950,20
9564,20
13472,20
30402,20
40854,20
20389,20
8589,20
36055,20
4148,20
31925,20
10815,20
47344,20
16863,20
29155,20
4108,20
35603,20
32145,20
23750,20
40015,20
44789,20
21081,20
49486,20
18832,20
34542,20
34043,20
19092,20
40806,20
15080,20
38351,20
18831,20
8700,20
39996,20
8720,20
3961,20
37546,20
2682,20
3927,20
3925,20
12458,20
47452,20
18768,20
47453,20
33758,20
24676,20
44732,20
26253,20
22547,20
31321,20
17773,20
14012,20
45797,20
32930,20
8770,20
37968,20
41795,20
19433,20
26421,20
8779,20
20336,20
24161,20
19056,20
25571,20
38855,20
44217,20
19045,20
19676,20
3850,20
47494,20
24601,20
12650,20
3834,20
3821,20
19026,20
11037,20
21305,20
47527,20
15884,20
26437,20
34228,20
24783,20
46518,20
5758,20
40640,20
6298,20
19015,20
10756,20
44656,20
10801,20
20308,20
44645,20
47602,20
8916,20
9658,20
8942,20
28596,20
29991,20
13856,20
8987,20
33092,20
13846,20
44588,20
40904,20
13839,20
19238,20
47673,20
12532,20
7271,20
28882,20
39841,20
39379,20
9027,20
26045,20
45550,20
20260,20
9040,20
9042,20
39472,20
9046,20
19466,20
18755,20
27453,20
15212,20
20254,20
43481,20
44180,20
13777,20
10949,20
13771,20
36804,20
23327,20
32386,20
13753,20
34711,20
9134,20
21725,20
40558,20
38780,20
43108,20
20236,20
33461,20
3360,20
43489,20
10929,20
31389,20
38027,20
13728,20
741,20
20777,20
47774,20
45530,20
15942,20
11595,20
35801,20
17856,20
33545,20
27556,20
9868,20
35575,20
31870,20
40886,20
18743,20
9183,20
35605,20
7462,20
38898,20
29505,20
18031,20
21320,20
26713,20
767,20
18041,20
42232,20
35606,20
2213,20
11994,20
1149,20
35751,20
2174,20
7491,20
12234,20
33628,20
26850,20
17458,20
44020,20
10004,20
2143,20
5480,20
21481,20
2128,20
14765,20
22167,20
3181,20
47869,20
24299,20
30051,20
48243,20
34693,20
10712,20
30935,20
32672,20
25109,20
42277,20
9221,20
25803,20
2041,20
24998,20
35300,20
20041,20
35612,20
30952,20
9742,20
842,20
24821,20
13105,20
1954,20
23391,20
26195,20
10134,20
40515,20
20897,20
35331,20
14743,20
43002,20
24030,20
26151,20
18250,20
13069,20
10161,20
38137,20
11596,20
41090,20
25759,20
1865,20
21844,20
6100,20
1844,20
25056,20
24380,20
16086,20
37037,20
15056,20
10222,20
33656,20
28728,20
1758,20
22109,20
36831,20
36995,20
19499,20
13000,20
36473,20
31797,20
28102,20
24045,20
14723,20
24847,20
29634,20
39133,20
10302,20
39123,20
42008,20
15051,20
48254,20
43527,20
47909,20
26206,20
9313,20
12943,20
15554,20
10356,20
32715,20
42798,20
48766,20
27214,20
14851,20
18447,20
10871,20
35644,20
3076,20
17522,20
23120,20
9757,20
21433,20
22044,20
39049,20
12877,20
37870,20
42453,20
2486,20
39033,20
24464,20
34464,20
19954,20
34066,20
26340,19
19147,19
5685,19
4441,19
18639,19
23964,19
24073,19
28416,19
39053,19
3380,19
19572,19
4934,19
26069,19
10257,19
1734,19
7888,19
22985,19
43859,19
40129,19
5506,19
17851,19
33526,19
25977,19
27151,19
29551,19
45976,19
14545,19
32856,19
21593,19
11145,19
33262,19
28722,19
11245,19
27155,19
9152,19
1343,19
1412,19
27054,19
22323,19
33099,19
27159,19
31652,19
10282,19
9388,19
35904,19
48929,19
34906,19
31574,19
24938,19
29590,19
29665,19
15188,19
9490,19
17996,19
21877,19
1708,19
40607,19
5608,19
38396,19
33870,19
762,19
21016,19
22681,19
2290,19
42376,19
38178,19
6158,19
9485,19
22193,19
37345,19
46463,19
9307,19
36449,19
44355,19
36092,19
22774,19
7463,19
30310,19
40150,19
38648,19
10784,19
45033,19
15110,19
5272,19
27300,19
27303,19
25689,19
6712,19
26613,19
43096,19
34150,19
19442,19
34855,19
18737,19
2226,19
6547,19
6418,19
41574,19
17448,19
25699,19
41150,19
8182,19
46872,19
14342,19
7129,19
18390,19
9951,19
47118,19
42236,19
37267,19
24510,19
24072,19
2209,19
15445,19
11164,19
20162,19
48431,19
18060,19
26089,19
29841,19
47110,19
37128,19
20446,19
18726,19
8157,19
36105,19
10325,19
30189,19
39586,19
408,19
14769,19
18507,19
27414,19
19175,19
2166,19
21404,19
2160,19
42390,19
39709,19
32216,19
20737,19
9726,19
25712,19
12954,19
35735,19
7584,19
43603,19
30728,19
16311,19
6780,19
14374,19
28707,19
22705,19
46297,19
40922,19
10344,19
10023,19
22822,19
11783,19
12824,19
37259,19
40213,19
31746,19
48502,19
48503,19
48508,19
40217,19
15788,19
39446,19
15724,19
33830,19
31854,19
23078,19
40227,19
49034,19
12940,19
40381,19
5066,19
10044,19
38600,19
1162,19
27659,19
39102,19
22884,19
18548,19
32634,19
38981,19
24567,19
20507,19
43339,19
46289,19
2037,19
30255,19
24449,19
9460,19
2023,19
14416,19
22976,19
7059,19
43541,19
49589,19
47022,19
48293,19
48005,19
8054,19
18748,19
48764,19
41518,19
25709,19
3138,19
23034,19
11232,19
8040,19
16055,19
22018,19
3132,19
24853,19
18690,19
36637,19
10838,19
11607,19
22722,19
69,19
15525,19
41199,19
28678,19
31576,19
45155,19
43795,19
7535,19
29793,19
46994,19
38538,19
37614,19
28751,19
848,19
32493,19
19918,19
45778,19
33864,19
28488,19
36977,19
38224,19
25616,19
15486,19
27340,19
22075,19
43084,19
10850,19
42773,19
47474,19
25862,19
41502,19
46980,19
47469,19
43131,19
29573,19
7727,19
38710,19
8748,19
1238,19
41802,19
22039,19
47487,19
43431,19
10483,19
46978,19
21599,19
41239,19
41786,19
33759,19
49344,19
22834,19
24355,19
3926,19
11957,19
30476,19
8815,19
30134,19
12641,19
18455,19
30481,19
20922,19
49579,19
15994,19
2385,19
15589,19
33177,19
37970,19
3972,19
22259,19
3809,19
41235,19
43305,19
41497,19
41766,19
26954,19
4016,19
17078,19
47394,19
28225,19
20903,19
33538,19
21718,19
8669,19
26656,19
47384,19
12498,19
31919,19
41300,19
1489,19
6746,19
25770,19
5756,19
25238,19
23755,19
23310,19
38624,19
30125,19
43919,19
48172,19
26945,19
14906,19
23164,19
21811,19
34029,19
30813,19
38952,19
26998,19
33487,19
24653,19
8883,19
4064,19
31606,19
32143,19
17724,19
13466,19
47571,19
47355,19
27752,19
8616,19
44648,19
7223,19
40040,19
11522,19
46596,19
16,19
18475,19
38686,19
3680,19
39490,19
21138,19
16829,19
20128,19
47587,19
30769,19
14644,19
7105,19
36063,19
2346,19
17806,19
37941,19
44627,19
15990,19
45598,19
20301,19
42854,19
45754,19
32088,19
48662,19
44610,19
3639,19
3030,19
14940,19
2755,19
46406,19
13865,19
16802,19
34237,19
45559,19
35634,19
42653,19
28837,19
37779,19
29181,19
1813,19
48188,19
14149,19
8961,19
21924,19
38075,19
34188,19
32586,19
17552,19
25739,19
15191,19
40304,19
3611,19
44872,19
25254,19
7701,19
15564,19
21733,19
9001,19
12433,19
27386,19
38437,19
21674,19
2777,19
24991,19
3569,19
22377,19
32704,19
30714,19
16775,19
28689,19
14176,19
44574,19
34252,19
35937,19
26169,19
4262,19
698,19
41050,19
27818,19
11117,19
35069,19
7699,19
35448,19
5712,19
28143,19
12534,19
28470,19
35143,19
9425,19
33607,19
14812,19
17967,19
16755,19
14193,19
28947,19
22354,19
20008,19
39617,19
9050,19
39827,19
41668,19
27483,19
12786,19
47259,19
13353,19
21987,19
24939,19
14946,19
47251,19
4319,19
20005,19
35685,19
22815,19
27579,19
20579,19
48224,19
14225,19
10622,19
14528,19
6280,19
42576,19
10958,19
28591,19
7894,19
38961,19
41308,19
32654,19
10873,19
18336,19
2828,19
30747,19
46438,19
4425,19
17325,19
8373,19
38670,19
17495,18
88,18
29847,18
35116,18
41126,18
41127,18
6186,18
15119,18
6115,18
20651,18
15665,18
45734,18
15077,18
37721,18
6082,18
45720,18
29630,18
6071,18
15059,18
37822,18
15052,18
46231,18
45701,18
27497,18
40735,18
41184,18
7082,18
7083,18
23272,18
29924,18
36314,18
37707,18
38550,18
20819,18
45637,18
33893,18
40669,18
29955,18
5800,18
32662,18
29572,18
34018,18
22932,18
7268,18
7269,18
7284,18
7296,18
46421,18
11809,18
45536,18
23340,18
22918,18
46459,18
14856,18
5635,18
42752,18
46471,18
7339,18
30012,18
40588,18
5611,18
14829,18
5599,18
46517,18
41304,18
5542,18
7410,18
20572,18
42942,18
37669,18
32687,18
37666,18
14787,18
5503,18
7453,18
30044,18
11283,18
16036,18
36249,18
20895,18
22859,18
5440,18
16065,18
32354,18
20558,18
27218,18
14738,18
37868,18
45395,18
7573,18
24882,18
32344,18
28347,18
30077,18
41380,18
41389,18
29464,18
37651,18
32725,18
7685,18
20531,18
46701,18
5254,18
16199,18
34802,18
7735,18
46759,18
32308,18
30143,18
16244,18
30163,18
26365,18
5078,18
16279,18
16330,18
41459,18
20494,18
32273,18
46884,18
16348,18
34104,18
4944,18
16366,18
14543,18
43046,18
7902,18
7906,18
36622,18
14507,18
21672,18
27132,18
30225,18
4856,18
4854,18
22748,18
16437,18
7967,18
36150,18
22737,18
14454,18
40250,18
8037,18
29342,18
35190,18
8058,18
33838,18
16497,18
4717,18
4710,18
21668,18
45090,18
14382,18
16545,18
8139,18
16588,18
105,18
4556,18
12292,18
45065,18
40176,18
26102,18
41585,18
8199,18
45047,18
27689,18
8219,18
8222,18
30306,18
16627,18
8231,18
32840,18
47170,18
14292,18
4467,18
14279,18
37584,18
34738,18
47178,18
4437,18
19357,18
14241,18
16684,18
20420,18
33797,18
47208,18
33795,18
16699,18
4378,18
23668,18
12286,18
14226,18
4371,18
47237,18
4324,18
16733,18
20409,18
14205,18
8420,18
29222,18
21742,18
35014,18
174,18
32896,18
23707,18
29179,18
36069,18
4211,18
21063,18
44835,18
47315,18
19361,18
33766,18
36054,18
40014,18
26996,18
41753,18
4050,18
4014,18
25233,18
23784,18
11715,18
20348,18
34223,18
8759,18
29113,18
44718,18
47493,18
43085,18
21746,18
36749,18
41829,18
41830,18
3758,18
17088,18
20322,18
32107,18
17099,18
3735,18
44659,18
32098,18
39885,18
35513,18
3662,18
39875,18
8944,18
13864,18
20295,18
38409,18
30541,18
8999,18
32082,18
17188,18
20275,18
34712,18
17250,18
44567,18
17253,18
47706,18
38011,18
22460,18
34267,18
9074,18
3468,18
19573,18
41933,18
3450,18
35379,18
17308,18
3408,18
41942,18
44507,18
43267,18
23967,18
27842,18
9136,18
23969,18
41955,18
3340,18
29018,18
22420,18
37498,18
44481,18
44478,18
32014,18
41981,18
13696,18
35882,18
26382,18
35873,18
44411,18
36842,18
13632,18
27878,18
13630,18
47917,18
42776,18
24052,18
17564,18
9402,18
47949,18
39630,18
38053,18
13567,18
13564,18
27899,18
34980,18
42065,18
17,18
22301,18
2865,18
2862,18
44281,18
36876,18
39575,18
33057,18
43254,18
2833,18
42898,18
31935,18
33062,18
2784,18
36890,18
2752,18
9579,18
13458,18
2686,18
2685,18
2613,18
37457,18
33085,18
9674,18
9678,18
17831,18
21274,18
9693,18
9701,18
9744,18
39419,18
31891,18
37444,18
2454,18
19237,18
28854,18
48286,18
31885,18
44130,18
9800,18
13320,18
2407,18
2394,18
35292,18
30869,18
33128,18
2329,18
48369,18
33130,18
44081,18
2302,18
44073,18
42209,18
30893,18
18013,18
22191,18
9900,18
9904,18
24252,18
48411,18
21321,18
37184,18
2216,18
11524,18
42245,18
39318,18
9975,18
9983,18
11521,18
18101,18
26704,18
37398,18
11410,18
39294,18
2084,18
24305,18
27987,18
20050,18
18147,18
2034,18
48557,18
191,18
43969,18
25096,18
21613,18
12090,18
1949,18
10127,18
43935,18
30970,18
28746,18
42311,18
20030,18
21765,18
42319,18
1885,18
10162,18
48648,18
12098,18
10165,18
22130,18
13051,18
10194,18
22119,18
28030,18
36987,18
42349,18
22107,18
43866,18
28040,18
28723,18
10277,18
31796,18
37368,18
31052,18
26615,18
37365,18
18392,18
1679,18
42393,18
43816,18
1667,18
1659,18
1650,18
43222,18
39084,18
39080,18
19973,18
1591,18
38166,18
31776,18
10430,18
31768,18
34443,18
31462,18
39026,18
48886,18
34460,18
1424,18
43213,18
10595,18
35643,18
31157,18
48970,18
1274,18
12783,18
10633,18
19924,18
1243,18
26222,18
26535,18
37331,18
49008,18
1196,18
42530,18
10693,18
35335,18
22004,18
31719,18
49063,18
49076,18
38882,18
31204,18
18774,18
42559,18
12111,18
38877,18
24572,18
1033,18
1013,18
38469,18
12655,18
33404,18
35590,18
12648,18
12645,18
49442,18
10847,18
24833,18
18874,18
38821,18
12600,18
26236,18
49188,18
25027,18
21971,18
43141,18
42610,18
21968,18
821,18
18933,18
786,18
12560,18
33528,18
736,18
11479,18
31276,18
19824,18
10979,18
693,18
34528,18
12522,18
31633,18
12520,18
34529,18
38756,18
37102,18
28186,18
11045,18
19810,18
38725,18
31310,18
11054,18
21548,18
21905,18
43425,18
37290,18
43417,18
19096,18
11093,18
19100,18
12437,18
19109,18
525,18
31356,18
19789,18
33514,18
12416,18
26404,18
12133,18
19141,18
28203,18
21564,18
35367,18
25004,18
38631,18
24715,18
19179,18
26258,18
33321,18
42993,18
27421,18
29716,18
37771,18
32571,18
20725,18
15288,18
6602,18
45844,18
45911,18
41028,18
45838,18
15267,18
40959,18
6538,18
20753,18
20712,18
15440,18
23129,18
25429,18
29784,18
29789,18
15199,18
37791,18
41078,18
6370,18
15180,18
31408,18
41087,18
41092,18
15166,18
45773,18
6275,18
40841,18
6909,18
9831,17
25322,17
2369,17
16130,17
201,17
34846,17
19523,17
5365,17
2419,17
26027,17
36578,17
48303,17
9797,17
7621,17
19890,17
49096,17
35285,17
43574,17
1060,17
9793,17
12675,17
42166,17
35796,17
29682,17
30075,17
35797,17
26747,17
48256,17
25135,17
9720,17
46622,17
2527,17
37316,17
20646,17
42893,17
17839,17
43243,17
20110,17
9684,17
2577,17
22845,17
41145,17
9661,17
28890,17
21266,17
2620,17
12310,17
27572,17
44216,17
971,17
16094,17
33408,17
9603,17
36447,17
2655,17
24602,17
33679,17
28908,17
30780,17
2724,17
13464,17
9567,17
49438,17
9566,17
22279,17
31934,17
35344,17
48059,17
49159,17
28925,17
30741,17
17653,17
18846,17
17643,17
2907,17
2921,17
48003,17
44311,17
2926,17
47987,17
22320,17
35346,17
44341,17
34506,17
43260,17
16074,17
9400,17
15145,17
3012,17
35862,17
34313,17
7551,17
47921,17
26235,17
46571,17
46560,17
41323,17
16024,17
16009,17
46532,17
44378,17
38422,17
17527,17
21199,17
870,17
21726,17
11244,17
44401,17
9310,17
17507,17
3095,17
26843,17
855,17
47891,17
6440,17
24029,17
36825,17
3123,17
9247,17
22401,17
21825,17
24624,17
45476,17
24014,17
33006,17
22902,17
6435,17
32011,17
3250,17
34293,17
21180,17
23988,17
3300,17
17393,17
34710,17
36450,17
19564,17
26320,17
9148,17
21522,17
6968,17
18959,17
23973,17
3355,17
13737,17
32037,17
49263,17
17346,17
27256,17
30600,17
7348,17
25192,17
11802,17
5629,17
44526,17
38017,17
23947,17
39822,17
27823,17
17278,17
22459,17
13810,17
35933,17
3554,17
12531,17
13833,17
46464,17
19656,17
39856,17
35426,17
43473,17
14,17
13847,17
36343,17
6409,17
35437,17
29994,17
21152,17
35241,17
38621,17
44619,17
27455,17
3686,17
12512,17
38752,17
34724,17
44649,17
8880,17
23865,17
29087,17
41263,17
31452,17
12266,17
661,17
43437,17
22515,17
31457,17
27791,17
25578,17
39926,17
3816,17
8823,17
45558,17
17039,17
22531,17
3846,17
40628,17
35567,17
32944,17
5783,17
14920,17
42852,17
25014,17
301,17
26125,17
6957,17
17023,17
3867,17
13992,17
31318,17
45792,17
34639,17
39949,17
40655,17
22538,17
19456,17
17000,17
34875,17
44726,17
26970,17
36003,17
25226,17
214,17
36458,17
3901,17
24806,17
37541,17
16972,17
15201,17
38702,17
31325,17
8729,17
579,17
49483,17
8709,17
12277,17
4019,17
21087,17
20615,17
8642,17
12445,17
15105,17
21078,17
43079,17
44800,17
15198,17
23728,17
532,17
22946,17
49596,17
31448,17
5849,17
44875,17
15821,17
31496,17
31603,17
4255,17
45658,17
4263,17
8450,17
12425,17
47277,17
4283,17
15193,17
49501,17
15770,17
42704,17
44907,17
11332,17
11968,17
32630,17
8407,17
41656,17
44959,17
44967,17
46247,17
45690,17
49393,17
38665,17
6149,17
61,17
8338,17
31409,17
8323,17
8318,17
23652,17
12399,17
27691,17
8275,17
27320,17
29288,17
49406,17
34548,17
6172,17
16624,17
14315,17
21666,17
47132,17
16612,17
420,17
37243,17
4526,17
35028,17
33823,17
43359,17
8164,17
36108,17
19170,17
414,17
47102,17
4594,17
20456,17
33925,17
41533,17
8077,17
12370,17
15514,17
15726,17
32609,17
398,17
47028,17
36140,17
32805,17
20978,17
42975,17
4741,17
14434,17
24763,17
8005,17
16458,17
45182,17
32495,17
46966,17
32243,17
38,17
32461,17
41494,17
41489,17
6034,17
37899,17
23547,17
40890,17
46924,17
4902,17
33940,17
41471,17
7897,17
42966,17
4918,17
46911,17
32269,17
37623,17
40341,17
7832,17
16316,17
46858,17
24752,17
23189,17
16299,17
7802,17
5034,17
32555,17
25497,17
21842,17
46219,17
15367,17
30177,17
5071,17
46215,17
6059,17
27430,17
5088,17
14622,17
133,17
6068,17
46207,17
27192,17
1400,17
24483,17
18571,17
1421,17
1448,17
43689,17
43718,17
1457,17
1475,17
1493,17
31537,17
1497,17
38171,17
42869,17
16205,17
19221,17
19965,17
12895,17
22068,17
10577,17
49613,17
31787,17
7721,17
1632,17
6597,17
10378,17
38155,17
19695,17
1317,17
6337,17
34683,17
5209,17
28709,17
28716,17
48712,17
22102,17
11626,17
10249,17
26631,17
48693,17
1754,17
28726,17
20644,17
33566,17
28035,17
37375,17
18316,17
1784,17
19629,17
1785,17
39183,17
1809,17
45912,17
31810,17
13046,17
13053,17
36215,17
31813,17
7706,17
26269,17
5243,17
18249,17
19507,17
26536,17
18674,17
37648,17
37383,17
13081,17
43235,17
33917,17
22020,17
48996,17
10123,17
1218,17
30963,17
42292,17
6557,17
38466,17
35712,17
6995,17
48583,17
48581,17
21366,17
1992,17
13125,17
21617,17
26688,17
338,17
20911,17
10684,17
24754,17
26694,17
21358,17
22011,17
39273,17
22162,17
12735,17
35411,17
10707,17
20051,17
24290,17
18106,17
12231,17
39307,17
31189,17
34757,17
48446,17
33629,17
21336,17
18050,17
9946,17
18046,17
28811,17
6989,17
37415,17
13236,17
28612,17
9905,17
18014,17
44060,17
34773,17
30892,17
9873,17
31873,17
19897,17
10745,17
5299,17
2325,17
42192,17
13290,17
2333,17
9847,17
30868,17
5304,17
2352,17
21308,17
19441,16
34596,16
34651,16
19735,16
19279,16
19196,16
19195,16
26420,16
38712,16
19808,16
19004,16
34662,16
18976,16
38254,16
18934,16
31561,16
18864,16
18836,16
19877,16
38868,16
18757,16
18750,16
26527,16
26538,16
38955,16
26218,16
19989,16
26611,16
18349,16
34417,16
26637,16
34413,16
38148,16
18275,16
20020,16
20028,16
39234,16
38132,16
34384,16
18080,16
20065,16
18042,16
20089,16
20095,16
17909,16
17815,16
26773,16
39552,16
26796,16
26154,16
34317,16
17629,16
20164,16
39633,16
26827,16
17554,16
39659,16
17542,16
17534,16
17512,16
34302,16
17464,16
17457,16
20227,16
17361,16
26146,16
20238,16
38022,16
20249,16
26896,16
38014,16
34261,16
26920,16
20290,16
39872,16
17165,16
17059,16
26962,16
16930,16
16929,16
40051,16
34192,16
16806,16
20416,16
37924,16
16654,16
34157,16
40143,16
40175,16
27083,16
20453,16
40231,16
27107,16
40237,16
16496,16
26099,16
40264,16
16431,16
16375,16
16315,16
20509,16
40414,16
40420,16
40444,16
40445,16
27198,16
16114,16
16098,16
40510,16
20560,16
40610,16
34037,16
15908,16
27282,16
15889,16
15862,16
15855,16
20612,16
31556,16
15796,16
40690,16
40797,16
40839,16
20677,16
33980,16
20690,16
27389,16
15427,16
20719,16
37781,16
40980,16
40985,16
41002,16
33934,16
26024,16
15219,16
41069,16
41113,16
15095,16
41173,16
14993,16
33896,16
14935,16
27533,16
14816,16
20907,16
27588,16
14662,16
20927,16
27597,16
37631,16
27632,16
14433,16
14422,16
14402,16
33831,16
14319,16
37596,16
14304,16
14276,16
14247,16
21045,16
27717,16
14200,16
41675,16
41683,16
14179,16
21056,16
21074,16
37555,16
37544,16
14033,16
14016,16
41799,16
13989,16
27777,16
13969,16
21118,16
27788,16
13927,16
37516,16
13880,16
13868,16
13836,16
27833,16
13762,16
41945,16
21181,16
41993,16
41996,16
42009,16
21200,16
42025,16
27883,16
42038,16
21222,16
27896,16
42046,16
21228,16
42064,16
13513,16
25895,16
21256,16
13408,16
33652,16
13336,16
13321,16
13294,16
13274,16
13257,16
13226,16
37406,16
42254,16
13148,16
42281,16
13101,16
13036,16
28034,16
12985,16
42401,16
28081,16
28082,16
42457,16
12854,16
21439,16
12740,16
33562,16
37325,16
12722,16
12698,16
12642,16
12633,16
25847,16
42631,16
12558,16
21521,16
42676,16
42689,16
42703,16
12356,16
12345,16
42739,16
42745,16
42772,16
12224,16
33470,16
42856,16
37237,16
12048,16
25800,16
37230,16
21693,16
33444,16
11833,16
43021,16
43036,16
11792,16
11623,16
25778,16
43146,16
43157,16
43180,16
28418,16
11493,16
11429,16
11396,16
21838,16
11312,16
43312,16
11241,16
21866,16
43357,16
11106,16
28540,16
43485,16
28565,16
43497,16
25728,16
10820,16
37064,16
22009,16
10694,16
10651,16
10563,16
22045,16
10548,16
10520,16
10507,16
28671,16
10484,16
43737,16
28684,16
36997,16
35414,16
10293,16
22101,16
10283,16
43862,16
43882,16
10207,16
10164,16
28743,16
43937,16
43952,16
35422,16
10067,16
10024,16
9984,16
33141,16
33133,16
28863,16
9672,16
44194,16
9642,16
44203,16
28891,16
9630,16
33070,16
9504,16
44313,16
9396,16
34983,16
9309,16
9298,16
22364,16
22398,16
9233,16
9211,16
44458,16
44464,16
44511,16
49603,16
44531,16
44558,16
31516,16
9016,16
9013,16
29056,16
35005,16
8899,16
8895,16
8839,16
8828,16
44751,16
22555,16
44768,16
8658,16
44816,16
44831,16
36713,16
8556,16
29175,16
29186,16
8513,16
29201,16
8487,16
29203,16
44892,16
22629,16
8419,16
8417,16
29235,16
8404,16
36677,16
8363,16
8345,16
29276,16
22688,16
45039,16
45041,16
29297,16
32834,16
8189,16
8134,16
8110,16
45114,16
7928,16
45218,16
22768,16
22785,16
7763,16
32754,16
7697,16
36580,16
29465,16
7596,16
7514,16
29496,16
45435,16
32697,16
7464,16
45473,16
45505,16
29543,16
25468,16
25465,16
7119,16
7046,16
29626,16
45718,16
6954,16
25430,16
6840,16
45802,16
6797,16
6766,16
6764,16
36433,16
32574,16
45889,16
6642,16
45910,16
45981,16
45983,16
23124,16
29774,16
6357,16
23162,16
6294,16
46083,16
46124,16
25372,16
23245,16
6041,16
46221,16
46248,16
23267,16
29913,16
29915,16
32447,16
23283,16
46299,16
29948,16
5850,16
29953,16
29958,16
5789,16
5768,16
29976,16
5759,16
5754,16
5627,16
23349,16
36270,16
36255,16
46538,16
23382,16
46559,16
32349,16
24800,16
5400,16
46628,16
30097,16
25321,16
36218,16
5252,16
24877,16
46796,16
35177,16
46810,16
46816,16
46819,16
30172,16
23494,16
23497,16
23502,16
46840,16
30185,16
4954,16
46891,16
23533,16
30216,16
32250,16
4839,16
4830,16
4810,16
4804,16
23568,16
4750,16
36125,16
4665,16
47075,16
4583,16
30303,16
4504,16
36094,16
47164,16
4465,16
23664,16
32179,16
47240,16
4337,16
4278,16
36078,16
32168,16
4228,16
23706,16
30395,16
4155,16
47340,16
4127,16
30423,16
4084,16
4033,16
4008,16
3950,16
3907,16
3772,16
23851,16
3745,16
3707,16
47583,16
32091,16
3657,16
23877,16
3589,16
23901,16
3570,16
25200,16
32065,16
35250,16
3506,16
47722,16
47725,16
35925,16
47773,16
35254,16
3312,16
35255,16
23997,16
47874,16
3134,16
47897,16
3088,16
3073,16
3043,16
31472,16
35259,16
2967,16
47974,16
30708,16
2957,16
30713,16
35261,16
24089,16
2899,16
30743,16
2850,16
31937,16
2787,16
24141,16
48100,16
2688,16
48170,16
2570,16
24182,16
48232,16
31534,16
48237,16
24193,16
2472,16
48306,16
48308,16
48319,16
35775,16
48355,16
48379,16
24247,16
35741,16
2156,16
2134,16
2112,16
48518,16
1990,16
31835,16
1933,16
1863,16
48673,16
31019,16
1796,16
1792,16
1770,16
1768,16
35683,16
31062,16
31065,16
48768,16
35674,16
48780,16
48804,16
48816,16
48832,16
35324,16
1508,16
1507,16
1433,16
48901,16
1383,16
1345,16
1298,16
1278,16
1254,16
31178,16
49016,16
49022,16
24547,16
24554,16
31722,16
49069,16
1081,16
31207,16
24564,16
49092,16
35602,16
49104,16
992,16
986,16
49183,16
887,16
24618,16
31673,16
49205,16
827,16
49230,16
49242,16
31274,16
31284,16
31290,16
627,16
31351,16
458,16
454,16
31595,16
49434,16
35525,16
374,16
35511,16
49493,16
49494,16
49530,16
34636,16
19644,16
38369,16
19661,16
31566,16
38404,16
19557,16
38477,16
38482,16
29903,15
4025,15
2912,15
25337,15
39198,15
5773,15
32302,15
956,15
37251,15
15505,15
26345,15
45142,15
44301,15
7593,15
9455,15
32458,15
39593,15
13555,15
37777,15
3171,15
7599,15
25626,15
23403,15
26401,15
26814,15
30818,15
47791,15
30249,15
19444,15
37905,15
46398,15
45891,15
38499,15
31149,15
40995,15
11183,15
4073,15
2705,15
49153,15
9374,15
38673,15
45357,15
48452,15
27314,15
35137,15
44383,15
38572,15
9343,15
11327,15
22821,15
197,15
12582,15
4101,15
12449,15
15603,15
16498,15
9318,15
36841,15
7683,15
17739,15
37883,15
36052,15
9306,15
5170,15
26037,15
43278,15
36836,15
38677,15
38143,15
20912,15
37844,15
42000,15
21193,15
20462,15
24823,15
9258,15
48258,15
22386,15
5709,15
10727,15
20918,15
23390,15
18291,15
24104,15
43628,15
31241,15
49364,15
13676,15
21918,15
39426,15
39189,15
1812,15
18602,15
25912,15
1164,15
24693,15
14090,15
20983,15
13690,15
912,15
9198,15
23582,15
27245,15
45292,15
46437,15
23330,15
34910,15
16513,15
20744,15
46573,15
33001,15
19956,15
4152,15
48477,15
36292,15
31809,15
46592,15
46445,15
24648,15
36131,15
27347,15
8632,15
36197,15
13754,15
24550,15
1806,15
10976,15
27837,15
27835,15
1641,15
38823,15
10975,15
26249,15
27009,15
9093,15
41015,15
30003,15
36611,15
19075,15
41927,15
11655,15
38901,15
11639,15
18155,15
39187,15
26468,15
24679,15
12489,15
47308,15
32501,15
41456,15
47054,15
38450,15
39567,15
7857,15
20447,15
44583,15
14560,15
27359,15
11094,15
5925,15
41891,15
44591,15
8989,15
44592,15
25928,15
30615,15
35620,15
5155,15
35393,15
45231,15
48836,15
22770,15
35827,15
41466,15
19052,15
42748,15
8967,15
30009,15
14393,15
44606,15
861,15
41472,15
31309,15
25271,15
47073,15
12085,15
4240,15
20952,15
16559,15
27368,15
14518,15
14517,15
43535,15
38807,15
13894,15
34184,15
49469,15
37522,15
858,15
32379,15
27251,15
24111,15
5300,15
19038,15
38500,15
11273,15
20060,15
8842,15
1672,15
847,15
49322,15
7974,15
42726,15
48879,15
11625,15
2756,15
43418,15
27784,15
24285,15
33744,15
19405,15
29361,15
32356,15
13985,15
46500,15
15811,15
36281,15
39025,15
46499,15
2230,15
39334,15
26742,15
17911,15
46797,15
18181,15
21071,15
22577,15
17917,15
3475,15
43402,15
41032,15
48315,15
17927,15
45095,15
19397,15
49288,15
49046,15
35787,15
48322,15
46320,15
26732,15
17270,15
26682,15
17386,15
15247,15
17524,15
2375,15
46818,15
32416,15
20087,15
39385,15
1531,15
33246,15
15244,15
41733,15
1135,15
29679,15
11267,15
46826,15
38096,15
15230,15
43201,15
5062,15
20267,15
41548,15
46728,15
15620,15
30762,15
38339,15
27208,15
707,15
12328,15
2291,15
12750,15
32488,15
47113,15
45786,15
18006,15
39241,15
12789,15
37031,15
33371,15
37252,15
25819,15
8726,15
43664,15
27175,15
6171,15
35666,15
10746,15
27469,15
1739,15
42480,15
33218,15
17401,15
10556,15
11743,15
17214,15
10748,15
20527,15
33422,15
44721,15
48546,15
807,15
39689,15
32604,15
47932,15
25979,15
12843,15
43053,15
34441,15
24057,15
15635,15
23503,15
43722,15
17785,15
45067,15
15117,15
28087,15
41769,15
37157,15
8527,15
41136,15
10466,15
37187,15
29641,15
16302,15
39159,15
31201,15
23222,15
17349,15
32185,15
39302,15
12215,15
16306,15
10427,15
42433,15
39873,15
3629,15
11787,15
32893,15
47618,15
19751,15
30538,15
26584,15
47615,15
25863,15
26306,15
3641,15
32208,15
37994,15
5852,15
32479,15
23999,15
8206,15
10367,15
32889,15
2530,15
10357,15
33591,15
10354,15
27211,15
45713,15
49473,15
38561,15
37363,15
28119,15
39500,15
654,15
33531,15
829,15
26245,15
19378,15
21722,15
16333,15
43844,15
24317,15
4969,15
7068,15
41589,15
14054,15
31914,15
38081,15
4961,15
33430,15
49489,15
18776,15
1304,15
16049,15
42560,15
32473,15
38047,15
11979,15
25290,15
25688,15
16356,15
39903,15
30508,15
34316,15
27504,15
29749,15
18470,15
46896,15
42819,15
38165,15
10218,15
33839,15
14009,15
45996,15
38134,15
7138,15
20179,15
11832,15
28735,15
8447,15
27723,15
44903,15
22127,15
11970,15
5341,15
291,15
34297,15
18356,15
45632,15
24327,15
10953,15
16638,15
33615,15
11962,15
28011,15
25531,15
49097,15
10122,15
10770,15
13100,15
49234,15
8255,15
30124,15
7209,15
35156,15
25875,15
45601,15
41231,15
26948,15
43984,15
13117,15
37235,15
28772,15
35159,15
25734,15
39917,15
4892,15
29241,15
37395,15
42270,15
2980,15
37972,15
40523,15
43624,15
13177,15
21859,15
4333,15
38564,15
22648,15
37692,15
8270,15
4884,15
29561,15
32119,15
3811,15
3125,15
15682,15
40305,15
30997,15
9947,15
5837,15
43613,15
12041,15
7316,15
30475,15
24900,15
35229,15
41281,15
33498,15
24078,15
15691,15
21495,15
4859,15
22194,15
13264,15
22910,15
11240,15
22019,15
39944,15
25038,15
3393,15
22199,15
8288,15
42201,15
17019,15
37585,15
31155,15
20338,15
32248,15
5281,15
11917,15
30594,15
30791,15
3878,15
40970,15
45490,15
13316,15
12243,15
4342,15
37433,15
35996,15
39965,15
28846,15
14822,15
35860,15
26822,15
46964,15
16982,15
31219,15
47983,15
42715,15
39515,15
5378,15
48773,15
22889,15
46967,15
13349,15
42163,15
46615,15
22664,15
28861,15
18265,15
13356,15
411,15
27552,15
14797,15
47162,15
8317,15
13366,15
8315,15
20886,15
26392,15
20347,15
40972,15
9711,15
425,15
45914,15
47445,15
7454,15
993,15
35061,15
15507,15
6595,15
44183,15
42640,15
30455,15
988,15
19227,15
26393,15
5816,15
16104,15
34212,15
17749,15
44188,15
20449,15
14776,15
19684,15
37456,15
24435,15
26980,15
33998,15
5387,15
1623,15
29959,15
34442,15
2499,15
9617,15
18530,15
37863,15
35220,15
13437,15
18270,15
6314,15
6614,15
3979,15
6295,15
40653,15
6486,15
8660,15
5497,15
40983,15
34976,15
14750,15
33076,15
40505,15
5,15
45401,15
47233,15
32361,15
36888,15
34692,15
40248,15
39811,15
36030,15
29973,15
32135,15
36883,15
9509,15
42086,15
48271,15
9503,15
45132,14
29275,14
35103,14
33271,14
37901,14
36893,14
38066,14
48150,14
23982,14
47286,14
20962,14
43595,14
20143,14
1735,14
43236,14
20611,14
43684,14
39668,14
28736,14
43627,14
10190,14
20088,14
39034,14
43370,14
46002,14
47782,14
28362,14
46731,14
19555,14
37195,14
4345,14
35953,14
26016,14
7543,14
3002,14
3733,14
29652,14
22626,14
8298,14
19373,14
11969,14
3001,14
43266,14
10531,14
30364,14
1903,14
27971,14
4018,14
25202,14
28019,14
30180,14
49009,14
21104,14
18120,14
24230,14
30692,14
9813,14
46185,14
30797,14
44803,14
48346,14
18951,14
17100,14
44994,14
42730,14
39209,14
3746,14
4531,14
35243,14
33826,14
42906,14
36564,14
8300,14
34679,14
11666,14
42794,14
12661,14
45995,14
11960,14
24974,14
39048,14
40930,14
17262,14
37740,14
33061,14
19144,14
11472,14
22584,14
16269,14
26816,14
30025,14
14818,14
31668,14
14953,14
3077,14
24640,14
18532,14
6810,14
44258,14
13518,14
38982,14
14065,14
42223,14
19568,14
45386,14
12272,14
43940,14
27123,14
34225,14
13533,14
33841,14
1055,14
13099,14
23651,14
15278,14
6923,14
24091,14
2343,14
25436,14
48643,14
20603,14
21123,14
18446,14
31451,14
45839,14
33416,14
2442,14
32125,14
38136,14
29168,14
20245,14
28189,14
22869,14
32612,14
47636,14
49309,14
49233,14
38667,14
31742,14
17973,14
47892,14
24433,14
15277,14
37550,14
20969,14
12168,14
7954,14
25261,14
35374,14
2107,14
11954,14
21960,14
39773,14
17185,14
30609,14
47151,14
32503,14
11774,14
5059,14
47749,14
6643,14
22266,14
20968,14
42747,14
18058,14
12354,14
1876,14
42708,14
28950,14
23759,14
11677,14
20080,14
40294,14
40167,14
23754,14
12348,14
35852,14
120,14
14757,14
42661,14
28681,14
39541,14
39343,14
33233,14
48430,14
7623,14
49254,14
3975,14
2182,14
42933,14
24895,14
45062,14
9391,14
15218,14
40125,14
746,14
44351,14
43276,14
39808,14
49280,14
17513,14
29335,14
26058,14
43773,14
24444,14
39410,14
21605,14
24569,14
21768,14
39364,14
147,14
19401,14
40133,14
4745,14
20079,14
14937,14
9367,14
34218,14
30130,14
17280,14
34901,14
431,14
47085,14
32247,14
20522,14
13616,14
16006,14
2674,14
18123,14
34546,14
29872,14
12083,14
21732,14
9350,14
24868,14
2001,14
19788,14
33702,14
39355,14
41814,14
34959,14
46784,14
47696,14
19205,14
25163,14
47851,14
17711,14
41399,14
36049,14
45466,14
16238,14
16880,14
28972,14
26357,14
4906,14
23464,14
21537,14
30299,14
33297,14
660,14
18830,14
16877,14
35455,14
27679,14
40138,14
20136,14
4331,14
29451,14
18590,14
33032,14
1011,14
35484,14
23683,14
25474,14
38630,14
17503,14
16500,14
16577,14
46412,14
10837,14
41554,14
407,14
44143,14
28152,14
4490,14
5530,14
8711,14
6990,14
5286,14
27869,14
8406,14
11401,14
29759,14
15072,14
21415,14
36155,14
11189,14
1417,14
14926,14
13132,14
37906,14
6847,14
43039,14
16435,14
26840,14
20799,14
45052,14
28557,14
27867,14
28905,14
48724,14
39616,14
19114,14
31468,14
21592,14
30761,14
4784,14
44429,14
39082,14
8014,14
28173,14
45141,14
44836,14
24212,14
25003,14
250,14
1230,14
34545,14
30410,14
49370,14
2281,14
20206,14
27457,14
46756,14
23655,14
11723,14
36428,14
26450,14
534,14
10822,14
38364,14
43526,14
35389,14
25818,14
25538,14
23514,14
13918,14
2042,14
18972,14
39918,14
16506,14
9232,14
1721,14
10682,14
28444,14
42531,14
39525,14
43493,14
27434,14
21690,14
16230,14
33798,14
41813,14
110,14
43318,14
9218,14
43161,14
47347,14
41718,14
19271,14
5465,14
17701,14
39672,14
43346,14
39060,14
18861,14
26982,14
48124,14
25463,14
8395,14
754,14
6051,14
3193,14
11582,14
910,14
10028,14
30349,14
18676,14
22590,14
6872,14
41167,14
31814,14
20934,14
11938,14
28396,14
48719,14
48143,14
6523,14
5879,14
9184,14
1040,14
25611,14
39744,14
11575,14
6215,14
41342,14
3271,14
26516,14
21870,14
9174,14
12137,14
48074,14
15927,14
15475,14
19641,14
9168,14
17843,14
29152,14
3965,14
45289,14
20613,14
45287,14
32527,14
24579,14
14900,14
9158,14
15309,14
49548,14
36501,14
21836,14
8391,14
19912,14
2849,14
9150,14
34051,14
569,14
9147,14
7429,14
31243,14
1089,14
12178,14
20805,14
37323,14
12446,14
27844,14
6524,14
34042,14
11921,14
13744,14
38472,14
47328,14
43311,14
9577,14
31111,14
38257,14
18772,14
35733,14
32215,14
41313,14
37501,14
29683,14
33670,14
3677,14
17544,14
40951,14
31999,14
31684,14
37755,14
26603,14
15496,14
33414,14
36806,14
20716,14
2638,14
22977,14
18350,14
7798,14
17064,14
2877,14
25512,14
32811,14
44018,14
580,14
27467,14
318,14
47001,14
9546,14
25606,14
6029,14
4179,14
10720,14
42133,14
14172,14
46451,14
583,14
31687,14
5945,14
32468,14
15033,14
44530,14
12978,14
47093,14
19593,14
9877,14
14585,14
20154,14
14321,14
16047,14
11389,14
35901,14
21509,14
22651,14
19978,14
18885,14
1977,14
25312,14
12203,14
7529,14
18938,14
45943,14
31718,14
9062,14
23131,14
34624,14
983,14
4300,14
4685,14
30523,14
37715,14
1469,14
4811,14
20635,14
42484,14
12578,14
46091,14
38420,14
48331,14
27614,14
3373,14
33260,14
43854,14
26582,14
44981,14
12631,14
7839,14
41913,14
35476,14
9732,14
32770,14
32918,14
36723,14
6611,14
38330,14
2868,14
7850,14
5647,14
30519,14
41630,14
22231,14
41906,14
7855,14
31781,14
841,14
46335,14
25448,14
24675,14
6544,14
40115,14
39532,14
23275,14
29560,14
3446,14
173,14
6896,14
38532,14
21788,14
18312,14
42249,14
28192,14
41647,14
37300,14
3386,14
23615,14
4218,14
7867,14
14098,14
28652,14
4803,14
49672,14
733,14
30513,14
33142,14
35396,14
24054,14
10250,14
24522,14
47968,14
34133,14
7875,14
44744,14
9961,14
33349,14
28654,14
23648,14
47062,14
49648,14
4379,14
26261,14
7884,14
7885,14
42155,14
38020,14
29318,14
6566,14
25541,14
16649,14
9645,14
22480,14
32027,14
19428,14
22483,14
36992,14
47506,14
16963,14
23278,14
35258,14
21753,14
25334,14
15474,14
37963,14
44983,14
17881,14
22486,14
39511,14
8949,14
5153,14
36122,14
272,14
16962,14
4607,14
28160,14
12818,14
3279,14
30792,14
31023,14
2451,14
11228,14
27210,14
13024,14
19188,14
43316,14
5139,14
45654,14
3929,14
39634,14
45425,14
27017,14
37621,14
7132,14
48046,14
3316,14
9568,14
17480,14
46467,14
7133,14
30625,14
18824,14
27298,14
6306,14
17111,14
18553,14
36946,14
27259,14
16451,14
29164,14
17827,14
34414,14
12067,14
48855,14
33935,14
27727,14
6737,14
49485,14
26808,14
13270,14
30922,14
8360,13
15493,13
49204,13
32378,13
42226,13
48024,13
24666,13
42225,13
5434,13
27252,13
5836,13
17714,13
14107,13
16190,13
46503,13
28475,13
4275,13
27792,13
14473,13
19242,13
18165,13
5604,13
25534,13
31761,13
49571,13
12723,13
16760,13
25816,13
37261,13
32375,13
49314,13
8814,13
4364,13
20858,13
23184,13
19023,13
28919,13
44700,13
25511,13
48740,13
2845,13
33534,13
8794,13
22723,13
24284,13
28445,13
27976,13
22914,13
5587,13
12093,13
12321,13
47723,13
46014,13
48295,13
3343,13
39336,13
23448,13
4785,13
24460,13
23948,13
19721,13
12768,13
48311,13
41295,13
17276,13
21018,13
47484,13
44065,13
39401,13
47483,13
43358,13
36440,13
18912,13
28426,13
2403,13
3477,13
46142,13
20671,13
2126,13
35178,13
2096,13
2387,13
12435,13
9624,13
1971,13
35780,13
23207,13
48495,13
34599,13
31738,13
6190,13
19733,13
35659,13
20506,13
20477,13
46146,13
41104,13
31704,13
48985,13
37762,13
21021,13
167,13
20263,13
30293,13
38105,13
48362,13
18015,13
4553,13
21065,13
9855,13
18191,13
19923,13
48512,13
26267,13
41350,13
15617,13
15481,13
3059,13
25940,13
34258,13
22012,13
15215,13
49687,13
19704,13
25526,13
38010,13
24756,13
17995,13
14037,13
25880,13
1967,13
3350,13
43606,13
708,13
32595,13
11263,13
20519,13
36402,13
15476,13
19832,13
3531,13
13299,13
13300,13
48644,13
5044,13
3365,13
43515,13
35710,13
12389,13
33641,13
41513,13
46067,13
17595,13
26832,13
48436,13
10588,13
15157,13
42641,13
12027,13
2098,13
1842,13
5325,13
29174,13
40675,13
32801,13
15624,13
12024,13
37344,13
31581,13
37429,13
37430,13
19211,13
21262,13
35064,13
24167,13
31473,13
47669,13
8543,13
35280,13
35700,13
28095,13
16099,13
26213,13
17439,13
27473,13
27343,13
4530,13
21803,13
28637,13
72,13
22213,13
40253,13
42899,13
36240,13
23218,13
26793,13
11772,13
48994,13
39655,13
15637,13
14047,13
2165,13
231,13
38378,13
13327,13
10485,13
6942,13
41130,13
21061,13
11442,13
34569,13
10786,13
47938,13
10474,13
12607,13
39463,13
3895,13
43752,13
41138,13
12214,13
10462,13
43111,13
41705,13
23507,13
38975,13
29530,13
5204,13
3615,13
29636,13
9789,13
5008,13
26677,13
12878,13
37441,13
48649,13
11436,13
12884,13
37443,13
4523,13
46568,13
6056,13
27187,13
44868,13
16738,13
24717,13
47095,13
3625,13
22895,13
15465,13
19379,13
16693,13
25529,13
10408,13
1297,13
29303,13
3636,13
16626,13
2842,13
3201,13
4512,13
24349,13
8201,13
797,13
38431,13
10377,13
47748,13
22691,13
24399,13
3909,13
26804,13
34102,13
39444,13
21826,13
30528,13
17371,13
42939,13
42161,13
12936,13
45417,13
47606,13
17682,13
32617,13
26673,13
43273,13
12949,13
12610,13
31106,13
16172,13
38976,13
46864,13
46866,13
21796,13
33600,13
28864,13
17144,13
30527,13
37785,13
44886,13
49545,13
37151,13
12102,13
8476,13
16442,13
11419,13
24892,13
7056,13
37813,13
2808,13
38410,13
43109,13
16968,13
43516,13
15814,13
10289,13
47161,13
3013,13
25639,13
30457,13
27367,13
45997,13
13465,13
42369,13
4806,13
17120,13
36663,13
41595,13
6118,13
49420,13
30940,13
23522,13
22616,13
17116,13
32633,13
19826,13
14425,13
2071,13
32206,13
42792,13
10228,13
25649,13
26081,13
33448,13
32187,13
19166,13
23309,13
39473,13
39906,13
3731,13
37448,13
11407,13
25684,13
40440,13
18075,13
13503,13
13048,13
10997,13
1239,13
43912,13
25870,13
38783,13
10178,13
44777,13
23857,13
25353,13
5191,13
24723,13
40500,13
44758,13
3984,13
29954,13
10160,13
2802,13
42782,13
45626,13
8692,13
20550,13
202,13
37662,13
22636,13
25140,13
8248,13
49229,13
27516,13
3200,13
13088,13
18784,13
23796,13
29233,13
14728,13
6345,13
42079,13
15881,13
4021,13
3113,13
37653,13
5790,13
40798,13
40506,13
46384,13
43561,13
21237,13
38942,13
34294,13
14716,13
4036,13
7592,13
14950,13
13543,13
15883,13
1459,13
5173,13
4041,13
41365,13
26867,13
19652,13
33892,13
42844,13
9451,13
13553,13
43949,13
43959,13
47812,13
23255,13
16010,13
14423,13
35854,13
34759,13
34006,13
10103,13
10730,13
38359,13
45967,13
46249,13
34179,13
38417,13
18711,13
14710,13
31656,13
47003,13
22325,13
22327,13
16904,13
25624,13
41374,13
18533,13
48115,13
33697,13
40401,13
17586,13
44347,13
20365,13
1052,13
14700,13
26821,13
25164,13
14746,13
33039,13
45888,13
10985,13
35423,13
39687,13
9375,13
24187,13
22335,13
36965,13
9369,13
15897,13
47811,13
487,13
10857,13
7659,13
47373,13
40728,13
25488,13
33436,13
40792,13
9349,13
2988,13
2158,13
43981,13
31568,13
31421,13
10954,13
4912,13
49661,13
28485,13
22355,13
48630,13
19719,13
3764,13
28403,13
29984,13
5113,13
21880,13
34301,13
24481,13
35541,13
28975,13
40719,13
12165,13
49553,13
5722,13
16187,13
28563,13
26699,13
17894,13
46753,13
38678,13
33253,13
17520,13
20830,13
29445,13
17768,13
32509,13
31128,13
1171,13
13664,13
8688,13
1170,13
7467,13
41756,13
9251,13
31172,13
36824,13
19905,13
15669,13
28775,13
36134,13
1454,13
45902,13
31370,13
324,13
14296,13
24,13
21928,13
1687,13
1165,13
42692,13
27005,13
28779,13
15918,13
32363,13
5104,13
5446,13
42272,13
20673,13
37847,13
39675,13
1425,13
553,13
29566,13
46433,13
26439,13
24353,13
5689,13
38019,13
41341,13
42262,13
46273,13
5814,13
38057,13
20556,13
42,13
13723,13
10012,13
23546,13
28783,13
20458,13
25158,13
39283,13
36288,13
13739,13
34826,13
9132,13
15413,13
16833,13
31708,13
2978,13
10777,13
25794,13
13756,13
22426,13
1892,13
7784,13
5453,13
11681,13
4173,13
27427,13
30263,13
15301,13
9103,13
14590,13
35587,13
13773,13
8268,13
12632,13
16258,13
37186,13
30048,13
45263,13
9082,13
14775,13
45851,13
40703,13
35809,13
27825,13
11936,13
43147,13
31375,13
9066,13
9063,13
39050,13
21578,13
39531,13
46454,13
48432,13
37079,13
27821,13
4684,13
25412,13
40566,13
331,13
15832,13
24819,13
14236,13
31675,13
17379,13
27819,13
16397,13
5263,13
39020,13
11514,13
13200,13
26418,13
29048,13
38177,13
41739,13
29702,13
38253,13
16807,13
38810,13
20626,13
16232,13
11297,13
45237,13
23834,13
43153,13
7476,13
5873,13
14549,13
26423,13
8973,13
17049,13
47510,13
13220,13
30008,13
5633,13
29157,13
35301,13
2860,13
18554,13
45449,13
43553,13
16795,13
1527,13
621,13
37083,13
25235,13
1715,13
44798,13
24479,13
43507,13
33853,13
3830,13
7918,13
2599,13
30221,13
33453,13
27803,13
13883,13
16783,13
8919,13
36760,13
8365,13
23694,13
23112,13
37260,13
38943,13
49506,13
4260,13
19042,13
29376,13
32670,13
41478,13
32381,13
41275,13
22189,13
40540,13
8890,13
37525,13
34818,13
14497,13
2483,13
18038,13
628,13
13912,13
8877,13
41492,13
686,13
33843,12
8785,12
22536,12
840,12
41506,12
47094,12
35686,12
12317,12
29349,12
22543,12
6565,12
23620,12
41507,12
833,12
16061,12
5885,12
17402,12
8734,12
8731,12
16740,12
31298,12
29131,12
47101,12
24007,12
18326,12
4323,12
38743,12
35656,12
45131,12
25942,12
8690,12
8687,12
22558,12
40106,12
47105,12
21507,12
25523,12
19756,12
23295,12
824,12
37610,12
12132,12
22567,12
45110,12
8078,12
35837,12
25724,12
29331,12
36647,12
41736,12
37136,12
4555,12
41542,12
20562,12
45088,12
36718,12
41552,12
706,12
8133,12
41721,12
299,12
29321,12
26844,12
8145,12
29947,12
808,12
41712,12
24646,12
6574,12
8530,12
6575,12
27039,12
25260,12
40160,12
40159,12
16623,12
45049,12
19452,12
25306,12
16691,12
45040,12
29208,12
35834,12
23660,12
42744,12
47870,12
47143,12
2479,12
44899,12
18936,12
36653,12
18955,12
26103,12
33555,12
14201,12
44927,12
32026,12
46345,12
45011,12
14293,12
33794,12
31861,12
21855,12
751,12
8267,12
41648,12
32866,12
36656,12
30626,12
8282,12
11035,12
24027,12
21032,12
35677,12
24461,12
4458,12
42600,12
19603,12
49562,12
46353,12
6600,12
27408,12
49601,12
46118,12
21897,12
38914,12
18141,12
6625,12
29969,12
15870,12
48268,12
48195,12
1401,12
16016,12
45899,12
6321,12
45898,12
36261,12
46704,12
19909,12
24264,12
20124,12
21911,12
37881,12
24982,12
35491,12
30039,12
5703,12
46428,12
1550,12
34751,12
32321,12
5099,12
24171,12
12076,12
46508,12
15939,12
26361,12
41017,12
5093,12
49532,12
27264,12
36283,12
15289,12
5631,12
23355,12
19567,12
23345,12
48880,12
6741,12
1442,12
46493,12
26762,12
19962,12
32582,12
39416,12
6325,12
32371,12
38900,12
21892,12
17285,12
30587,12
19903,12
39713,12
6763,12
23138,12
48413,12
18021,12
30861,12
46143,12
2393,12
41033,12
11728,12
5075,12
3070,12
30896,12
6794,12
2358,12
2608,12
35104,12
3492,12
41048,12
39447,12
33417,12
26725,12
42498,12
3501,12
35295,12
34367,12
1562,12
43649,12
24250,12
31560,12
20075,12
16272,12
20074,12
45796,12
18741,12
2286,12
38211,12
48402,12
35711,12
15195,12
43208,12
48400,12
28648,12
30564,12
27459,12
33923,12
29661,12
37343,12
28197,12
43669,12
12025,12
12812,12
41101,12
43671,12
3553,12
48597,12
15152,12
20503,12
47860,12
49062,12
18484,12
12012,12
25409,12
15561,12
31580,12
43707,12
49625,12
42463,12
28672,12
26892,12
2621,12
33302,12
12865,12
34580,12
49065,12
10472,12
10471,12
33907,12
43048,12
42932,12
24036,12
36174,12
5007,12
28084,12
34101,12
37730,12
34928,12
27169,12
41147,12
17171,12
27488,12
25292,12
3028,12
6140,12
43787,12
24987,12
6983,12
22997,12
39650,12
47836,12
10389,12
3232,12
43391,12
11797,12
3642,12
37153,12
3644,12
26829,12
47942,12
42520,12
22991,12
27164,12
7015,12
47608,12
26334,12
35239,12
21407,12
7024,12
18763,12
47833,12
43825,12
20675,12
28283,12
29779,12
1302,12
18478,12
46646,12
20184,12
32475,12
27498,12
40347,12
7061,12
18775,12
21719,12
10905,12
4964,12
33186,12
47579,12
28041,12
7086,12
42365,12
35080,12
15014,12
41191,12
25866,12
7106,12
36991,12
19419,12
1305,12
11825,12
35966,12
47832,12
14980,12
45644,12
22954,12
3156,12
7143,12
47558,12
45641,12
21381,12
19420,12
39631,12
28737,12
46904,12
37205,12
43918,12
38956,12
46645,12
35520,12
24565,12
37381,12
10158,12
19422,12
43006,12
45625,12
18621,12
34857,12
27513,12
10138,12
1064,12
31980,12
27519,12
45614,12
20521,12
30948,12
32659,12
21703,12
31783,12
18456,12
2045,12
39043,12
10071,12
42570,12
17587,12
3770,12
28768,12
48500,12
29580,12
25218,12
37699,12
24576,12
34872,12
23844,12
47963,12
25673,12
41244,12
16394,12
5359,12
48571,12
10018,12
32114,12
7259,12
21346,12
27535,12
16395,12
17071,12
20326,12
34226,12
45556,12
15677,12
20645,12
23548,12
9988,12
22171,12
3109,12
25041,12
9978,12
3812,12
38221,12
20849,12
16124,12
32260,12
49108,12
30076,12
47508,12
49581,12
30655,12
11898,12
28810,12
44045,12
37280,12
31484,12
18257,12
11391,12
17042,12
41279,12
29555,12
40303,12
30474,12
34116,12
19551,12
2671,12
39795,12
32322,12
40768,12
3857,12
9887,12
6270,12
11151,12
39943,12
49663,12
28315,12
9861,12
29832,12
47730,12
1320,12
3435,12
42573,12
28310,12
38138,12
29538,12
3882,12
31765,12
24513,12
1009,12
1872,12
37126,12
7409,12
23246,12
9769,12
41309,12
22221,12
26341,12
19534,12
10788,12
28429,12
7435,12
12042,12
34553,12
11719,12
2100,12
38328,12
37127,12
6469,12
28869,12
33348,12
3930,12
31592,12
45456,12
49415,12
42146,12
40267,12
42141,12
37451,12
11650,12
36907,12
45451,12
34649,12
45980,12
16956,12
13414,12
29769,12
24087,12
45444,12
9636,12
28893,12
29495,12
29768,12
36566,12
42120,12
4775,12
1491,12
27923,12
29485,12
2036,12
42107,12
13460,12
36895,12
16480,12
43353,12
30445,12
17623,12
42581,12
9559,12
49137,12
9553,12
26986,12
11177,12
35896,12
13487,12
38663,12
23251,12
37470,12
20056,12
1839,12
48827,12
16917,12
45390,12
20100,12
4026,12
14721,12
42068,12
32009,12
22305,12
12066,12
476,12
5175,12
6490,12
31743,12
17420,12
44309,12
33689,12
28120,12
36576,12
33691,12
9435,12
5398,12
37315,12
11180,12
30785,12
9423,12
30826,12
44333,12
42045,12
16895,12
47377,12
38843,12
5239,12
40869,12
49149,12
47375,12
5403,12
33038,12
12180,12
28960,12
18843,12
34800,12
4740,12
490,12
15756,12
41401,12
10808,12
47360,12
18283,12
6501,12
27873,12
20373,12
44409,12
48669,12
47354,12
28978,12
44416,12
32735,12
923,12
12486,12
9276,12
34801,12
1637,12
23118,12
37641,12
9263,12
29444,12
38429,12
9257,12
31346,12
42588,12
31957,12
22393,12
542,12
4720,12
45306,12
13678,12
27860,12
26813,12
49466,12
37827,12
39295,12
26161,12
25007,12
19797,12
34897,12
44465,12
16512,12
27851,12
7755,12
18298,12
12546,12
9181,12
16085,12
34437,12
19090,12
7759,12
32997,12
27603,12
43281,12
23727,12
9153,12
48013,12
27606,12
573,12
47332,12
49178,12
41952,12
31332,12
38825,12
34736,12
12371,12
6351,12
16517,12
39679,12
43454,12
38989,12
36061,12
1350,12
22789,12
25603,12
7811,12
13781,12
36786,12
25752,12
28592,12
27822,12
47750,12
24488,12
16531,12
44565,12
20942,12
31806,12
23274,12
31320,12
39091,12
17467,12
25925,12
11299,12
16076,12
29049,12
40074,12
8976,12
38348,12
30378,12
47067,12
4230,12
48757,12
27015,12
23396,12
15789,12
34820,12
41872,12
40083,12
46298,12
19533,12
16166,12
218,12
13896,12
40514,12
31308,12
25969,12
17717,12
13904,12
11290,12
27221,12
41849,12
47798,12
29086,12
15394,12
18904,12
5906,12
44673,12
13940,12
46312,12
41824,12
45172,12
1773,12
46314,12
20970,12
30360,12
42905,12
29102,12
1676,12
652,12
47796,12
29109,12
26640,11
11478,11
29829,11
23176,11
28539,11
34344,11
6264,11
30101,11
25058,11
35115,11
36376,11
2200,11
19637,11
49599,11
40835,11
33983,11
5294,11
11031,11
6206,11
5310,11
19497,11
5317,11
6163,11
31740,11
15634,11
6134,11
36228,11
23422,11
6097,11
33992,11
40496,11
15688,11
6079,11
18056,11
6072,11
35639,11
23415,11
1316,11
3433,11
12509,11
24502,11
27327,11
15705,11
18053,11
6044,11
6040,11
24259,11
39438,11
48950,11
32457,11
1342,11
15757,11
11013,11
12773,11
46272,11
1985,11
31146,11
46288,11
21922,11
47872,11
40694,11
30065,11
16067,11
23394,11
40682,11
25062,11
1480,11
1370,11
40679,11
31488,11
34074,11
5880,11
30650,11
5872,11
24888,11
23386,11
15838,11
46548,11
28115,11
46387,11
1403,11
5755,11
37843,11
18541,11
49586,11
46405,11
1415,11
5731,11
25348,11
30846,11
46418,11
37854,11
39018,11
40561,11
35139,11
30900,11
46452,11
32384,11
18558,11
15946,11
5560,11
5614,11
32367,11
15972,11
32372,11
18178,11
40570,11
2444,11
31996,11
2424,11
48312,11
34361,11
3478,11
28114,11
26719,11
2244,11
24225,11
17447,11
39830,11
47705,11
23941,11
23940,11
38104,11
20265,11
39372,11
17538,11
10740,11
48403,11
10742,11
34935,11
2264,11
24245,11
23920,11
10609,11
3160,11
19375,11
43665,11
28365,11
10579,11
10575,11
42481,11
28658,11
10553,11
28664,11
34938,11
20188,11
33450,11
43699,11
49646,11
35244,11
26918,11
11694,11
48598,11
12849,11
20046,11
11444,11
43754,11
28352,11
25774,11
17178,11
35307,11
42934,11
37348,11
10422,11
10419,11
20296,11
34722,11
12908,11
35961,11
18220,11
10370,11
30530,11
43808,11
33594,11
11991,11
10334,11
12963,11
10319,11
10318,11
39221,11
3017,11
17138,11
28300,11
43848,11
37222,11
12996,11
13001,11
26943,11
43864,11
37328,11
13037,11
10204,11
10183,11
11406,11
10171,11
18244,11
42321,11
42312,11
11405,11
36973,11
23853,11
43939,11
37219,11
43238,11
21369,11
25677,11
49431,11
28763,11
47542,11
10058,11
33157,11
11877,11
43997,11
21354,11
13162,11
44004,11
25220,11
10000,11
13188,11
17062,11
9981,11
17055,11
17051,11
9962,11
17050,11
39208,11
42973,11
9944,11
12150,11
37412,11
43241,11
3838,11
11904,11
37421,11
23830,11
17034,11
3851,11
25661,11
48497,11
44079,11
11382,11
30652,11
49430,11
9854,11
22202,11
21821,11
28843,11
47467,11
9809,11
47461,11
3251,11
22219,11
30460,11
3912,11
13354,11
410,11
38309,11
37446,11
44163,11
23797,11
33096,11
28878,11
34965,11
42140,11
3937,11
9679,11
2937,11
36021,11
26975,11
48651,11
42132,11
44197,11
3949,11
47822,11
42130,11
24371,11
13427,11
47431,11
28894,11
9615,11
26819,11
3261,11
12263,11
48653,11
1847,11
9591,11
48654,11
9581,11
13463,11
452,11
47421,11
37463,11
9552,11
23775,11
13495,11
47406,11
31010,11
36882,11
28929,11
33054,11
24794,11
18277,11
34839,11
33048,11
11566,11
44305,11
42842,11
4043,11
36862,11
42050,11
13561,11
44324,11
18280,11
4049,11
13572,11
43105,11
27889,11
28406,11
13602,11
39197,11
25905,11
39730,11
9353,11
491,11
19121,11
35214,11
39195,11
24702,11
19792,11
12287,11
18289,11
48671,11
31353,11
36826,11
49376,11
33019,11
44428,11
21835,11
28992,11
47352,11
13677,11
4131,11
33265,11
41986,11
40049,11
33713,11
17647,11
19091,11
16843,11
33715,11
26415,11
11316,11
44498,11
26333,11
30401,11
49604,11
31021,11
13764,11
27831,11
11525,11
22440,11
2875,11
1800,11
24839,11
48016,11
43082,11
40066,11
13796,11
23718,11
21840,11
27820,11
9044,11
25597,11
9017,11
9014,11
48678,11
19058,11
9003,11
9002,11
12303,11
12747,11
27013,11
27808,11
19807,11
3278,11
44607,11
8948,11
29065,11
44615,11
16780,11
33737,11
8913,11
44639,11
4257,11
22502,11
48019,11
36756,11
22510,11
31025,11
34538,11
33742,11
44665,11
26297,11
8840,11
21119,11
17661,11
37534,11
13963,11
29099,11
40094,11
36744,11
41798,11
14003,11
14004,11
8766,11
8757,11
19021,11
8750,11
38742,11
78,11
21094,11
665,11
32929,11
40100,11
27031,11
47256,11
23676,11
26108,11
28223,11
20003,11
49578,11
22554,11
36734,11
44764,11
3131,11
19757,11
8655,11
41752,11
16716,11
33374,11
11275,11
32907,11
39167,11
14103,11
47220,11
44818,11
34808,11
44840,11
8552,11
16702,11
4389,11
47210,11
8517,11
31938,11
30332,11
17466,11
16688,11
32881,11
34522,11
27728,11
4426,11
22628,11
26625,11
38788,11
44933,11
21041,11
39150,11
47184,11
10839,11
23654,11
8359,11
40130,11
29260,11
37921,11
4459,11
30758,11
44978,11
37581,11
18939,11
22674,11
49240,11
14291,11
29286,11
24812,11
25022,11
26461,11
14316,11
25262,11
26621,11
8208,11
14327,11
8196,11
45057,11
29308,11
33824,11
8166,11
8162,11
43539,11
45069,11
32815,11
39131,11
16596,11
4547,11
34882,11
33828,11
817,11
20988,11
24287,11
45098,11
8100,11
30616,11
43327,11
14397,11
8065,11
35377,11
31054,11
25961,11
18396,11
35832,11
41516,11
40193,11
35831,11
45164,11
1677,11
18909,11
23618,11
47777,11
43536,11
20971,11
25267,11
39538,11
18420,11
31260,11
26598,11
7949,11
7946,11
24128,11
7917,11
29383,11
49200,11
32783,11
47069,11
26371,11
33396,11
30770,11
32778,11
45242,11
47887,11
11204,11
29402,11
41450,11
27609,11
22786,11
18878,11
7804,11
7791,11
30262,11
7782,11
39528,11
7764,11
152,11
40238,11
45307,11
916,11
25973,11
7719,11
22811,11
47027,11
36590,11
7696,11
38836,11
20062,11
20466,11
17494,11
7650,11
36582,11
4748,11
11184,11
45377,11
7613,11
18835,11
2701,11
19288,11
45385,11
7582,11
22846,11
22850,11
4764,11
4765,11
28210,11
14747,11
48125,11
45412,11
31068,11
4772,11
28512,11
28513,11
25982,11
7497,11
42621,11
35338,11
32696,11
49130,11
41320,11
7445,11
20885,11
7440,11
998,11
45460,11
7424,11
49121,11
22891,11
30236,11
3112,11
14813,11
4826,11
3197,11
7370,11
7367,11
22906,11
1613,11
46950,11
16418,11
4857,11
36540,11
24278,11
28205,11
23550,11
46937,11
31705,11
42866,11
14884,11
7290,11
7288,11
45553,11
35744,11
22930,11
33383,11
20839,11
45565,11
2660,11
46925,11
46922,11
20829,11
20484,11
39757,11
4904,11
17498,11
35462,11
1051,11
23536,11
7196,11
45611,11
7183,11
43381,11
7169,11
31212,11
23530,11
7149,11
37706,11
48447,11
7144,11
48793,11
14977,11
36513,11
30207,11
45653,11
24755,11
41202,11
34585,11
16347,11
16343,11
29618,11
16336,11
35387,11
22983,11
46869,11
1091,11
1092,11
7030,11
15045,11
33278,11
15067,11
22994,11
24936,11
6993,11
30802,11
35808,11
1107,11
1572,11
43396,11
45750,11
41123,11
30803,11
6917,11
38304,11
41105,11
15142,11
43494,11
34783,11
46833,11
6864,11
49654,11
1125,11
5052,11
49529,11
34098,11
15224,11
26387,11
29676,11
29677,11
5064,11
6817,11
49055,11
15234,11
41045,11
15238,11
20064,11
3366,11
19300,11
32038,11
24845,11
29693,11
31554,11
1153,11
28126,11
23077,11
47764,11
6709,11
24172,11
6700,11
27181,11
18063,11
47762,11
45868,11
6685,11
23481,11
5117,11
6654,11
1178,11
15350,11
20732,11
30150,11
11622,11
45907,11
40981,11
21898,11
40978,11
40413,11
27185,11
6591,11
6584,11
31097,11
45934,11
35623,11
6548,11
34090,11
45940,11
36203,11
40958,11
40957,11
45945,11
15435,11
34771,11
27194,11
48990,11
34701,11
6443,11
6432,11
40433,11
48987,11
2000,11
23136,11
23141,11
35632,11
30118,11
36391,11
31436,11
33524,11
16191,11
6362,11
18654,11
19319,11
23163,11
48979,11
35636,11
46074,11
2058,10
33755,10
29347,10
5937,10
36805,10
49595,10
34805,10
44608,10
13484,10
24885,10
14015,10
9113,10
41792,10
24112,10
38062,10
44723,10
43303,10
11565,10
7555,10
657,10
9115,10
21913,10
34272,10
31026,10
36741,10
38372,10
1910,10
3994,10
11064,10
23225,10
27834,10
44242,10
18872,10
22854,10
46318,10
22116,10
43897,10
47419,10
35281,10
5152,10
14984,10
10220,10
21550,10
34402,10
7779,10
35007,10
16140,10
14991,10
12151,10
37171,10
46652,10
19040,10
40916,10
47035,10
31331,10
1917,10
39064,10
11175,10
38878,10
9142,10
43107,10
19703,10
34008,10
26492,10
2020,10
17114,10
43878,10
23867,10
13468,10
7100,10
19622,10
7531,10
21391,10
49085,10
40337,10
39205,10
10254,10
41188,10
2642,10
43024,10
44236,10
40509,10
34672,10
20390,10
1921,10
43634,10
15019,10
16141,10
22484,10
39474,10
33187,10
6535,10
13726,10
12988,10
41185,10
43615,10
46653,10
36503,10
9161,10
43444,10
45689,10
47584,10
27501,10
16342,10
7767,10
3974,10
29489,10
4707,10
7765,10
49336,10
25585,10
47426,10
6496,10
12973,10
2571,10
30733,10
22258,10
17141,10
11721,10
439,10
17780,10
43834,10
7047,10
43578,10
19673,10
47430,10
438,10
24088,10
28712,10
38225,10
48,10
23212,10
1625,10
16765,10
15627,10
31946,10
26846,10
28055,10
26891,10
48612,10
46659,10
18652,10
47600,10
28708,10
12199,10
16850,10
16851,10
12948,10
39223,10
3361,10
12946,10
37362,10
11426,10
33551,10
4144,10
41166,10
24913,10
8971,10
1292,10
14495,10
18480,10
40259,10
26585,10
36774,10
35330,10
42793,10
45439,10
34383,10
24370,10
42718,10
19194,10
40909,10
48606,10
24455,10
1353,10
4655,10
45722,10
49361,10
47442,10
20499,10
35052,10
17470,10
18630,10
45728,10
17748,10
10887,10
47030,10
3941,10
34967,10
21959,10
10425,10
26116,10
193,10
29002,10
18139,10
45230,10
23992,10
7971,10
20185,10
29054,10
45973,10
29052,10
3933,10
40473,10
28873,10
4225,10
23003,10
6961,10
47628,10
6959,10
915,10
34609,10
24714,10
19098,10
9222,10
10461,10
13910,10
31983,10
5016,10
10470,10
44171,10
31082,10
3604,10
21,10
2942,10
5924,10
3924,10
4223,10
7729,10
6939,10
6938,10
15614,10
47638,10
40822,10
42630,10
39257,10
31198,10
39323,10
10790,10
38436,10
5026,10
15128,10
43518,10
15133,10
36478,10
6010,10
6922,10
28607,10
7874,10
25702,10
38305,10
41487,10
40503,10
28996,10
4630,10
36357,10
34118,10
35624,10
46765,10
25786,10
21438,10
9745,10
30381,10
10536,10
39611,10
19590,10
47671,10
31831,10
28660,10
20537,10
24593,10
41892,10
43672,10
23994,10
23501,10
34984,10
35869,10
11373,10
37828,10
3051,10
41421,10
31197,10
9770,10
40750,10
26022,10
16980,10
526,10
42546,10
18199,10
29524,10
41085,10
23498,10
21456,10
24697,10
1123,10
5953,10
6299,10
13345,10
39524,10
24591,10
42168,10
43247,10
9791,10
38169,10
37830,10
30768,10
3534,10
38034,10
15196,10
46682,10
35304,10
2279,10
46136,10
36455,10
40382,10
28850,10
30894,10
1127,10
32967,10
40385,10
24330,10
24588,10
39288,10
4123,10
2718,10
33883,10
18310,10
33111,10
24905,10
23578,10
9269,10
41462,10
44427,10
31877,10
13902,10
45808,10
39366,10
23197,10
38292,10
26906,10
28838,10
20505,10
14823,10
15436,10
9821,10
47703,10
27382,10
4122,10
20138,10
15228,10
10785,10
46292,10
29822,10
21558,10
37617,10
16767,10
23553,10
30104,10
48358,10
19525,10
7692,10
19483,10
17959,10
15502,10
1617,10
27449,10
35774,10
25313,10
3065,10
30171,10
161,10
35179,10
10629,10
11156,10
9023,10
29899,10
17793,10
37764,10
45826,10
12780,10
13647,10
40899,10
25881,10
41038,10
4120,10
34286,10
6037,10
20750,10
11604,10
34266,10
35783,10
2891,10
13296,10
46809,10
25423,10
2892,10
19293,10
37339,10
29684,10
42196,10
19502,10
13809,10
9311,10
45834,10
24103,10
28314,10
48314,10
9316,10
12242,10
30099,10
1277,10
3467,10
47721,10
21611,10
7982,10
9874,10
42909,10
14841,10
13266,10
23950,10
40840,10
36193,10
47358,10
17901,10
23598,10
15710,10
46491,10
46504,10
26210,10
6048,10
2867,10
12061,10
25735,10
38361,10
18536,10
15443,10
5638,10
24301,10
5641,10
32383,10
4095,10
12301,10
26285,10
2672,10
5558,10
5557,10
37480,10
5556,10
40936,10
31322,10
9908,10
19790,10
33035,10
21528,10
28538,10
45526,10
19552,10
30915,10
34488,10
1795,10
15931,10
15930,10
47801,10
28187,10
12077,10
37957,10
31071,10
45341,10
21539,10
38906,10
33405,10
9919,10
12189,10
31507,10
20205,10
37093,10
32389,10
40086,10
24988,10
23152,10
9355,10
22462,10
10639,10
7841,10
31852,10
31186,10
39771,10
23595,10
15580,10
16822,10
34057,10
26064,10
2710,10
5726,10
2709,10
15329,10
34764,10
41268,10
25467,10
12525,10
5733,10
24463,10
30153,10
24308,10
32561,10
33442,10
11641,10
46619,10
5745,10
24659,10
9041,10
6520,10
2006,10
45890,10
3136,10
19662,10
25922,10
45892,10
45352,10
12539,10
33242,10
40402,10
41857,10
10987,10
2583,10
37628,10
37819,10
35067,10
48899,10
40552,10
1270,10
6353,10
17057,10
44365,10
31115,10
5772,10
6632,10
23961,10
18172,10
24462,10
46376,10
1889,10
38263,10
48905,10
12523,10
17519,10
29043,10
6253,10
19392,10
36419,10
21745,10
9992,10
35435,10
1829,10
19430,10
31583,10
40135,10
27059,10
35481,10
22668,10
8325,10
26457,10
19377,10
11242,10
14255,10
22783,10
25333,10
18642,10
48727,10
14253,10
19959,10
20544,10
1797,10
7635,10
43602,10
38575,10
8346,10
11501,10
4453,10
38528,10
30487,10
32860,10
14249,10
30951,10
2734,10
6516,10
16671,10
32865,10
19465,10
45201,10
44942,10
21211,10
45001,10
16674,10
22758,10
46046,10
38386,10
4188,10
4438,10
10014,10
14701,10
3154,10
49148,10
42734,10
21588,10
8917,10
25222,10
34170,10
40431,10
8422,10
41871,10
28460,10
36141,10
4754,10
17685,10
18937,10
13156,10
22495,10
4494,10
32111,10
44909,10
43505,10
29961,10
45026,10
42042,10
22621,10
20422,10
1044,10
14911,10
31627,10
46555,10
40495,10
24738,10
46772,10
6608,10
42280,10
38337,10
16391,10
41685,10
41807,10
3421,10
38229,10
28501,10
21364,10
39530,10
11588,10
4507,10
47386,10
43323,10
9417,10
37310,10
35533,10
29202,10
36303,10
8207,10
21983,10
36652,10
25829,10
11948,10
16211,10
27732,10
43991,10
35614,10
13566,10
22606,10
5407,10
42288,10
39260,10
11503,10
32830,10
718,10
22605,10
27736,10
41575,10
14155,10
2874,10
8932,10
19685,10
296,10
4521,10
44869,10
35433,10
27624,10
800,10
32411,10
32821,10
42584,10
2989,10
10090,10
41571,10
12367,10
26448,10
8534,10
38790,10
29827,10
37476,10
12047,10
14139,10
29417,10
33952,10
43970,10
48067,10
23475,10
23384,10
16602,10
710,10
3759,10
14463,10
44308,10
33047,10
27079,10
26797,10
28479,10
19696,10
36100,10
27805,10
22595,10
49219,10
9722,10
8142,10
32713,10
7203,10
14369,10
15573,10
35739,10
13104,10
23632,10
4177,10
48051,10
11264,10
25960,10
16383,10
31109,10
41728,10
12071,10
704,10
4551,10
8124,10
14123,10
7587,10
36306,10
49286,10
8119,10
48200,10
14120,10
7586,10
40419,10
302,10
38765,10
36720,10
34093,10
390,10
34337,10
25772,10
8107,10
19999,10
20901,10
36748,10
35129,10
1742,10
696,10
6273,10
8099,10
8943,10
19921,10
16713,10
41879,10
16587,10
19720,10
16586,10
8618,10
37304,10
36414,10
22710,10
47956,10
18785,10
29154,10
40666,10
35799,10
43549,10
44793,10
14406,10
22570,10
18989,10
24684,10
23772,10
17098,10
41353,10
44279,10
4356,10
42304,10
41940,10
11579,10
44784,10
40075,10
48696,10
36974,10
1750,10
32908,10
24309,10
688,10
26778,10
32708,10
9506,10
7904,10
19262,10
8055,10
26059,10
1385,10
35571,10
47246,10
24406,10
14059,10
40323,10
43110,10
39289,10
1594,10
21639,10
29591,10
10154,10
11178,10
41768,10
23587,10
13073,10
35399,10
8036,10
35073,10
37269,10
36109,10
4307,10
5871,9
21111,9
13975,9
13971,9
45168,9
15810,9
19027,9
35204,9
47084,9
28229,9
26244,9
8829,9
28620,9
27786,9
308,9
639,9
10860,9
31419,9
12517,9
17816,9
32957,9
36312,9
36245,9
38244,9
7956,9
12305,9
4624,9
36629,9
40090,9
25968,9
18319,9
13901,9
8897,9
27094,9
37618,9
7927,9
13887,9
34644,9
5429,9
4241,9
25268,9
15524,9
41875,9
26426,9
47294,9
862,9
5920,9
23978,9
14533,9
33283,9
867,9
2031,9
8972,9
8975,9
30380,9
30269,9
609,9
18088,9
7871,9
35820,9
38524,9
17651,9
44577,9
44576,9
46291,9
1790,9
599,9
38811,9
40698,9
41908,9
26597,9
28163,9
4676,9
30634,9
47046,9
44550,9
7824,9
18650,9
29038,9
24682,9
12297,9
15549,9
4689,9
19255,9
14588,9
585,9
44529,9
12295,9
31924,9
49629,9
48569,9
26332,9
17648,9
48456,9
897,9
14595,9
23471,9
22794,9
44513,9
27306,9
22800,9
9117,9
35047,9
9126,9
35545,9
24813,9
2155,9
31339,9
16845,9
44474,9
22411,9
38403,9
47341,9
3185,9
28463,9
24146,9
26570,9
23581,9
43344,9
13689,9
16509,9
45304,9
9223,9
31491,9
33011,9
14635,9
13674,9
1815,9
540,9
31344,9
35130,9
7711,9
12373,9
19113,9
14655,9
49373,9
20517,9
922,9
28988,9
36827,9
40707,9
25909,9
21867,9
22371,9
7691,9
27587,9
22357,9
5414,9
24148,9
4099,9
41402,9
7674,9
35538,9
26276,9
45340,9
40024,9
42618,9
4742,9
19588,9
29459,9
36585,9
3165,9
41394,9
4083,9
39039,9
14691,9
20366,9
45354,9
36851,9
5409,9
13607,9
33403,9
42034,9
944,9
47010,9
13604,9
27884,9
45367,9
946,9
26999,9
3170,9
7618,9
34836,9
16898,9
48999,9
6514,9
36143,9
3268,9
48998,9
33485,9
30786,9
22841,9
35516,9
6511,9
18833,9
31011,9
23766,9
35398,9
957,9
38932,9
35589,9
47399,9
39595,9
27912,9
31369,9
17510,9
9526,9
35897,9
2916,9
44251,9
44248,9
34798,9
37466,9
32536,9
5977,9
3993,9
38854,9
45406,9
31009,9
26549,9
16935,9
14748,9
49136,9
4766,9
45409,9
42774,9
7536,9
9575,9
33877,9
19640,9
18822,9
451,9
20055,9
22265,9
47999,9
9599,9
14760,9
32129,9
38646,9
19355,9
18268,9
33299,9
16468,9
9629,9
19243,9
49523,9
30453,9
23567,9
34468,9
4788,9
23564,9
7481,9
40737,9
24594,9
38496,9
13420,9
44191,9
9667,9
32693,9
27935,9
430,9
27940,9
9691,9
26179,9
3349,9
13386,9
23993,9
9705,9
27946,9
34119,9
37101,9
35698,9
3920,9
23247,9
49124,9
9740,9
24300,9
27948,9
36921,9
7428,9
412,9
15725,9
29765,9
38633,9
43156,9
9778,9
3902,9
18607,9
29531,9
9792,9
24590,9
2952,9
32462,9
33110,9
6032,9
46963,9
35812,9
4829,9
45482,9
41303,9
26290,9
34793,9
22903,9
25658,9
33121,9
20872,9
7375,9
42186,9
11603,9
28830,9
31108,9
7366,9
48828,9
44094,9
26039,9
35066,9
4849,9
39206,9
11911,9
30470,9
49538,9
14843,9
32673,9
43570,9
47490,9
3841,9
9903,9
24076,9
27134,9
9911,9
44050,9
41280,9
24277,9
34899,9
9918,9
27538,9
45532,9
6465,9
24851,9
38418,9
11147,9
27537,9
42229,9
13228,9
36947,9
11395,9
16402,9
15553,9
2975,9
2976,9
9971,9
37403,9
17497,9
28791,9
49684,9
19223,9
42256,9
39925,9
11887,9
21340,9
7278,9
13,9
24992,9
43186,9
44015,9
10007,9
2018,9
37399,9
37077,9
7265,9
10728,9
10013,9
45561,9
10021,9
42267,9
7254,9
27394,9
40875,9
27986,9
2981,9
31538,9
17589,9
11021,9
28305,9
25044,9
35480,9
22940,9
36963,9
15659,9
40932,9
20485,9
27995,9
18647,9
10072,9
32314,9
34447,9
36520,9
36158,9
24065,9
14938,9
46190,9
48629,9
43971,9
3760,9
28005,9
33618,9
47544,9
45605,9
17090,9
37296,9
11862,9
1054,9
18525,9
33170,9
4923,9
29587,9
47545,9
49650,9
10118,9
3356,9
13096,9
31385,9
36971,9
27518,9
15652,9
11661,9
41221,9
28013,9
33173,9
10149,9
1307,9
27391,9
24728,9
25287,9
46181,9
33610,9
25871,9
22953,9
10184,9
37202,9
32646,9
20177,9
48212,9
10198,9
20486,9
28393,9
7142,9
21685,9
19187,9
12226,9
20135,9
12190,9
22956,9
39213,9
46170,9
14982,9
27508,9
7124,9
18236,9
31711,9
27152,9
49088,9
36168,9
7109,9
11415,9
28033,9
43022,9
30200,9
28036,9
37370,9
29605,9
43233,9
18777,9
34399,9
12994,9
10276,9
42371,9
7078,9
26696,9
18227,9
33603,9
46081,9
38605,9
6323,9
15031,9
42377,9
17136,9
39044,9
10298,9
43030,9
30526,9
30193,9
31466,9
43837,9
21721,9
21812,9
25445,9
11803,9
12960,9
33296,9
42544,9
46867,9
28711,9
40357,9
33365,9
25046,9
24061,9
27492,9
22085,9
27491,9
7011,9
10368,9
21409,9
12928,9
22082,9
15066,9
12152,9
6176,9
27490,9
39258,9
39471,9
34925,9
17161,9
37321,9
1290,9
43791,9
43790,9
45729,9
42429,9
11546,9
11618,9
26930,9
42435,9
10432,9
45736,9
43043,9
43763,9
3620,9
10445,9
2624,9
5010,9
18213,9
28351,9
26137,9
10457,9
39231,9
12430,9
18754,9
12869,9
3602,9
29643,9
49444,9
49443,9
10486,9
6940,9
39716,9
18204,9
40823,9
28673,9
34719,9
43716,9
15611,9
43639,9
19371,9
6196,9
40827,9
3158,9
33423,9
39854,9
30804,9
28254,9
38005,9
2615,9
37024,9
10576,9
30679,9
11450,9
10590,9
39240,9
16288,9
25395,9
10596,9
6882,9
43661,9
35407,9
42917,9
22001,9
15189,9
41076,9
42799,9
6868,9
45785,9
39848,9
40438,9
25121,9
31910,9
18002,9
17232,9
39797,9
33226,9
11660,9
5253,9
23041,9
35117,9
17234,9
38109,9
20193,9
33227,9
28133,9
49619,9
6834,9
48975,9
35296,9
48983,9
24792,9
10624,9
6821,9
34770,9
3498,9
30835,9
35888,9
25182,9
28542,9
20262,9
16196,9
37116,9
43610,9
24228,9
18129,9
3488,9
17943,9
18738,9
48334,9
24335,9
38210,9
36190,9
2396,9
2402,9
39395,9
21958,9
18182,9
38038,9
39058,9
20669,9
38316,9
11726,9
2428,9
25073,9
12438,9
24047,9
6753,9
30810,9
3462,9
15583,9
5573,9
5601,9
40567,9
21559,9
26745,9
15957,9
20252,9
35111,9
40611,9
28178,9
12767,9
1551,9
15581,9
18559,9
15935,9
45852,9
5553,9
15295,9
23149,9
43478,9
20745,9
18130,9
10638,9
30832,9
26215,9
40617,9
3451,9
5686,9
16255,9
46037,9
5701,9
27273,9
49033,9
46423,9
11049,9
25063,9
32296,9
30156,9
6674,9
6672,9
28288,9
29985,9
2467,9
34705,9
36299,9
39480,9
29730,9
30116,9
23154,9
6653,9
31118,9
27416,9
16248,9
10935,9
26556,9
19655,9
29977,9
38363,9
42651,9
29733,9
29972,9
29839,9
37091,9
20516,9
38915,9
44984,9
43466,9
30318,9
41626,9
26705,9
25954,9
8289,9
24638,9
8287,9
44963,9
17394,9
32845,9
27049,9
44958,9
40870,9
8383,9
14231,9
21042,9
14217,9
11671,9
4435,9
26622,9
16678,9
17686,9
745,9
14203,9
29282,9
44915,9
20001,9
44913,9
32199,9
49228,9
25957,9
12611,9
32872,9
8234,9
43172,9
11584,9
1730,9
41684,9
17812,9
10846,9
19269,9
37597,9
18970,9
29215,9
48909,9
14322,9
23983,9
49268,9
32207,9
14169,9
21054,9
34603,9
1699,9
18929,9
40845,9
720,9
43173,9
42597,9
29188,9
799,9
30335,9
34932,9
29183,9
44852,9
24999,9
163,9
17486,9
3130,9
804,9
33329,9
44846,9
24537,9
38398,9
4542,9
14135,9
17891,9
8560,9
45078,9
27743,9
815,9
44832,9
25258,9
6590,9
18984,9
14116,9
12350,9
34176,9
3301,9
3203,9
26190,9
34810,9
27661,9
49214,9
22711,9
8621,9
5838,9
48743,9
27758,9
45111,9
14083,9
2765,9
8646,9
36645,9
14415,9
46767,9
11624,9
44770,9
14070,9
30350,9
23105,9
4330,9
19717,9
20146,9
25113,9
14053,9
24652,9
43458,9
830,9
8719,9
14040,9
44743,9
20405,9
29123,9
832,9
21097,9
39,9
17404,9
17667,9
35351,9
16573,9
27774,9
32936,9
41505,9
8010,9
38736,9
49311,9
15818,9
31176,9
29108,9
13986,9
37535,9
2047,8
2060,8
2061,8
48522,8
18133,8
37327,8
35874,8
43089,8
25175,8
24046,8
30932,8
2080,8
31994,8
18124,8
25174,8
22010,8
3005,8
38126,8
20172,8
24069,8
19680,8
24071,8
35454,8
19381,8
10687,8
30715,8
24085,8
17613,8
17625,8
31962,8
2911,8
2909,8
38059,8
12742,8
48484,8
48479,8
39585,8
39296,8
20159,8
17665,8
31941,8
48471,8
18107,8
31939,8
48053,8
34618,8
2788,8
25114,8
34322,8
17697,8
12038,8
2766,8
25151,8
30775,8
19521,8
26782,8
18084,8
24280,8
34332,8
39520,8
2681,8
35811,8
24158,8
30793,8
48147,8
33235,8
2650,8
39317,8
34375,8
48155,8
48439,8
2623,8
17792,8
24272,8
24173,8
38085,8
17809,8
2576,8
48201,8
24176,8
2195,8
2560,8
2553,8
2197,8
2546,8
39320,8
24266,8
25137,8
2206,8
2215,8
20069,8
48261,8
17893,8
2464,8
39333,8
48288,8
2441,8
48294,8
17913,8
2420,8
35789,8
48338,8
48342,8
26729,8
39387,8
48345,8
48349,8
49624,8
38101,8
38103,8
39373,8
2251,8
24237,8
24240,8
2259,8
31875,8
18008,8
48391,8
2276,8
42485,8
12809,8
28292,8
12810,8
10587,8
10582,8
43675,8
12022,8
21740,8
37191,8
28665,8
43217,8
43708,8
43054,8
28354,8
33426,8
38306,8
11445,8
42459,8
43747,8
43753,8
37015,8
43771,8
19214,8
10413,8
34860,8
10397,8
11430,8
42410,8
28701,8
43800,8
21728,8
25690,8
22094,8
28057,8
11990,8
42946,8
12971,8
28047,8
11981,8
43851,8
12221,8
33604,8
49452,8
28032,8
11828,8
10216,8
12230,8
11515,8
42337,8
10187,8
24926,8
28336,8
42328,8
42326,8
13071,8
28018,8
43926,8
28750,8
10136,8
10128,8
33171,8
43237,8
10099,8
42963,8
22152,8
10079,8
13123,8
10064,8
42965,8
10042,8
21353,8
44001,8
42266,8
33154,8
36958,8
9977,8
33146,8
28802,8
11932,8
9949,8
28317,8
25663,8
28806,8
9931,8
42984,8
9917,8
28414,8
11928,8
21318,8
11927,8
42977,8
13267,8
25660,8
13282,8
44093,8
9846,8
34848,8
33644,8
22216,8
9801,8
9798,8
37438,8
24718,8
9782,8
9768,8
409,8
44153,8
44155,8
13367,8
19780,8
44162,8
36917,8
27942,8
9683,8
13401,8
36909,8
21270,8
44190,8
34843,8
36903,8
31593,8
42131,8
25643,8
9622,8
437,8
42775,8
38654,8
44221,8
448,8
44231,8
42108,8
9562,8
9540,8
37263,8
44250,8
42094,8
49400,8
19150,8
44256,8
22291,8
474,8
13523,8
42060,8
12282,8
13552,8
19785,8
36863,8
9441,8
22319,8
44320,8
44321,8
9428,8
21217,8
21215,8
19131,8
9378,8
25622,8
36845,8
49389,8
42012,8
34833,8
510,8
25812,8
19795,8
28995,8
25614,8
19099,8
22404,8
21185,8
13704,8
9179,8
27849,8
564,8
29016,8
42765,8
19079,8
41937,8
9087,8
33727,8
13789,8
29042,8
31324,8
35366,8
38705,8
38587,8
596,8
313,8
38265,8
35553,8
8970,8
8957,8
44602,8
13859,8
8941,8
22503,8
35557,8
11291,8
26271,8
29083,8
32960,8
13916,8
11578,8
27798,8
32956,8
41822,8
24661,8
13970,8
32945,8
8793,8
32941,8
41794,8
8760,8
25568,8
21098,8
44735,8
14039,8
41773,8
14052,8
14056,8
43306,8
38746,8
8672,8
21084,8
26446,8
29147,8
41744,8
14091,8
27755,8
8610,8
8609,8
8601,8
8597,8
24796,8
32897,8
8537,8
27738,8
37567,8
27734,8
37568,8
8492,8
29200,8
38577,8
14170,8
19700,8
21052,8
22611,8
29218,8
25953,8
8445,8
14192,8
41667,8
8427,8
19270,8
44922,8
19830,8
29247,8
43145,8
11587,8
8355,8
44962,8
44973,8
44974,8
8327,8
773,8
29271,8
8280,8
21017,8
8273,8
25532,8
14310,8
791,8
45038,8
8170,8
8160,8
14363,8
29317,8
49218,8
14370,8
18921,8
22702,8
41546,8
32814,8
14387,8
8093,8
45102,8
19841,8
8082,8
41529,8
36642,8
14435,8
8046,8
8035,8
45162,8
14460,8
29358,8
41501,8
14472,8
7965,8
12359,8
27630,8
7945,8
7941,8
35039,8
20963,8
41481,8
45219,8
45222,8
12368,8
45233,8
22773,8
11206,8
14555,8
29396,8
28422,8
18892,8
28499,8
45244,8
26237,8
14581,8
34606,8
45266,8
32761,8
14591,8
25496,8
35049,8
269,8
19861,8
37633,8
18862,8
7730,8
22810,8
41422,8
45317,8
18853,8
41415,8
14663,8
924,8
41403,8
45331,8
14681,8
11496,8
49636,8
49155,8
7655,8
41393,8
14690,8
7642,8
49150,8
14707,8
22837,8
34500,8
7604,8
14713,8
22840,8
14714,8
954,8
7575,8
7572,8
41347,8
31234,8
38853,8
27566,8
45411,8
7525,8
7517,8
14758,8
35060,8
42717,8
7457,8
37667,8
7415,8
11601,8
45481,8
36544,8
20875,8
27545,8
7362,8
21569,8
1019,8
37177,8
7334,8
12110,8
7322,8
41266,8
20846,8
36530,8
45555,8
7276,8
41258,8
41253,8
41252,8
25042,8
11141,8
14921,8
26331,8
22942,8
45597,8
27523,8
26502,8
7195,8
22945,8
27520,8
7174,8
20825,8
7162,8
26507,8
7148,8
14975,8
12411,8
11491,8
45672,8
7081,8
7080,8
33902,8
27496,8
15039,8
43134,8
36502,8
1095,8
31203,8
15054,8
12105,8
7003,8
35087,8
45726,8
41154,8
12426,8
45740,8
28526,8
29638,8
6929,8
21887,8
6921,8
20787,8
6906,8
45758,8
43189,8
23019,8
15161,8
23033,8
6861,8
37117,8
1133,8
45820,8
6800,8
6792,8
36444,8
6759,8
15272,8
1147,8
18729,8
1152,8
32581,8
11095,8
12444,8
36432,8
29709,8
49041,8
28532,8
45857,8
12447,8
41011,8
6684,8
18717,8
34611,8
38208,8
27417,8
29729,8
103,8
45897,8
11085,8
32558,8
11084,8
40987,8
40984,8
38206,8
45904,8
19487,8
6588,8
42687,8
15393,8
21556,8
15403,8
20718,8
6537,8
6534,8
42683,8
33960,8
23119,8
200,8
45964,8
6461,8
36405,8
29776,8
42875,8
26537,8
37109,8
23132,8
32531,8
46001,8
6417,8
6415,8
40908,8
6404,8
15491,8
11635,8
46028,8
6379,8
21545,8
15509,8
6365,8
48982,8
25402,8
6339,8
164,8
46068,8
35114,8
36381,8
42670,8
46079,8
46080,8
19738,8
15565,8
6272,8
31456,8
6257,8
1275,8
36373,8
18640,8
37809,8
26541,8
28268,8
34674,8
6189,8
38971,8
20661,8
46158,8
27341,8
32484,8
6145,8
46174,8
34676,8
29882,8
29888,8
15676,8
20642,8
28183,8
40773,8
49537,8
29896,8
48958,8
46212,8
6049,8
46223,8
35645,8
46232,8
48951,8
34001,8
15729,8
37823,8
29906,8
6002,8
46263,8
11012,8
48947,8
21531,8
43448,8
5931,8
40697,8
29936,8
37298,8
1375,8
15826,8
15827,8
23298,8
28182,8
15834,8
49546,8
46367,8
37831,8
31752,8
12194,8
29971,8
27290,8
20605,8
18568,8
46414,8
1419,8
15910,8
46422,8
15922,8
48891,8
5667,8
30001,8
5664,8
35325,8
5628,8
40602,8
46477,8
46494,8
46495,8
5591,8
32370,8
5577,8
24468,8
38487,8
37095,8
35654,8
34455,8
25343,8
5540,8
37236,8
5527,8
5519,8
5511,8
36251,8
46549,8
40527,8
48853,8
30050,8
1478,8
1479,8
5444,8
16064,8
40517,8
27222,8
16077,8
5417,8
5413,8
31390,8
23402,8
27215,8
16112,8
16121,8
30080,8
31107,8
37872,8
5345,8
42642,8
28561,8
28562,8
30090,8
5305,8
16153,8
23435,8
19498,8
19413,8
16176,8
46705,8
34087,8
1532,8
5208,8
10930,8
32317,8
37882,8
23463,8
30131,8
16222,8
23469,8
16225,8
1544,8
23476,8
16243,8
37884,8
26580,8
23482,8
31775,8
16264,8
34579,8
25076,8
5057,8
18486,8
16286,8
46832,8
34100,8
38352,8
24423,8
4999,8
23515,8
36169,8
46879,8
23523,8
16352,8
37894,8
38385,8
40321,8
36163,8
35189,8
4911,8
23542,8
30213,8
4882,8
27136,8
4867,8
4864,8
33532,8
32252,8
19618,8
46947,8
1615,8
30234,8
4805,8
40265,8
1622,8
40258,8
32234,8
10882,8
4768,8
47002,8
4747,8
48770,8
34131,8
4702,8
39086,8
27106,8
39088,8
30264,8
10870,8
1651,8
27097,8
27095,8
40205,8
1656,8
34142,8
39103,8
19608,8
1684,8
16592,8
40187,8
33536,8
31053,8
48738,8
25264,8
4529,8
39135,8
16606,8
27074,8
4502,8
12613,8
37918,8
47172,8
32196,8
39145,8
1717,8
47190,8
47200,8
4409,8
16701,8
16708,8
35316,8
27034,8
40109,8
40107,8
36083,8
4336,8
30351,8
4315,8
26109,8
37932,8
1761,8
1765,8
24934,8
16761,8
23692,8
4271,8
47285,8
35314,8
4244,8
4239,8
23708,8
25251,8
36067,8
16821,8
4184,8
1802,8
47320,8
4150,8
47338,8
26112,8
16858,8
16865,8
39193,8
37073,8
20369,8
16889,8
4074,8
28388,8
40018,8
34201,8
36037,8
4038,8
10800,8
23771,8
32136,8
28150,8
47410,8
43562,8
26653,8
23788,8
26275,8
16964,8
3911,8
16999,8
39948,8
11682,8
17026,8
23828,8
30472,8
39937,8
39934,8
17065,8
18248,8
6,8
43573,8
23849,8
10774,8
3757,8
20318,8
3736,8
17106,8
1912,8
47567,8
24350,8
34231,8
12687,8
1927,8
23872,8
23875,8
10760,8
32089,8
3650,8
17184,8
47635,8
24344,8
31415,8
34245,8
39860,8
17210,8
3564,8
17211,8
25201,8
3552,8
20278,8
47679,8
17220,8
3536,8
26913,8
18197,8
26681,8
38442,8
12056,8
23942,8
39817,8
17290,8
17291,8
3453,8
31841,8
32048,8
26685,8
23954,8
3428,8
38131,8
30603,8
17327,8
3368,8
39753,8
18158,8
19563,8
26868,8
3287,8
21476,8
31849,8
35895,8
47828,8
30644,8
34709,8
12725,8
20210,8
20203,8
35299,8
43604,8
47857,8
25185,8
39691,8
47864,8
35885,8
3173,8
41379,7
38458,7
619,7
46761,7
22488,7
26225,7
41384,7
265,7
11296,7
31313,7
40369,7
17755,7
8984,7
34698,7
8985,7
25253,7
8991,7
29050,7
41893,7
22473,7
41894,7
39573,7
45358,7
19916,7
7654,7
6542,7
49669,7
47302,7
371,7
314,7
32162,7
6545,7
18759,7
25924,7
9035,7
48029,7
26847,7
27114,7
19868,7
35463,7
39755,7
41918,7
11051,7
44555,7
6973,7
45939,7
32737,7
9057,7
44551,7
41926,7
34994,7
12298,7
34877,7
7703,7
43149,7
41931,7
41934,7
22016,7
45320,7
1528,7
31620,7
44520,7
45732,7
3284,7
34505,7
21755,7
1805,7
12294,7
7720,7
37907,7
25033,7
45730,7
40964,7
16835,7
35526,7
16836,7
9143,7
19771,7
6376,7
27593,7
16510,7
16841,7
18513,7
6207,7
41440,7
31063,7
41156,7
17406,7
34831,7
16318,7
13699,7
32758,7
6572,7
909,7
9193,7
9195,7
20681,7
11658,7
35082,7
30100,7
5261,7
1101,7
44448,7
29425,7
12749,7
13683,7
27384,7
5142,7
19103,7
7033,7
34544,7
35717,7
533,7
16331,7
6580,7
7797,7
49180,7
36834,7
7036,7
19117,7
24700,7
3194,7
20160,7
40030,7
40971,7
19856,7
49382,7
13638,7
7820,7
42017,7
34406,7
19120,7
42020,7
9325,7
47359,7
23590,7
5222,7
49512,7
41449,7
23739,7
11326,7
9333,7
22352,7
30421,7
18282,7
4092,7
45921,7
31014,7
32146,7
32278,7
36415,7
17337,7
6301,7
13615,7
13612,7
40221,7
23097,7
45695,7
32769,7
7843,7
47053,7
21954,7
32040,7
19434,7
328,7
42541,7
44357,7
37627,7
7852,7
7858,7
2873,7
34132,7
22331,7
13585,7
871,7
48660,7
13583,7
31856,7
34885,7
16905,7
16533,7
30431,7
21221,7
27615,7
43412,7
16340,7
868,7
12142,7
13571,7
4048,7
30432,7
11338,7
42047,7
7880,7
9453,7
23599,7
20455,7
4040,7
2895,7
1085,7
18495,7
7074,7
11530,7
5289,7
10865,7
6622,7
9481,7
11474,7
15018,7
34840,7
22300,7
33685,7
9491,7
4024,7
19142,7
864,7
48830,7
31598,7
40000,7
4959,7
23773,7
32223,7
31494,7
7094,7
25635,7
34084,7
40206,7
4010,7
25149,7
461,7
19715,7
18274,7
44252,7
11083,7
26008,7
33066,7
16923,7
35397,7
47819,7
26991,7
29379,7
4953,7
44244,7
42096,7
40204,7
49402,7
38282,7
24733,7
42099,7
47746,7
3987,7
11591,7
3985,7
12267,7
32323,7
23610,7
30613,7
41190,7
7102,7
37893,7
22964,7
42113,7
21259,7
34972,7
12360,7
42116,7
851,7
35253,7
30282,7
31209,7
11214,7
16360,7
35037,7
41194,7
44211,7
45178,7
26153,7
44208,7
16947,7
17618,7
6640,7
44207,7
40327,7
10792,7
21988,7
1857,7
11360,7
45175,7
19232,7
45174,7
36119,7
34665,7
3945,7
43198,7
25646,7
38645,7
31168,7
9664,7
9665,7
13405,7
21790,7
4604,7
15345,7
23528,7
24546,7
41504,7
4599,7
1072,7
21279,7
49419,7
29354,7
39686,7
40195,7
28247,7
31211,7
20450,7
9735,7
413,7
27947,7
13362,7
36925,7
18910,7
6303,7
34911,7
39970,7
9758,7
30637,7
21861,7
43137,7
14451,7
49210,7
31503,7
25964,7
32213,7
36008,7
29724,7
37087,7
2736,7
35228,7
44132,7
12245,7
11086,7
33650,7
23813,7
45627,7
42173,7
9802,7
14438,7
3889,7
21772,7
15330,7
42178,7
1173,7
25656,7
44114,7
37909,7
26123,7
24169,7
37772,7
11378,7
30096,7
3257,7
9843,7
40320,7
42199,7
12603,7
45609,7
20982,7
13281,7
17422,7
35260,7
42200,7
822,7
30158,7
45101,7
11910,7
36518,7
8094,7
45876,7
9888,7
29585,7
11527,7
28447,7
39939,7
9891,7
183,7
28251,7
38055,7
21857,7
35987,7
13258,7
37786,7
34852,7
12353,7
19722,7
3394,7
13254,7
44052,7
14934,7
11697,7
18920,7
9920,7
45859,7
9921,7
16156,7
18258,7
34856,7
32514,7
44040,7
19278,7
20331,7
38907,7
11690,7
11893,7
3823,7
12553,7
37404,7
35197,7
11931,7
24722,7
45858,7
10778,7
21337,7
22177,7
3813,7
30301,7
6421,7
42970,7
27983,7
47517,7
20992,7
18251,7
3328,7
21893,7
9991,7
11886,7
31072,7
7231,7
9999,7
42994,7
10002,7
8152,7
13185,7
3794,7
47530,7
18925,7
49657,7
47128,7
14359,7
45068,7
2600,7
26794,7
39919,7
20707,7
49042,7
31929,7
12568,7
16392,7
23845,7
12236,7
45060,7
24793,7
10051,7
11400,7
10056,7
30929,7
33965,7
37601,7
34708,7
8183,7
30691,7
10773,7
1698,7
18728,7
32034,7
37308,7
37390,7
22147,7
11620,7
12177,7
12609,7
37697,7
11952,7
27682,7
21007,7
43947,7
8210,7
1899,7
17428,7
8211,7
49455,7
32504,7
8215,7
37210,7
8218,7
11963,7
3741,7
29296,7
19606,7
29294,7
17387,7
18136,7
35459,7
41251,7
48218,7
18795,7
10196,7
35576,7
41031,7
22926,7
3014,7
10843,7
8243,7
43898,7
30689,7
10217,7
10219,7
29283,7
3719,7
37373,7
43887,7
22110,7
10242,7
42361,7
18235,7
37690,7
10244,7
18493,7
13013,7
28141,7
22682,7
39902,7
34859,7
17121,7
11820,7
15270,7
10264,7
26523,7
11608,7
43855,7
41262,7
30521,7
28440,7
12990,7
3692,7
49449,7
37898,7
36661,7
10766,7
22670,7
10295,7
47859,7
772,7
2605,7
42378,7
8304,7
21682,7
25040,7
43836,7
1996,7
28297,7
46098,7
27393,7
39893,7
40933,7
21028,7
10323,7
11711,7
28253,7
19834,7
43824,7
43228,7
22092,7
34290,7
43813,7
7319,7
44977,7
16653,7
10353,7
27195,7
10361,7
19576,7
10362,7
15259,7
49246,7
39717,7
37879,7
23963,7
14857,7
47173,7
16412,7
12926,7
28700,7
10382,7
42519,7
11793,7
22072,7
33203,7
41638,7
33393,7
42422,7
24636,7
12153,7
3633,7
21731,7
8337,7
6784,7
2626,7
4454,7
35709,7
10417,7
43779,7
33582,7
18946,7
11545,7
10443,7
42448,7
43761,7
33577,7
49568,7
8361,7
21434,7
47181,7
48601,7
10454,7
10459,7
27446,7
39263,7
30684,7
43751,7
7336,7
19879,7
47637,7
38320,7
45516,7
15449,7
46943,7
32077,7
25173,7
19388,7
14234,7
40293,7
46119,7
47647,7
17192,7
11769,7
42466,7
23899,7
11664,7
14215,7
31984,7
16267,7
750,7
39865,7
12840,7
10750,7
47880,7
43702,7
12835,7
43055,7
14214,7
236,7
26141,7
3572,7
3571,7
7355,7
25426,7
22637,7
20133,7
30969,7
20187,7
1137,7
14198,7
22047,7
31393,7
26455,7
20209,7
26590,7
18962,7
42923,7
42552,7
7357,7
41681,7
46825,7
11735,7
22907,7
5293,7
3054,7
35016,7
30602,7
28650,7
29207,7
42487,7
10604,7
36704,7
49056,7
8482,7
31703,7
43652,7
4412,7
44881,7
29539,7
38338,7
24121,7
2266,7
3530,7
30331,7
38130,7
47689,7
24246,7
12329,7
48389,7
1010,7
39843,7
22904,7
34634,7
715,7
32061,7
24972,7
2296,7
39347,7
11531,7
29187,7
26295,7
27130,7
2307,7
21654,7
32183,7
2324,7
7392,7
17978,7
35770,7
17975,7
3086,7
38771,7
29534,7
20083,7
10627,7
2248,7
17254,7
30128,7
49643,7
38899,7
28641,7
8533,7
14138,7
35373,7
47855,7
28640,7
42596,7
2384,7
25297,7
39466,7
48330,7
40938,7
16438,7
37925,7
48410,7
2401,7
39340,7
29177,7
33882,7
2423,7
48418,7
43592,7
26335,7
47715,7
3089,7
16705,7
36453,7
20224,7
2794,7
2440,7
39412,7
2445,7
32050,7
26744,7
12141,7
11268,7
5583,7
40575,7
41059,7
20582,7
4370,7
30023,7
30667,7
37759,7
17895,7
40569,7
4368,7
2798,7
3150,7
48279,7
15971,7
36279,7
3403,7
1441,7
15963,7
25846,7
11272,7
5562,7
44804,7
23344,7
39164,7
31223,7
19490,7
5650,7
41070,7
5651,7
12755,7
31520,7
20882,7
18560,7
24200,7
35141,7
30037,7
43520,7
40563,7
16719,7
38759,7
4353,7
1453,7
48267,7
29997,7
20592,7
36296,7
29146,7
46523,7
15203,7
46420,7
11480,7
45975,7
36298,7
2804,7
23365,7
17883,7
1413,7
23318,7
29981,7
18995,7
5749,7
5521,7
32910,7
2485,7
10988,7
37043,7
19694,7
5515,7
12172,7
32362,7
5765,7
1260,7
16723,7
16724,7
27765,7
8673,7
40649,7
5784,7
5504,7
18574,7
4340,7
687,7
6487,7
6866,7
39673,7
48054,7
15854,7
20565,7
44767,7
46366,7
46365,7
18335,7
24258,7
41318,7
34462,7
12540,7
44763,7
51,7
1259,7
49295,7
5815,7
27296,7
6875,7
15836,7
8701,7
5830,7
28265,7
4327,7
48213,7
48912,7
10961,7
35283,7
37090,7
4325,7
10996,7
38181,7
31137,7
5842,7
27032,7
8704,7
26020,7
16051,7
8706,7
39007,7
23160,7
26107,7
31138,7
15817,7
15432,7
15517,7
14049,7
25358,7
48920,7
3303,7
23677,7
47255,7
15430,7
3106,7
24192,7
5443,7
20058,7
6900,7
2501,7
49526,7
46580,7
15149,7
11166,7
44736,7
15147,7
31863,7
39045,7
18592,7
20625,7
46300,7
4303,7
34571,7
5921,7
46296,7
40695,7
42657,7
34681,7
5952,7
30920,7
14008,7
220,7
2207,7
32450,7
29918,7
15771,7
14772,7
12088,7
22540,7
29119,7
35471,7
31413,7
5972,7
46599,7
34616,7
39775,7
5986,7
20893,7
3299,7
23014,7
35592,7
1339,7
35125,7
33332,7
46241,7
20714,7
43521,7
24494,7
12311,7
24498,7
15715,7
36237,7
18324,7
647,7
39175,7
6039,7
6045,7
23690,7
16758,7
19941,7
19874,7
227,7
16110,7
11170,7
16111,7
27397,7
30628,7
42720,7
16762,7
30115,7
1256,7
21967,7
1255,7
24667,7
6084,7
25373,7
19331,7
17674,7
22861,7
8870,7
40784,7
2068,7
38724,7
18619,7
36754,7
2662,7
32970,7
40799,7
8894,7
25047,7
46644,7
5348,7
12543,7
16770,7
41856,7
43114,7
28471,7
6112,7
26380,7
27338,7
6130,7
41859,7
46177,7
40482,7
46848,7
44633,7
7540,7
41343,7
36354,7
15631,7
27021,7
964,7
6165,7
46658,7
6168,7
17857,7
26543,7
8921,7
26311,7
6170,7
47733,7
8925,7
11028,7
17767,7
34613,7
33874,7
38195,7
11627,7
26175,7
12501,7
30184,7
33908,7
1510,7
40828,7
22836,7
23151,7
44617,7
31540,7
41876,7
11654,6
46130,6
31104,6
16160,6
38367,6
25390,6
16161,6
24445,6
23187,6
37808,6
40842,6
46102,6
6259,6
15574,6
1271,6
15571,6
23442,6
20,6
32332,6
46086,6
42673,6
34085,6
46702,6
48233,6
11044,6
37801,6
26886,6
5249,6
6330,6
40876,6
48980,6
15533,6
25401,6
34870,6
15501,6
5227,6
6382,6
5225,6
46019,6
11055,6
5219,6
38950,6
6392,6
27385,6
5213,6
18668,6
6413,6
34273,6
20108,6
40432,6
6445,6
31169,6
6451,6
29771,6
31407,6
45978,6
46745,6
15434,6
40423,6
23467,6
5174,6
18504,6
40950,6
23468,6
24879,6
28124,6
42870,6
1209,6
31098,6
45935,6
35621,6
38923,6
23111,6
15387,6
39056,6
6577,6
2554,6
15385,6
36417,6
25051,6
49015,6
27409,6
42628,6
23091,6
10649,6
32559,6
6657,6
2196,6
23084,6
5107,6
41000,6
6696,6
1163,6
18723,6
38904,6
15292,6
45847,6
36191,6
46801,6
6775,6
25139,6
16263,6
6776,6
33932,6
48209,6
48202,6
36445,6
20755,6
19299,6
6804,6
6812,6
45811,6
32590,6
31905,6
49660,6
29670,6
38023,6
37758,6
24856,6
20766,6
18062,6
38375,6
49059,6
25432,6
26019,6
33921,6
23018,6
6914,6
17808,6
36477,6
15135,6
15127,6
38897,6
24424,6
40370,6
31906,6
38894,6
34478,6
12570,6
15099,6
46854,6
15098,6
41143,6
43393,6
21561,6
31202,6
10910,6
16310,6
11459,6
19410,6
22996,6
20798,6
34647,6
37240,6
11124,6
18167,6
7016,6
18771,6
45708,6
27493,6
45706,6
41175,6
48796,6
49081,6
12414,6
28524,6
33904,6
48564,6
15027,6
7073,6
16346,6
15020,6
34880,6
23521,6
7097,6
20237,6
30608,6
15002,6
1590,6
1075,6
41205,6
19891,6
38163,6
7154,6
45631,6
7161,6
49094,6
2591,6
7193,6
4922,6
35747,6
7201,6
7204,6
26004,6
17345,6
4910,6
7219,6
24898,6
34113,6
14932,6
45595,6
32661,6
37700,6
7233,6
36521,6
18794,6
2603,6
35598,6
29570,6
29568,6
22931,6
38501,6
41260,6
43203,6
16401,6
1026,6
18454,6
36536,6
14866,6
25039,6
36539,6
14860,6
2606,6
4863,6
4861,6
23552,6
25993,6
39763,6
49117,6
4850,6
24164,6
39074,6
45507,6
4841,6
38864,6
19344,6
36151,6
45486,6
14821,6
17776,6
14810,6
36546,6
4822,6
7418,6
24592,6
7432,6
4816,6
33879,6
1619,6
7439,6
35062,6
26212,6
29513,6
23972,6
7448,6
49127,6
4801,6
30239,6
31226,6
32692,6
34491,6
28282,6
22877,6
3357,6
48149,6
1624,6
29497,6
11167,6
25479,6
26770,6
7498,6
1627,6
31230,6
32698,6
974,6
10660,6
23974,6
34797,6
31690,6
22847,6
950,6
7611,6
37902,6
11181,6
28212,6
10879,6
25749,6
26774,6
936,6
33866,6
32728,6
37271,6
34645,6
14676,6
31548,6
45324,6
4728,6
45319,6
7724,6
379,6
27111,6
37636,6
268,6
14614,6
7752,6
4709,6
26478,6
27604,6
29431,6
32759,6
35046,6
2690,6
30261,6
14598,6
7792,6
28502,6
33533,6
34510,6
25498,6
23591,6
19848,6
4682,6
14574,6
23976,6
48122,6
17488,6
19471,6
7844,6
876,6
28586,6
16534,6
7873,6
17369,6
14546,6
16543,6
41467,6
14532,6
36614,6
40207,6
25501,6
10663,6
1655,6
45214,6
29386,6
39523,6
28497,6
33851,6
29375,6
14489,6
1657,6
2721,6
25505,6
30281,6
27633,6
1662,6
3335,6
19988,6
24409,6
4611,6
7983,6
25966,6
12185,6
26601,6
843,6
25514,6
8003,6
32797,6
29351,6
24625,6
31666,6
42727,6
4581,6
14431,6
8051,6
29338,6
45122,6
825,6
24134,6
14411,6
20981,6
39120,6
47106,6
29332,6
14391,6
30300,6
26160,6
3331,6
38792,6
40184,6
43537,6
24626,6
17380,6
31658,6
29322,6
39309,6
14368,6
29320,6
8148,6
30302,6
22697,6
8165,6
4528,6
2025,6
19838,6
33822,6
33820,6
28484,6
21004,6
49498,6
48729,6
8232,6
41599,6
11235,6
35446,6
10844,6
45020,6
8249,6
45012,6
21587,6
41612,6
47150,6
14288,6
32849,6
770,6
49244,6
47160,6
8316,6
41631,6
27058,6
42524,6
44976,6
21030,6
17692,6
761,6
38030,6
16666,6
36667,6
3317,6
29253,6
44956,6
14245,6
14244,6
11246,6
47186,6
30760,6
16673,6
35023,6
14232,6
22645,6
14213,6
21044,6
39151,6
289,6
24745,6
41672,6
4424,6
39154,6
2789,6
44894,6
32882,6
1733,6
4413,6
47203,6
4407,6
30333,6
8508,6
4403,6
32186,6
19267,6
38776,6
21058,6
32180,6
21060,6
41707,6
10832,6
8545,6
4384,6
18344,6
8546,6
4381,6
8550,6
14137,6
21069,6
8602,6
38761,6
44806,6
10828,6
8624,6
44794,6
14082,6
29148,6
44778,6
8657,6
4346,6
32914,6
35718,6
39169,6
19817,6
41762,6
1753,6
39304,6
18330,6
4320,6
14051,6
32922,6
29128,6
31300,6
19009,6
25019,6
32928,6
40099,6
37540,6
44727,6
43623,6
29114,6
8778,6
39173,6
44715,6
41816,6
13965,6
34661,6
10705,6
37532,6
41838,6
39568,6
44675,6
19668,6
36751,6
18320,6
39572,6
43299,6
8901,6
13886,6
16778,6
44630,6
31943,6
1781,6
29068,6
31024,6
175,6
32025,6
22493,6
23702,6
28417,6
48033,6
36767,6
13863,6
32166,6
37139,6
16800,6
41884,6
8978,6
8983,6
36072,6
4215,6
19060,6
27813,6
16810,6
2844,6
13812,6
25716,6
49343,6
38449,6
42590,6
43296,6
47311,6
13792,6
40061,6
23721,6
35452,6
41936,6
9097,6
47319,6
9110,6
49467,6
21594,6
13752,6
47326,6
44503,6
41944,6
13734,6
21173,6
25607,6
561,6
44483,6
13714,6
26414,6
44469,6
18295,6
9191,6
19387,6
37495,6
20222,6
13691,6
24110,6
13685,6
13684,6
44450,6
47349,6
44445,6
47351,6
11320,6
27863,6
19107,6
22379,6
9281,6
36828,6
37313,6
38592,6
31600,6
19119,6
24705,6
42021,6
25620,6
3277,6
9330,6
9335,6
42022,6
11573,6
42027,6
11508,6
4082,6
30739,6
12646,6
34198,6
13611,6
44358,6
9377,6
48475,6
25184,6
42036,6
11333,6
24736,6
42041,6
20363,6
34204,6
40006,6
27894,6
42044,6
33341,6
9443,6
36038,6
44307,6
17635,6
31364,6
9469,6
35265,6
19139,6
27906,6
475,6
30724,6
21239,6
35856,6
36879,6
9511,6
16919,6
31368,6
26815,6
22287,6
9516,6
13498,6
44253,6
31965,6
47411,6
32132,6
36889,6
39998,6
27919,6
21254,6
3986,6
9563,6
43270,6
18273,6
33077,6
44228,6
34206,6
26121,6
44222,6
34207,6
13445,6
49580,6
13442,6
19159,6
12262,6
42839,6
13434,6
9625,6
30452,6
9632,6
33482,6
16952,6
13421,6
35222,6
44195,6
13412,6
9682,6
10686,6
9688,6
34918,6
36915,6
21636,6
42150,6
33659,6
423,6
21779,6
9733,6
26655,6
13355,6
36015,6
13348,6
1867,6
13347,6
44141,6
3904,6
31379,6
13341,6
24367,6
18262,6
27955,6
13325,6
16984,6
30462,6
38627,6
11920,6
9823,6
42978,6
11916,6
27969,6
11558,6
35705,6
26967,6
30468,6
19225,6
28822,6
11922,6
44067,6
20043,6
11924,6
2940,6
44063,6
42982,6
17036,6
9898,6
3842,6
10689,6
9915,6
33137,6
39932,6
30998,6
28807,6
9950,6
13215,6
17048,6
11393,6
13207,6
36951,6
44026,6
11890,6
33149,6
32118,6
13189,6
24074,6
9998,6
1893,6
13183,6
3135,6
39920,6
33155,6
34917,6
11940,6
42271,6
44005,6
2093,6
23843,6
3781,6
42276,6
35236,6
35237,6
21365,6
11873,6
10073,6
10074,6
345,6
10086,6
22146,6
18121,6
25874,6
10113,6
21494,6
28010,6
13095,6
28747,6
34626,6
11854,6
28739,6
11841,6
35308,6
17102,6
24351,6
13054,6
10188,6
43906,6
23860,6
10200,6
11971,6
10211,6
11976,6
30930,6
18122,6
10253,6
38604,6
22103,6
32092,6
43025,6
10284,6
10287,6
17133,6
47834,6
43843,6
10304,6
39894,6
11806,6
21994,6
47593,6
12966,6
33188,6
24060,6
11691,6
17561,6
19215,6
357,6
3026,6
12158,6
28063,6
47837,6
25789,6
28702,6
28069,6
32087,6
43034,6
37356,6
37010,6
33375,6
10412,6
11997,6
37155,6
37224,6
33369,6
37061,6
26678,6
28679,6
43745,6
12867,6
135,6
12213,6
43051,6
37346,6
23893,6
11771,6
39866,6
42554,6
3225,6
43710,6
22052,6
12833,6
32073,6
42925,6
25799,6
11754,6
43685,6
47840,6
3167,6
37023,6
39851,6
10550,6
21444,6
33221,6
12043,6
24790,6
3549,6
10594,6
34251,6
17543,6
34936,6
39666,6
10610,6
37034,6
28271,6
2267,6
30888,6
26912,6
38507,6
20201,6
24314,6
17228,6
35941,6
2287,6
2293,6
26722,6
35248,6
2303,6
42539,6
37189,6
26724,6
21478,6
2331,6
18017,6
17961,6
17452,6
2347,6
48354,6
2355,6
19687,6
38099,6
47708,6
35930,6
17941,6
20091,6
47711,6
30862,6
20071,6
39405,6
35288,6
34354,6
32054,6
48300,6
2448,6
15977,6
24470,6
10636,6
10708,6
1444,6
18549,6
15970,6
21934,6
27255,6
5561,6
23343,6
5644,6
19414,6
2461,6
34038,6
20576,6
43477,6
36293,6
23332,6
25737,6
24042,6
15916,6
15909,6
16005,6
25351,6
29979,6
19651,6
39810,6
31132,6
40551,6
34021,6
34020,6
20568,6
16028,6
5500,6
40651,6
43468,6
23381,6
34017,6
16039,6
38333,6
15849,6
46360,6
27232,6
35876,6
1470,6
39254,6
23299,6
15824,6
1384,6
16050,6
29946,6
11649,6
42645,6
15815,6
36309,6
46328,6
32046,6
46322,6
5887,6
39003,6
31750,6
32425,6
5901,6
39439,6
26057,6
35409,6
18591,6
37829,6
18593,6
46583,6
43449,6
48252,6
42545,6
16088,6
43646,6
23261,6
31896,6
5990,6
29909,6
16095,6
25369,6
15730,6
46234,6
33455,6
37821,6
225,6
6038,6
26072,6
46220,6
3199,6
5376,6
26545,6
17860,6
18617,6
33293,6
30074,6
15690,6
33993,6
26074,6
48575,6
15681,6
46197,6
31476,6
46196,6
2069,6
15667,6
40796,6
26051,6
46186,6
48242,6
23235,6
30837,6
30083,6
37814,6
21942,6
1300,6
46165,6
1296,6
6147,6
11026,6
18522,6
11653,6
35920,6
46153,6
19936,6
46675,6
46679,6
15609,6
29856,6
10733,6
48838,6
18517,6
30092,6
17852,6
32491,6
5762,5
49432,5
25815,5
33390,5
28260,5
12198,5
11468,5
11431,5
42788,5
384,5
11388,5
37150,5
28452,5
11346,5
34919,5
11329,5
11321,5
43285,5
28231,5
21843,5
43313,5
43317,5
12337,5
42740,5
11216,5
11205,5
21864,5
37129,5
12407,5
11142,5
33306,5
11133,5
43384,5
42705,5
43397,5
43401,5
12436,5
12470,5
11041,5
42663,5
43439,5
43462,5
37100,5
42649,5
10942,5
10940,5
10922,5
21969,5
28162,5
25725,5
35488,5
33542,5
10825,5
21989,5
33546,5
12676,5
12691,5
37062,5
12695,5
12724,5
21474,5
43605,5
28121,5
12753,5
19210,5
37048,5
12769,5
28644,5
28107,5
33570,5
25855,5
43660,5
10592,5
37025,5
10543,5
43701,5
43709,5
12842,5
10496,5
43730,5
22059,5
28677,5
12868,5
10464,5
10452,5
10449,5
10440,5
10434,5
33581,5
21431,5
21430,5
21418,5
12915,5
37360,5
33585,5
33197,5
28070,5
28705,5
12934,5
43823,5
33191,5
22096,5
28714,5
12970,5
28049,5
28042,5
28724,5
33183,5
10233,5
10229,5
21383,5
10223,5
22118,5
28029,5
10203,5
13041,5
42335,5
33179,5
13084,5
10119,5
33169,5
33165,5
22158,5
43996,5
42279,5
13151,5
10019,5
21339,5
42246,5
9958,5
34961,5
13229,5
9925,5
9923,5
21319,5
44049,5
9902,5
42212,5
13262,5
44078,5
27972,5
22200,5
22201,5
36937,5
22205,5
21306,5
13317,5
28852,5
44131,5
9775,5
44145,5
9731,5
9728,5
9723,5
27943,5
36916,5
44179,5
42143,5
33663,5
33094,5
44196,5
22248,5
13422,5
19234,5
44206,5
22254,5
13433,5
9611,5
13436,5
22264,5
9586,5
13469,5
13473,5
36891,5
33069,5
42095,5
9527,5
21236,5
34979,5
27908,5
21231,5
13546,5
42055,5
25628,5
21226,5
13568,5
44330,5
36859,5
34837,5
9398,5
13594,5
42039,5
9386,5
22341,5
22344,5
27882,5
9338,5
33703,5
9320,5
27870,5
9293,5
9253,5
22388,5
36823,5
27856,5
13705,5
9160,5
44490,5
21172,5
21171,5
13738,5
13750,5
44505,5
9125,5
44519,5
13778,5
44535,5
44537,5
13788,5
44543,5
29039,5
22461,5
44556,5
22464,5
41895,5
27810,5
36778,5
312,5
27807,5
8931,5
8906,5
21130,5
32969,5
8874,5
44658,5
41848,5
13930,5
27785,5
8820,5
24912,5
29100,5
21113,5
29120,5
35009,5
8738,5
8705,5
8698,5
31428,5
8636,5
14099,5
44802,5
44805,5
22575,5
33769,5
8595,5
32899,5
44822,5
44826,5
19755,5
41723,5
29173,5
49472,5
22596,5
8541,5
22601,5
29190,5
8495,5
24743,5
36700,5
8455,5
29219,5
22618,5
14210,5
14219,5
14224,5
8389,5
8388,5
8378,5
36671,5
8354,5
14250,5
14264,5
41627,5
36657,5
32847,5
37587,5
14301,5
8241,5
14308,5
19273,5
14323,5
45044,5
29300,5
45085,5
8122,5
8114,5
8108,5
41538,5
14388,5
8084,5
32808,5
14412,5
45127,5
14440,5
45140,5
32800,5
25516,5
45170,5
29364,5
14475,5
14478,5
14487,5
7942,5
45206,5
7915,5
29384,5
41465,5
45236,5
41460,5
32774,5
7846,5
7822,5
7814,5
41444,5
14597,5
45278,5
151,5
22804,5
7750,5
27594,5
41431,5
7732,5
7710,5
22816,5
7689,5
7670,5
27583,5
41386,5
7637,5
32720,5
24779,5
45373,5
29468,5
41368,5
14731,5
7566,5
45399,5
29481,5
14749,5
14752,5
14755,5
36567,5
7507,5
27560,5
22871,5
14767,5
7488,5
7486,5
27559,5
29504,5
7465,5
45457,5
45470,5
22896,5
37670,5
29533,5
7374,5
14830,5
14831,5
45501,5
14834,5
32678,5
45514,5
45518,5
14854,5
29550,5
22919,5
37679,5
37684,5
29559,5
45557,5
41256,5
45567,5
14930,5
45602,5
7182,5
14956,5
14968,5
29595,5
7137,5
25454,5
14995,5
36504,5
45684,5
15032,5
41181,5
20806,5
32620,5
7023,5
41160,5
36497,5
7005,5
7000,5
41157,5
6977,5
27487,5
15089,5
33906,5
20792,5
249,5
6941,5
45746,5
41122,5
29653,5
6883,5
6836,5
6832,5
6830,5
45809,5
41049,5
45818,5
6783,5
27438,5
6762,5
33933,5
6755,5
6752,5
23068,5
37770,5
23073,5
6728,5
6717,5
27426,5
6706,5
41012,5
41001,5
15331,5
15334,5
19746,5
40988,5
27412,5
20731,5
20726,5
32554,5
29738,5
32552,5
15375,5
45922,5
23104,5
49632,5
6561,5
6560,5
6551,5
15401,5
6546,5
6525,5
36408,5
45949,5
6509,5
6504,5
6495,5
15447,5
29773,5
45993,5
15461,5
6428,5
6426,5
29788,5
15494,5
37793,5
32522,5
29796,5
35438,5
36387,5
46040,5
26044,5
46071,5
15538,5
23167,5
6308,5
15548,5
37802,5
32510,5
6293,5
6285,5
6266,5
40843,5
6237,5
15593,5
36369,5
29850,5
20663,5
6208,5
6200,5
46154,5
40814,5
15628,5
36355,5
23221,5
32481,5
15645,5
15651,5
37815,5
15670,5
6078,5
29895,5
6060,5
27322,5
27318,5
15748,5
40717,5
46264,5
29914,5
24767,5
46269,5
5956,5
46276,5
5948,5
32444,5
5940,5
5935,5
15787,5
15797,5
25361,5
32421,5
46340,5
15828,5
29951,5
15833,5
23301,5
15856,5
32409,5
15865,5
32408,5
38323,5
15890,5
5751,5
15894,5
46401,5
40639,5
46407,5
5704,5
40626,5
36295,5
23335,5
5675,5
5669,5
15932,5
46450,5
5662,5
5660,5
40594,5
40582,5
15980,5
46502,5
46519,5
16003,5
38362,5
23364,5
36265,5
46544,5
46552,5
16045,5
20563,5
5458,5
16054,5
5410,5
16105,5
46633,5
23419,5
16129,5
5347,5
5344,5
25327,5
5324,5
91,5
5320,5
5319,5
5318,5
16155,5
40461,5
20533,5
32328,5
5260,5
20529,5
19708,5
25317,5
37880,5
46716,5
16193,5
23454,5
5220,5
46726,5
16204,5
40434,5
16208,5
40428,5
46760,5
5154,5
30141,5
20515,5
5121,5
32298,5
16250,5
32292,5
30166,5
30173,5
27176,5
16284,5
26086,5
5032,5
5030,5
35185,5
23510,5
26087,5
46860,5
4990,5
4980,5
16344,5
27149,5
30209,5
92,5
36156,5
34114,5
32266,5
36154,5
27135,5
40296,5
4852,5
34741,5
40282,5
27127,5
40273,5
19349,5
16448,5
16453,5
46985,5
30243,5
27121,5
46998,5
40249,5
30248,5
16481,5
4760,5
47009,5
4744,5
16491,5
20464,5
4725,5
16504,5
4696,5
40230,5
4690,5
4677,5
47051,5
23596,5
47056,5
16546,5
34138,5
47068,5
34139,5
4633,5
4622,5
4613,5
34143,5
36113,5
4572,5
4571,5
47109,5
16591,5
36104,5
20444,5
16603,5
37913,5
23640,5
16634,5
4509,5
34153,5
47146,5
34629,5
30313,5
4488,5
47165,5
16660,5
47183,5
16672,5
23657,5
36089,5
16692,5
4404,5
4395,5
34589,5
34173,5
4385,5
47218,5
4361,5
4359,5
47236,5
20403,5
23684,5
47276,5
16764,5
30377,5
16812,5
4200,5
25250,5
37944,5
32157,5
4181,5
35212,5
47343,5
4126,5
32148,5
30416,5
30417,5
32147,5
35215,5
4072,5
37961,5
36040,5
37962,5
47389,5
30436,5
30438,5
40003,5
36033,5
39999,5
30443,5
20354,5
16934,5
30448,5
36022,5
34728,5
36017,5
30458,5
37967,5
34215,5
47460,5
20342,5
3875,5
39946,5
39940,5
3853,5
26961,5
37969,5
20329,5
3795,5
38522,5
37974,5
39916,5
3766,5
17087,5
39914,5
37976,5
19580,5
17126,5
47581,5
17132,5
3684,5
47592,5
47594,5
3668,5
47603,5
19369,5
3653,5
20300,5
23882,5
47620,5
35959,5
34242,5
17196,5
3587,5
47653,5
3580,5
32074,5
47670,5
23912,5
32067,5
47678,5
3542,5
3538,5
39842,5
23930,5
3508,5
19569,5
17249,5
39819,5
32049,5
3440,5
19566,5
39793,5
3414,5
39788,5
35916,5
20235,5
26879,5
17378,5
30631,5
3286,5
182,5
17414,5
3249,5
30642,5
3239,5
3234,5
3227,5
35892,5
24006,5
3210,5
3206,5
17456,5
26849,5
32010,5
3159,5
35881,5
47879,5
3141,5
3133,5
47886,5
3103,5
3100,5
26841,5
38037,5
47914,5
3064,5
20189,5
30687,5
39641,5
39638,5
3000,5
26825,5
35453,5
39624,5
2958,5
2951,5
19383,5
17609,5
31968,5
38423,5
38517,5
17639,5
2887,5
2871,5
39583,5
35268,5
2851,5
2837,5
34319,5
39565,5
2803,5
35836,5
30757,5
2792,5
26156,5
48077,5
48081,5
26787,5
31920,5
24151,5
2697,5
48120,5
26775,5
24155,5
48145,5
17770,5
2654,5
26766,5
30800,5
31913,5
38082,5
20131,5
35807,5
38084,5
48194,5
31902,5
2548,5
48228,5
17841,5
2511,5
2507,5
17869,5
39433,5
2474,5
17892,5
48272,5
48274,5
2455,5
24201,5
17922,5
20093,5
17937,5
39393,5
2381,5
30864,5
17955,5
20085,5
17963,5
49623,5
48365,5
2330,5
48378,5
19524,5
2306,5
35760,5
24244,5
30891,5
34695,5
30895,5
2252,5
2246,5
25118,5
2223,5
25117,5
35753,5
39319,5
18068,5
39313,5
18076,5
26708,5
26707,5
2161,5
2159,5
18092,5
18096,5
18098,5
2125,5
2122,5
24293,5
48482,5
48499,5
30937,5
20048,5
39271,5
39268,5
48545,5
34387,5
48561,5
2013,5
48570,5
20035,5
1983,5
34390,5
18190,5
25098,5
1945,5
26672,5
34403,5
31816,5
18263,5
35460,5
35692,5
1840,5
38142,5
1832,5
18293,5
1789,5
49557,5
18317,5
1764,5
20006,5
48699,5
31037,5
48701,5
1720,5
1718,5
31047,5
39144,5
35319,5
24405,5
19995,5
34436,5
48758,5
18442,5
38162,5
1626,5
48774,5
1608,5
1606,5
48788,5
31786,5
1584,5
24426,5
31088,5
38505,5
48820,5
24452,5
1502,5
1501,5
1484,5
1466,5
48856,5
1428,5
1418,5
39011,5
24480,5
1389,5
18579,5
1372,5
24836,5
38986,5
24503,5
24505,5
1315,5
35638,5
18623,5
19716,5
1286,5
1262,5
38951,5
18662,5
1237,5
18671,5
25054,5
18678,5
18692,5
31170,5
18694,5
31175,5
49003,5
35615,5
19899,5
1113,5
24559,5
34481,5
34486,5
18791,5
1030,5
1029,5
38869,5
31227,5
973,5
31240,5
49160,5
49177,5
18870,5
905,5
49194,5
26240,5
49208,5
49584,5
31665,5
18924,5
787,5
19833,5
24641,5
34663,5
24642,5
35574,5
24647,5
18997,5
19001,5
684,5
38728,5
620,5
38721,5
38713,5
38711,5
25011,5
24681,5
38700,5
19077,5
38270,5
25009,5
556,5
19793,5
31348,5
26406,5
511,5
19791,5
49388,5
49394,5
31367,5
464,5
49407,5
19458,5
31590,5
31588,5
42983,5
42967,5
11956,5
11851,5
11966,5
11847,5
37209,5
21684,5
43023,5
25788,5
38623,5
11788,5
43061,5
11751,5
43069,5
43075,5
49666,5
11702,5
43092,5
43095,5
12062,5
25784,5
21657,5
11657,5
42885,5
42880,5
12095,5
33459,5
11592,5
21638,5
11551,5
11550,5
12161,5
43169,5
12171,5
17481,4
24023,4
24021,4
30939,4
39688,4
17474,4
37057,4
17473,4
39690,4
39701,4
17455,4
47850,4
3224,4
3228,4
30943,4
26858,4
47821,4
18154,4
39733,4
2032,4
20219,4
25711,4
3302,4
3320,4
26874,4
3329,4
17367,4
3346,4
11539,4
3370,4
3383,4
26884,4
2003,4
39778,4
47742,4
31530,4
3410,4
3415,4
39798,4
20038,4
20036,4
17298,4
24969,4
37058,4
17282,4
30582,4
17269,4
20256,4
11693,4
20258,4
38009,4
17226,4
12696,4
26303,4
3547,4
17217,4
18203,4
30550,4
34241,4
34721,4
17175,4
370,4
17174,4
48605,4
39880,4
26674,4
39881,4
26933,4
43572,4
30979,4
30980,4
3716,4
3723,4
3728,4
26663,4
39907,4
1901,4
35238,4
26950,4
32113,4
47523,4
19,4
18252,4
25224,4
39207,4
17045,4
26963,4
39952,4
3877,4
16989,4
23816,4
16983,4
36006,4
36007,4
3915,4
20346,4
36018,4
35226,4
20018,4
47437,4
1856,4
35447,4
42831,4
16944,4
16941,4
47424,4
23781,4
47420,4
47407,4
4027,4
4028,4
28259,4
32142,4
32144,4
16878,4
40029,4
16873,4
16872,4
30413,4
19403,4
4128,4
24381,4
16860,4
16849,4
49569,4
4157,4
40059,4
18299,4
4183,4
47306,4
34411,4
40071,4
32164,4
12653,4
39181,4
34191,4
4246,4
36075,4
16777,4
47288,4
43559,4
4270,4
27026,4
40093,4
1769,4
30359,4
36080,4
40096,4
48691,4
4299,4
16734,4
1759,4
40101,4
26202,4
16728,4
39171,4
47245,4
20412,4
1746,4
36087,4
34177,4
20415,4
12627,4
32182,4
34420,4
43548,4
34171,4
32188,4
32193,4
27047,4
30324,4
47188,4
4449,4
4484,4
1707,4
12586,4
47142,4
39143,4
30308,4
40155,4
18374,4
31050,4
16604,4
34149,4
20438,4
4563,4
20445,4
23629,4
10884,4
26605,4
47088,4
35196,4
32217,4
30283,4
39105,4
40197,4
16567,4
40200,4
1660,4
27091,4
20451,4
19983,4
16542,4
4672,4
39089,4
40222,4
23589,4
31522,4
25277,4
1636,4
40243,4
10903,4
4767,4
20472,4
46983,4
23559,4
23558,4
40290,4
31069,4
30231,4
46951,4
24416,4
21957,4
32258,4
46936,4
35187,4
18459,4
171,4
40325,4
40328,4
34440,4
24873,4
12552,4
4979,4
1580,4
27166,4
23512,4
24875,4
16298,4
31084,4
37887,4
24428,4
40387,4
28559,4
38324,4
38356,4
5087,4
34097,4
5096,4
35170,4
24802,4
12175,4
32305,4
5145,4
21941,4
36202,4
46751,4
5179,4
40430,4
40435,4
48829,4
34088,4
40447,4
19332,4
5267,4
27206,4
5292,4
5297,4
40468,4
25068,4
46678,4
28181,4
26077,4
1499,4
5352,4
37871,4
32342,4
48844,4
23408,4
24775,4
16058,4
30056,4
5452,4
37864,4
30052,4
30049,4
40526,4
27230,4
46550,4
37862,4
40547,4
5510,4
5512,4
34059,4
5526,4
36272,4
5541,4
40564,4
23350,4
26067,4
30029,4
37856,4
5596,4
46492,4
23346,4
15967,4
26565,4
46460,4
15941,4
5654,4
166,4
37846,4
15911,4
34030,4
1414,4
31131,4
40641,4
1404,4
23312,4
15859,4
5810,4
10986,4
40661,4
48911,4
5833,4
20618,4
46342,4
1381,4
18582,4
36308,4
29940,4
27301,4
33292,4
38183,4
40684,4
1363,4
11016,4
26550,4
48943,4
20627,4
18600,4
15774,4
23269,4
40713,4
1344,4
5979,4
5988,4
25366,4
29907,4
6019,4
28184,4
6028,4
15701,4
24501,4
27329,4
11056,4
6063,4
12472,4
38980,4
21762,4
11061,4
48962,4
29884,4
6116,4
42679,4
6117,4
6120,4
23227,4
6133,4
48968,4
11630,4
46151,4
6183,4
12166,4
35118,4
25382,4
1280,4
33982,4
27357,4
25394,4
36380,4
46073,4
29810,4
29809,4
40894,4
19740,4
42684,4
15492,4
1245,4
46008,4
37784,4
33963,4
42685,4
6446,4
45986,4
6464,4
6479,4
33962,4
15426,4
21899,4
38939,4
1223,4
6498,4
1221,4
45956,4
12453,4
31171,4
45947,4
45942,4
11108,4
11119,4
33456,4
33955,4
45931,4
19913,4
23108,4
15381,4
36416,4
20724,4
6603,4
19743,4
18704,4
23096,4
6620,4
23092,4
15347,4
18712,4
33941,4
23083,4
85,4
41014,4
6702,4
15306,4
15299,4
15291,4
15281,4
27436,4
35608,4
45833,4
15253,4
38462,4
6807,4
34782,4
25428,4
36454,4
32594,4
41071,4
23030,4
41081,4
20780,4
37735,4
41132,4
15104,4
24947,4
6952,4
36491,4
36492,4
38891,4
7025,4
7027,4
18764,4
7034,4
7037,4
49080,4
45705,4
32631,4
29606,4
33901,4
15007,4
22960,4
20813,4
14972,4
32649,4
22949,4
7184,4
11127,4
18788,4
41227,4
37122,4
35071,4
14914,4
7248,4
36525,4
14902,4
20841,4
43382,4
11144,4
49109,4
25996,4
24585,4
37281,4
7323,4
41288,4
41292,4
25992,4
26498,4
41307,4
7402,4
14807,4
36558,4
18809,4
7455,4
41321,4
7479,4
14770,4
41324,4
45426,4
29492,4
49142,4
7550,4
38851,4
45397,4
14718,4
45384,4
36573,4
36575,4
37652,4
7614,4
36577,4
947,4
35500,4
27580,4
34923,4
14693,4
7665,4
931,4
49162,4
22818,4
41411,4
18858,4
45308,4
14630,4
45300,4
45291,4
42716,4
19197,4
29430,4
29427,4
14599,4
18875,4
31245,4
32763,4
7817,4
882,4
45250,4
7833,4
45247,4
14570,4
22776,4
49197,4
41464,4
18896,4
45225,4
14530,4
34803,4
33850,4
7935,4
49206,4
37272,4
36631,4
7961,4
7973,4
25507,4
22734,4
14457,4
8009,4
8023,4
45145,4
41511,4
41512,4
32802,4
27648,4
19281,4
41547,4
8130,4
27666,4
14367,4
811,4
41560,4
32817,4
8156,4
8161,4
27672,4
27674,4
33821,4
35354,4
49223,4
29293,4
37593,4
783,4
41604,4
41622,4
8299,4
37583,4
8330,4
764,4
12188,4
49251,4
27704,4
27707,4
36669,4
21036,4
49482,4
44928,4
21046,4
27718,4
49256,4
36688,4
38781,4
37572,4
8457,4
14178,4
8466,4
35428,4
44884,4
29197,4
80,4
32891,4
49274,4
721,4
719,4
8504,4
11234,4
22602,4
36705,4
36706,4
36708,4
8540,4
22592,4
41724,4
14125,4
14122,4
44823,4
8600,4
25563,4
8651,4
27764,4
681,4
14062,4
29132,4
49297,4
26378,4
44742,4
49304,4
38261,4
36739,4
26438,4
27773,4
31301,4
27779,4
8821,4
26435,4
8822,4
49321,4
22516,4
8845,4
24663,4
41843,4
49641,4
44662,4
13915,4
37526,4
44652,4
44647,4
8938,4
31430,4
41878,4
13860,4
618,4
28478,4
38718,4
34997,4
38715,4
21154,4
27812,4
11269,4
9005,4
24784,4
13821,4
44564,4
41919,4
28474,4
22458,4
29037,4
36787,4
43291,4
9089,4
11318,4
36803,4
33726,4
49357,4
33721,4
28461,4
570,4
27846,4
19083,4
26417,4
9165,4
21178,4
24687,4
13711,4
28405,4
33714,4
26411,4
320,4
22407,4
36820,4
49362,4
19796,4
41989,4
538,4
44435,4
44434,4
26408,4
41992,4
25006,4
21191,4
11569,4
13651,4
19438,4
9289,4
25754,4
19247,4
33030,4
9301,4
504,4
38594,4
36840,4
42019,4
28973,4
497,4
22351,4
33034,4
44392,4
15,4
44373,4
31361,4
9433,4
44312,4
36877,4
9498,4
12269,4
42087,4
11363,4
21251,4
19432,4
24817,4
27922,4
19152,4
9588,4
19153,4
9602,4
13438,4
21606,4
27927,4
440,4
13432,4
25891,4
21264,4
13413,4
33667,4
27934,4
9706,4
13381,4
22232,4
38640,4
9727,4
417,4
22230,4
13359,4
9765,4
9767,4
21287,4
28857,4
26259,4
27950,4
44110,4
44108,4
44104,4
44102,4
34963,4
9865,4
9880,4
11923,4
21820,4
9929,4
21697,4
9959,4
42250,4
9982,4
28788,4
33150,4
24729,4
44006,4
13154,4
37392,4
10055,4
28327,4
24820,4
33435,4
43966,4
11867,4
25678,4
42999,4
43964,4
13103,4
10139,4
28409,4
11553,4
11846,4
10169,4
11413,4
49582,4
42330,4
42331,4
21712,4
10179,4
13047,4
21382,4
28341,4
43896,4
42339,4
36989,4
12176,4
10271,4
43835,4
42381,4
43828,4
12952,4
12933,4
12929,4
42937,4
38617,4
24931,4
37196,4
10392,4
25697,4
25856,4
28686,4
37225,4
42439,4
12876,4
10444,4
10456,4
11775,4
12851,4
10503,4
22055,4
10506,4
33213,4
28668,4
42473,4
10532,4
28293,4
12216,4
43062,4
12826,4
42924,4
10538,4
43224,4
21738,4
43682,4
28662,4
28661,4
11544,4
43071,4
21805,4
42922,4
10583,4
43667,4
18005,4
48392,4
2285,4
17989,4
39362,4
10632,4
2313,4
39367,4
17977,4
35773,4
48405,4
2400,4
30897,4
2417,4
12775,4
48276,4
30847,4
17880,4
2222,4
39325,4
17879,4
2217,4
34348,4
20102,4
34345,4
38114,4
2505,4
2208,4
31898,4
2204,4
30838,4
48234,4
39449,4
34621,4
30815,4
17799,4
18064,4
34341,4
34623,4
34340,4
34338,4
12037,4
39499,4
10661,4
43630,4
43625,4
26772,4
2673,4
2687,4
18082,4
48111,4
18086,4
39533,4
17718,4
24127,4
2145,4
48080,4
39306,4
39553,4
30917,4
48055,4
18097,4
28624,4
48050,4
48042,4
17673,4
2857,4
24108,4
24849,4
2881,4
369,4
17642,4
24090,4
39292,4
47997,4
49564,4
35859,4
2955,4
19725,4
37056,4
39622,4
47952,4
17575,4
39645,4
47922,4
20196,4
49607,4
39674,4
37326,4
17499,4
30660,4
17496,4
3127,4
15048,3
29624,3
24095,3
28667,3
252,3
45697,3
7062,3
7071,3
21597,3
45667,3
7110,3
11343,3
494,3
7127,3
33899,3
41211,3
7152,3
18081,3
14969,3
41224,3
34484,3
1061,3
29588,3
7207,3
7208,3
7214,3
7216,3
29583,3
44348,3
22937,3
19133,3
44335,3
26000,3
24581,3
36529,3
7291,3
45547,3
14879,3
33688,3
36871,3
41269,3
33051,3
473,3
49116,3
28663,3
38565,3
1014,3
45503,3
29542,3
7368,3
22905,3
25473,3
14801,3
31699,3
25983,3
14782,3
9524,3
22881,3
22879,3
259,3
7466,3
38860,3
460,3
12746,3
28206,3
18815,3
45430,3
38857,3
9529,3
7523,3
7541,3
14745,3
10572,3
38335,3
2059,3
41344,3
14735,3
3147,3
30654,3
17478,3
9569,3
14733,3
32709,3
28651,3
12051,3
450,3
49146,3
3121,3
17732,3
39526,3
33347,3
32719,3
17413,3
38842,3
942,3
3306,3
28291,3
21457,3
49154,3
10726,3
34285,3
39756,3
23971,3
26880,3
34388,3
20234,3
21458,3
3379,3
48567,3
19869,3
12393,3
31470,3
33865,3
22820,3
3402,3
42501,3
38599,3
31475,3
7686,3
41407,3
41410,3
26263,3
44192,3
28608,3
17297,3
41417,3
47724,3
18179,3
39598,3
39244,3
2737,3
18193,3
3517,3
32750,3
7742,3
22806,3
47690,3
23921,3
12112,3
47644,3
47634,3
14600,3
902,3
23885,3
36597,3
3623,3
23883,3
9707,3
39230,3
38107,3
14593,3
17147,3
39222,3
29420,3
34235,3
14589,3
3140,3
17139,3
25214,3
17128,3
26130,3
32097,3
31246,3
47563,3
30986,3
39665,3
35583,3
3734,3
19699,3
23855,3
29414,3
42156,3
26947,3
19582,3
32765,3
26953,3
32117,3
27611,3
30993,3
49421,3
49422,3
39344,3
3833,3
17005,3
22777,3
49423,3
30465,3
20941,3
42159,3
16979,3
7889,3
22226,3
47440,3
1859,3
2318,3
28860,3
35041,3
38808,3
21631,3
12200,3
39995,3
38040,3
26239,3
12064,3
4015,3
14484,3
39376,3
31013,3
20371,3
4110,3
24233,3
9790,3
27634,3
40033,3
11559,3
29355,3
13324,3
22728,3
31512,3
8019,3
4171,3
36059,3
40060,3
22725,3
16828,3
30392,3
4204,3
12777,3
1791,3
30670,3
29343,3
26731,3
16809,3
12120,3
26463,3
41522,3
17945,3
18916,3
14395,3
22709,3
8090,3
34181,3
9856,3
44084,3
45087,3
40095,3
35785,3
8132,3
17933,3
9889,3
23674,3
22192,3
34641,3
4360,3
48698,3
14362,3
44062,3
40111,3
803,3
35681,3
47215,3
42218,3
26632,3
4383,3
31971,3
13248,3
4420,3
41586,3
48709,3
40122,3
9907,3
38484,3
24395,3
37595,3
43542,3
35757,3
38493,3
16651,3
40137,3
27063,3
8240,3
12588,3
45022,3
4491,3
45021,3
16635,3
8250,3
49231,3
37589,3
4545,3
29280,3
35026,3
28167,3
30296,3
27087,3
27088,3
47092,3
12574,3
9954,3
8312,3
25079,3
38252,3
1666,3
25955,3
8328,3
47080,3
36120,3
48065,3
76,3
31791,3
49250,3
18424,3
2783,3
32228,3
33275,3
25131,3
42911,3
9994,3
24869,3
27109,3
25276,3
47032,3
25845,3
44951,3
10001,3
47007,3
18445,3
27712,3
24871,3
43501,3
10003,3
25282,3
48420,3
36682,3
49255,3
17904,3
43240,3
21048,3
4845,3
29232,3
33789,3
46948,3
21956,3
47908,3
48787,3
4901,3
12559,3
13144,3
25289,3
16368,3
344,3
30203,3
48794,3
36701,3
38619,3
27165,3
31080,3
31646,3
16312,3
13120,3
31780,3
5017,3
43976,3
20501,3
16287,3
28639,3
1561,3
41693,3
30168,3
16266,3
18047,3
17502,3
11955,3
36199,3
2218,3
32894,3
11861,3
37254,3
346,3
46762,3
46744,3
17588,3
33773,3
34958,3
701,3
1526,3
8593,3
39047,3
30102,3
170,3
8606,3
30093,3
25564,3
1512,3
40471,3
5308,3
19391,3
34081,3
46655,3
23429,3
10959,3
14075,3
21854,3
26441,3
25795,3
46610,3
40502,3
8679,3
43321,3
5395,3
24453,3
46589,3
10977,3
19642,3
27223,3
41761,3
11965,3
1474,3
37253,3
8702,3
16041,3
12529,3
12527,3
2811,3
16037,3
11967,3
672,3
2500,3
38173,3
37333,3
44738,3
8737,3
22549,3
40573,3
41790,3
2819,3
32377,3
24063,3
13993,3
40608,3
656,3
13990,3
15940,3
43118,3
27270,3
29111,3
31756,3
20594,3
22532,3
11486,3
15903,3
39440,3
46404,3
24189,3
1410,3
22121,3
33289,3
40643,3
5761,3
40652,3
31133,3
19737,3
13953,3
34761,3
42845,3
22519,3
42656,3
40667,3
20616,3
21920,3
49542,3
35402,3
29945,3
11975,3
37231,3
39006,3
27795,3
48918,3
2066,3
5881,3
8864,3
11528,3
18588,3
5893,3
44655,3
35442,3
41850,3
31489,3
20623,3
48236,3
48934,3
26551,3
1355,3
43883,3
15781,3
44646,3
13006,3
5946,3
10701,3
5975,3
40729,3
8962,3
24493,3
35358,3
15722,3
6024,3
43088,3
10285,3
15711,3
49656,3
19216,3
12977,3
40764,3
28298,3
28718,3
37816,3
40769,3
46195,3
28717,3
28477,3
41905,3
40801,3
20657,3
39460,3
41916,3
43833,3
15642,3
32482,3
25377,3
6180,3
21398,3
1288,3
41923,3
31901,3
6222,3
32496,3
32992,3
6254,3
6302,3
2193,3
29029,3
37000,3
27375,3
27376,3
20688,3
6354,3
33201,3
44515,3
46038,3
18657,3
42682,3
46016,3
38092,3
33723,3
20702,3
11425,3
574,3
40903,3
37789,3
32530,3
39629,3
26809,3
6453,3
33717,3
37005,3
38421,3
41962,3
41964,3
43410,3
2598,3
562,3
1220,3
37154,3
40949,3
25161,3
40953,3
48169,3
6554,3
39651,3
34985,3
38589,3
20722,3
12423,3
38591,3
29741,3
18705,3
49365,3
9240,3
10458,3
9241,3
49020,3
45895,3
38317,3
6662,3
22391,3
45872,3
6683,3
6688,3
48153,3
6697,3
22060,3
43731,3
15307,3
48445,3
13667,3
41016,3
13665,3
36439,3
49043,3
9256,3
45843,3
6761,3
6771,3
22383,3
11337,3
31191,3
27447,3
31192,3
29680,3
2083,3
6816,3
33711,3
6838,3
13657,3
6853,3
2645,3
9278,3
23027,3
9288,3
37747,3
10512,3
45749,3
27480,3
42005,3
18753,3
28669,3
6963,3
48009,3
11126,3
1102,3
25617,3
44693,2
47756,2
9052,2
29863,2
23317,2
29857,2
40263,2
12300,2
27350,2
10698,2
40274,2
24119,2
43492,2
38441,2
3437,2
46954,2
46385,2
35929,2
18177,2
3448,2
14640,2
7726,2
23946,2
48760,2
18003,2
48782,2
21271,2
29639,2
37533,2
34342,2
46110,2
10206,2
18697,2
36595,2
32066,2
34250,2
33377,2
17198,2
6559,2
23890,2
29838,2
13387,2
48063,2
34438,2
17885,2
46905,2
49453,2
40324,2
10657,2
30537,2
6267,2
40851,2
21581,2
3659,2
26936,2
42338,2
2791,2
47588,2
46871,2
24298,2
19400,2
29216,2
17127,2
36382,2
9304,2
44453,2
43128,2
17113,2
20311,2
38112,2
26127,2
32764,2
41128,2
23858,2
33447,2
12059,2
30181,2
2484,2
46835,2
44452,2
30493,2
38816,2
20692,2
20325,2
2796,2
38373,2
19925,2
26958,2
11713,2
25700,2
5894,2
17483,2
3832,2
48924,2
43360,2
17013,2
24540,2
30466,2
18492,2
49014,2
35573,2
10688,2
49196,2
22229,2
45238,2
9228,2
27619,2
10225,2
49631,2
25911,2
5143,2
49541,2
25873,2
14527,2
31811,2
30139,2
36715,2
41142,2
25790,2
18506,2
3980,2
41493,2
6733,2
4012,2
5936,2
44140,2
26992,2
4046,2
21990,2
30711,2
4077,2
40437,2
12841,2
4104,2
28744,2
16195,2
24106,2
32795,2
43250,2
33710,2
33014,2
40037,2
42313,2
33263,2
6751,2
43342,2
5273,2
4170,2
24383,2
12335,2
28027,2
8634,2
43315,2
20394,2
16151,2
27641,2
10262,2
15456,2
16811,2
33406,2
21151,2
224,2
49627,2
29339,2
16488,2
24953,2
33762,2
30367,2
4273,2
46238,2
44598,2
8675,2
20543,2
3046,2
43416,2
22704,2
12649,2
38552,2
47266,2
40747,2
49367,2
38791,2
16090,2
46600,2
6671,2
32176,2
22100,2
46588,2
46214,2
33266,2
32351,2
6675,2
8682,2
44597,2
9305,2
24650,2
38213,2
7032,2
6488,2
10533,2
17761,2
41573,2
4415,2
7066,2
11328,2
46563,2
14329,2
38123,2
41193,2
36509,2
38744,2
19399,2
21396,2
25145,2
28308,2
25621,2
1066,2
25719,2
14964,2
40766,2
42767,2
28964,2
20002,2
42031,2
28809,2
3018,2
44582,2
14046,2
29290,2
7245,2
33889,2
21161,2
29563,2
21441,2
23366,2
28166,2
45545,2
48052,2
35356,2
13538,2
5543,2
34962,2
34572,2
27911,2
38474,2
32567,2
18114,2
13501,2
45509,2
26734,2
15986,2
44569,2
10311,2
49238,2
45479,2
9512,2
10672,2
2817,2
36886,2
7422,2
29522,2
45963,2
36556,2
20881,2
48113,2
34147,2
36887,2
8749,2
13491,2
13222,2
19994,2
38931,2
30289,2
22874,2
2711,2
9029,2
34777,2
31057,2
44243,2
45952,2
11150,2
31544,2
7534,2
27263,2
40609,2
5643,2
965,2
9555,2
39098,2
31757,2
43388,2
8782,2
46447,2
15639,2
47071,2
40809,2
6169,2
4650,2
11466,2
14263,2
46430,2
19952,2
12417,2
24143,2
17910,2
1291,2
7634,2
10593,2
8343,2
34352,2
441,2
36297,2
15408,2
32721,2
29713,2
8353,2
48558,2
30253,2
44960,2
31753,2
28428,2
36584,2
35611,2
4737,2
46741,1
19259,1
23653,1
18001,1
30068,1
43778,1
12372,1
22747,1
32464,1
24348,1
44748,1
42235,1
45273,1
23741,1
44986,1
33421,1
43144,1
25888,1
7626,1
36998,1
11254,1
16639,1
28486,1
16790,1
11099,1
20759,1
5255,1
6062,1
6320,1
26117,1
38276,1
44982,1
34331,1
38977,1
45380,1
15388,1
3117,1
30343,1
46278,1
34463,1
1002,1
1908,1
44495,1
37088,1
14756,1
37981,1
41967,1
10260,1
4417,1
9818,1
25248,1
28504,1
35890,1
48343,1
42464,1
21440,1
39759,1
4626,1
37014,1
10270,1
45378,1
26627,1
10584,1
23624,1
5081,1
3831,1
17585,1
30087,1
49487,1
14020,1
18538,1
25482,1
31333,1
45893,1
15901,1
6681,1
12718,1
6786,1
27512,1
48151,1
25441,1
12823,1
16461,1
43098,1
48211,1
36079,1
3426,1
35542,1
31254,1
32126,1
40744,1
21428,1
30149,1
24402,1
31465,1
7712,1
41800,1
33440,1
32021,1
15877,1
46379,1
11356,1
34785,1
9342,1
20223,1
21483,1
30451,1
48461,1
34211,1
38045,1
20264,1
26268,1
37660,1
42206,1
8435,1
2769,1
10806,1
28818,1
4908,1
39522,1
14128,1
47680,1
13397,1
14607,1
47408,1
35952,1
14485,1
45400,1
7198,1
33097,1
4558,1
,0
